index,train-micro-misclf-rate,test-micro-misclf-rate,train-macro-misclf-rate,test-macro-misclf-rate,n-labeled-samples,n-true-labels-0,n-false-labels-0,n-true-labels-1,n-false-labels-1,n-true-labels-2,n-false-labels-2,n-true-labels-3,n-false-labels-3,n-true-labels-4,n-false-labels-4,n-true-labels,n-false-labels,times
0,0.7111111111111111,0.7518518518518519,0.7223988277482539,0.7244837069323371,0,0,0,0,0,0,0,0,0,0,0,0,0,0.0
1,0.745679012345679,0.7925925925925926,0.7384393063583815,0.7303030303030303,1,1,0,0,0,0,0,0,0,0,0,1,0,0.11333203315734863
2,0.5481481481481482,0.5703703703703704,0.6433815028901735,0.65,2,1,0,0,0,0,0,0,0,1,0,2,0,0.09809303283691406
3,0.6987654320987654,0.7407407407407407,0.7210982658959537,0.7208333333333333,2,1,0,0,0,0,0,1,0,1,0,3,0,0.11494302749633789
4,0.6271604938271605,0.6666666666666666,0.676300578034682,0.6820075757575758,3,1,0,0,0,1,0,1,0,1,0,4,0,0.07877612113952637
5,0.6641975308641975,0.6962962962962963,0.6616884697292365,0.6681818181818182,4,1,0,0,1,1,0,1,0,1,0,4,1,0.08243131637573242
6,0.6592592592592592,0.7148148148148148,0.7034017955970975,0.7408779576587796,4,1,0,0,1,2,0,1,0,1,0,5,1,0.08376884460449219
7,0.6419753086419753,0.7074074074074074,0.6835260115606936,0.7024621212121211,4,1,1,0,1,2,0,1,0,1,0,5,2,0.0830678939819336
8,0.6617283950617284,0.737037037037037,0.7048468823022999,0.7522571606475715,4,1,1,0,1,2,0,2,0,1,0,6,2,0.07781696319580078
9,0.5975308641975309,0.6259259259259259,0.6575854753412864,0.6615530303030303,5,2,1,0,1,2,0,2,0,1,0,7,2,0.07753992080688477
10,0.5604938271604938,0.5962962962962963,0.6861994219653179,0.7113636363636364,5,2,1,0,1,2,0,2,0,1,1,7,3,0.09293699264526367
11,0.5456790123456791,0.5888888888888889,0.6080014758332308,0.6591298256537983,6,2,1,0,1,2,0,3,0,1,1,8,3,0.09054899215698242
12,0.5259259259259259,0.5777777777777777,0.5820354199975403,0.6477532171025322,6,2,1,0,1,3,0,3,0,1,1,9,3,0.09194803237915039
13,0.582716049382716,0.6074074074074074,0.6264244865330219,0.6655225197177252,7,2,1,0,1,3,0,4,0,1,1,10,3,0.08930778503417969
14,0.5679012345679012,0.6,0.6159632886483827,0.6553108136156081,8,2,1,0,1,3,0,5,0,1,1,11,3,0.09102797508239746
15,0.5358024691358024,0.5925925925925926,0.603985364653794,0.6627750103777501,9,2,1,0,1,3,0,5,1,1,1,11,4,0.09020185470581055
16,0.5358024691358024,0.5666666666666667,0.5853867912925839,0.6361379202988792,10,2,1,0,1,4,0,5,1,1,1,12,4,0.09046387672424316
17,0.49876543209876545,0.5296296296296297,0.584675931619727,0.6340831257783313,11,2,1,0,1,5,0,5,1,1,1,13,4,0.08785367012023926
18,0.5185185185185185,0.5222222222222223,0.5854037018816873,0.6165032171025322,12,3,1,0,1,5,0,5,1,1,1,14,4,0.09060502052307129
19,0.5160493827160494,0.5185185185185185,0.5748099864715287,0.6043508717310087,13,4,1,0,1,5,0,5,1,1,1,15,4,0.08313798904418945
20,0.49876543209876545,0.5111111111111111,0.5803588119542492,0.614038501452885,13,5,1,0,1,5,0,5,1,1,1,16,4,0.08599710464477539
21,0.4839506172839506,0.4888888888888889,0.6073514942811462,0.6261415525114156,13,5,2,0,1,5,0,5,1,1,1,16,5,0.08873486518859863
22,0.4740740740740741,0.4740740740740741,0.5785669044397983,0.6043949771689497,13,5,2,0,1,5,0,5,1,2,1,17,5,0.08597207069396973
23,0.48148148148148145,0.4666666666666667,0.5750390480875661,0.589038501452885,14,5,2,0,1,5,0,5,1,3,1,18,5,0.08728909492492676
24,0.47160493827160493,0.5037037037037037,0.545031053990899,0.5942169987546699,15,5,2,0,1,5,0,5,1,4,1,19,5,0.08729410171508789
25,0.5012345679012346,0.5111111111111111,0.564792153486656,0.5914383561643836,15,5,2,0,1,5,0,5,1,5,1,20,5,0.08398604393005371
26,0.48148148148148145,0.5,0.567805312999631,0.5898739103362391,16,5,2,0,1,5,0,5,1,6,1,21,5,0.08349204063415527
27,0.4962962962962963,0.4888888888888889,0.6085401549624893,0.6030821917808219,17,5,2,0,1,5,0,5,1,6,2,21,6,0.08587098121643066
28,0.4617283950617284,0.4962962962962963,0.5664038863608413,0.590675591531756,18,5,2,0,1,5,0,5,1,7,2,22,6,0.08336734771728516
29,0.43950617283950616,0.4703703703703704,0.5282840364038863,0.5599963677874636,18,5,2,0,1,5,0,5,1,8,2,23,6,0.0816340446472168
30,0.4691358024691358,0.45925925925925926,0.5722195916861395,0.5689601494396015,18,5,2,0,1,5,0,5,1,9,2,24,6,0.08532500267028809
31,0.43950617283950616,0.45925925925925926,0.5407480629688846,0.557090597758406,19,5,2,0,1,5,0,5,1,10,2,25,6,0.0864400863647461
32,0.43209876543209874,0.43333333333333335,0.5224151395892264,0.5252905770029058,20,6,2,0,1,5,0,5,1,10,2,26,6,0.08262801170349121
33,0.41975308641975306,0.44074074074074077,0.4903502029270692,0.5196269198837692,21,7,2,0,1,5,0,5,1,10,2,27,6,0.08084392547607422
34,0.454320987654321,0.45555555555555555,0.5134359242405608,0.5333437110834371,22,8,2,0,1,5,0,5,1,10,2,28,6,0.08070707321166992
35,0.4567901234567901,0.43333333333333335,0.5138882056327635,0.5020470112079701,23,9,2,0,1,5,0,5,1,10,2,29,6,0.08024382591247559
36,0.43703703703703706,0.4444444444444444,0.4994819210429221,0.5087380655873807,24,9,2,0,1,5,0,6,1,10,2,30,6,0.07773590087890625
37,0.41728395061728396,0.43703703703703706,0.49610349280531296,0.5150814653383147,24,10,2,0,1,5,0,6,1,10,2,31,6,0.0763709545135498
38,0.40987654320987654,0.44074074074074077,0.4922469560939614,0.521409298464093,25,11,2,0,1,5,0,6,1,10,2,32,6,0.07910394668579102
39,0.4148148148148148,0.44074074074074077,0.49570440290247203,0.5153642590286426,26,12,2,0,1,5,0,6,1,10,2,33,6,0.07627391815185547
40,0.4123456790123457,0.4444444444444444,0.5013602262944288,0.5243747405562473,27,12,2,0,1,5,0,6,1,11,2,34,6,0.07445716857910156
41,0.4024691358024691,0.4074074074074074,0.5028668060509163,0.5086861768368618,28,12,2,0,1,5,0,7,1,11,2,35,6,0.07607603073120117
42,0.4024691358024691,0.40370370370370373,0.514222727831755,0.5222758405977583,29,12,2,0,1,5,0,7,1,12,2,36,6,0.0774228572845459
43,0.4345679012345679,0.42962962962962964,0.5116796826958554,0.5268083229555832,30,12,2,0,1,5,0,7,1,13,2,37,6,0.07973027229309082
44,0.4148148148148148,0.4111111111111111,0.49149366621571766,0.4980360107928601,30,12,2,0,1,5,0,7,1,14,2,38,6,0.07927894592285156
45,0.4271604938271605,0.4111111111111111,0.5162006518263437,0.5040628891656289,31,12,2,0,1,5,0,7,1,14,3,38,7,0.0753178596496582
46,0.41975308641975306,0.4222222222222222,0.5166612347804698,0.5250856164383562,32,12,2,0,1,5,0,7,1,15,3,39,7,0.07714295387268066
47,0.43950617283950616,0.42962962962962964,0.5302696470298857,0.5263491075134911,33,12,2,0,1,5,0,7,2,15,3,39,8,0.07785606384277344
48,0.4345679012345679,0.42962962962962964,0.5414746033698192,0.5453663345786633,34,12,2,0,1,5,0,7,2,15,4,39,9,0.07728266716003418
49,0.4345679012345679,0.42962962962962964,0.5414746033698192,0.5426836861768369,35,12,2,0,1,5,1,7,2,15,4,39,10,0.07823991775512695
50,0.43209876543209874,0.4444444444444444,0.5479636576066905,0.5724963677874637,36,12,2,0,1,5,1,7,2,15,5,39,11,0.07660508155822754
51,0.454320987654321,0.45925925925925926,0.5716071208953388,0.5991853466168535,37,12,2,0,1,5,1,7,3,15,5,39,12,0.07751297950744629
52,0.454320987654321,0.4740740740740741,0.5553832958980899,0.6043949771689497,38,12,2,0,1,6,1,7,3,15,5,40,12,0.07926201820373535
53,0.43703703703703706,0.43333333333333335,0.5423524166769155,0.5483499377334994,38,12,2,0,1,6,1,8,3,15,5,41,12,0.08655381202697754
54,0.43703703703703706,0.4444444444444444,0.5333898044520969,0.5579623287671233,39,12,2,0,1,6,1,9,3,15,5,42,12,0.07973504066467285
55,0.45185185185185184,0.4703703703703704,0.5343656991759931,0.5803912411789124,40,12,2,0,1,6,1,10,3,15,5,43,12,0.07708597183227539
56,0.4962962962962963,0.48148148148148145,0.5637990407083999,0.5871004566210045,40,12,2,0,1,6,1,10,4,15,5,43,13,0.07470703125
57,0.48641975308641977,0.4962962962962963,0.5451291354076989,0.5784194686591947,40,13,2,0,1,6,1,10,4,15,5,44,13,0.07909393310546875
58,0.45185185185185184,0.45555555555555555,0.5278766449391219,0.5498988169364882,41,14,2,0,1,6,1,10,4,15,5,45,13,0.07714605331420898
59,0.4469135802469136,0.46296296296296297,0.5354381379904072,0.5681584682440847,42,14,3,0,1,6,1,10,4,15,5,45,14,0.07630228996276855
60,0.4617283950617284,0.4666666666666667,0.5398268970606321,0.568238895807389,42,14,3,0,1,6,1,10,4,16,5,46,14,0.07677578926086426
61,0.4617283950617284,0.45925925925925926,0.5377170704710368,0.5591479867164799,43,14,3,0,1,6,1,10,4,16,6,46,15,0.07671594619750977
62,0.4740740740740741,0.4666666666666667,0.5391892141188046,0.5592906807804068,43,14,3,0,1,6,1,10,4,17,6,47,15,0.0751638412475586
63,0.5061728395061729,0.5185185185185185,0.5625927412307673,0.5957503113325032,44,14,3,0,1,7,1,10,4,17,6,48,15,0.07498693466186523
64,0.5012345679012346,0.4962962962962963,0.5658203173041446,0.5965545869655459,45,14,3,0,1,8,1,10,4,17,6,49,15,0.07484889030456543
65,0.47901234567901235,0.4740740740740741,0.5510684417660805,0.5697229140722291,45,14,3,0,1,8,1,10,4,18,6,50,15,0.07551407814025879
66,0.4567901234567901,0.4185185185185185,0.5410324683310787,0.525703092569531,45,14,3,0,1,8,1,10,4,18,7,50,16,0.07663273811340332
67,0.4641975308641975,0.42592592592592593,0.5438340917476325,0.5296492320464923,46,14,3,0,1,8,1,10,4,19,7,51,16,0.07705283164978027
68,0.4765432098765432,0.4777777777777778,0.5502616529332185,0.5731475716064757,47,14,3,0,1,8,1,10,4,20,7,52,16,0.08563876152038574
69,0.4567901234567901,0.4185185185185185,0.5306429098511868,0.5071269198837692,48,14,3,0,1,8,1,10,4,21,7,53,16,0.0772709846496582
70,0.4246913580246914,0.4,0.5105448284343869,0.4906652137816521,48,14,3,0,1,8,1,10,4,22,7,54,16,0.07581615447998047
71,0.43209876543209874,0.4,0.508000860902718,0.48462017434620175,48,15,3,0,1,8,1,10,4,22,7,55,16,0.07547116279602051
72,0.42962962962962964,0.4111111111111111,0.5034885007994097,0.4931117683686177,48,16,3,0,1,8,1,10,4,22,7,56,16,0.07291173934936523
73,0.4222222222222222,0.4,0.5010324683310786,0.4906652137816521,48,16,4,0,1,8,1,10,4,22,7,56,17,0.07429885864257812
74,0.4024691358024691,0.42962962962962964,0.4891882917230353,0.5133587588210876,49,16,4,0,1,8,1,10,4,23,7,57,17,0.0751349925994873
75,0.39012345679012345,0.4074074074074074,0.4878757225433526,0.5048827314238273,50,16,4,0,1,8,1,10,4,23,8,57,18,0.07762670516967773
76,0.4,0.4111111111111111,0.5021574837043414,0.5083073889580739,51,16,4,0,1,8,1,10,4,24,8,58,18,0.08134007453918457
77,0.3950617283950617,0.42962962962962964,0.48849649489607677,0.5147000830220008,51,17,4,0,1,8,1,10,4,24,8,59,18,0.0755767822265625
78,0.3925925925925926,0.4222222222222222,0.4891612347804698,0.5105334163553341,51,18,4,0,1,8,1,10,4,24,8,60,18,0.07591700553894043
79,0.39012345679012345,0.362962962962963,0.5013325544213504,0.48614829804898296,52,19,4,0,1,8,1,10,4,24,8,61,18,0.07537102699279785
80,0.38765432098765434,0.37407407407407406,0.49439121879227643,0.4894951224574512,52,20,4,0,1,8,1,10,4,24,8,62,18,0.07621502876281738
81,0.36790123456790125,0.37037037037037035,0.4768912187922765,0.4800254254877543,52,20,5,0,1,8,1,10,4,24,8,62,19,0.07613921165466309
82,0.37037037037037035,0.34814814814814815,0.48766203419013654,0.4737909921129099,52,21,5,0,1,8,1,10,4,24,8,63,19,0.07539892196655273
83,0.3530864197530864,0.36666666666666664,0.4840975894723896,0.4969593192195932,52,21,6,0,1,8,1,10,4,24,8,63,20,0.07355403900146484
84,0.36790123456790125,0.362962962962963,0.4907557496002952,0.49107254047322546,52,21,6,0,1,9,1,10,4,24,8,64,20,0.07465195655822754
85,0.37777777777777777,0.362962962962963,0.4955786496125938,0.49175228310502284,53,22,6,0,1,9,1,10,4,24,8,65,20,0.07729101181030273
86,0.3654320987654321,0.35185185185185186,0.47934663633009467,0.4740919468659195,54,23,6,0,1,9,1,10,4,24,8,66,20,0.07718396186828613
87,0.36790123456790125,0.35185185185185186,0.4755435985733612,0.471409298464093,55,23,6,0,1,9,1,11,4,24,8,67,20,0.07486605644226074
88,0.35802469135802467,0.35185185185185186,0.47074714057311523,0.4790161892901619,56,23,6,0,1,9,1,11,4,25,8,68,20,0.07502603530883789
89,0.36049382716049383,0.36666666666666664,0.4833532160865822,0.502563304275633,57,23,7,0,1,9,1,11,4,25,8,68,21,0.07446002960205078
90,0.36049382716049383,0.3814814814814815,0.502377321362686,0.5198448526359485,58,23,7,0,1,9,1,11,4,26,8,69,21,0.07531499862670898
91,0.34814814814814815,0.3925925925925926,0.49587873570286556,0.5343633250311333,59,24,7,0,1,9,1,11,4,26,8,70,21,0.07404804229736328
92,0.35555555555555557,0.37777777777777777,0.49187215594637806,0.513057804068078,60,24,7,0,1,9,1,11,4,27,8,71,21,0.07321882247924805
93,0.36790123456790125,0.37407407407407406,0.4875999262083385,0.5056091739310917,60,24,7,0,1,9,1,11,4,28,8,72,21,0.07490420341491699
94,0.3802469135802469,0.3814814814814815,0.5011812815151888,0.5167211498547115,61,24,7,0,1,9,1,11,4,29,8,73,21,0.07789993286132812
95,0.3654320987654321,0.37407407407407406,0.48681957938752923,0.5116542133665422,62,24,7,0,1,9,1,11,4,30,8,74,21,0.07874202728271484
96,0.36790123456790125,0.37037037037037035,0.4871387283236994,0.5071087588210876,62,24,7,0,1,9,1,11,4,30,9,74,22,0.07280802726745605
97,0.36049382716049383,0.3592592592592593,0.480028901734104,0.4898894769613948,63,24,7,0,1,9,1,11,4,31,9,75,22,0.0748147964477539
98,0.35555555555555557,0.3592592592592593,0.483601340548518,0.49257212536322126,64,24,7,1,1,9,1,11,4,31,9,76,22,0.07616710662841797
99,0.3506172839506173,0.36666666666666664,0.4719791538556143,0.49271481942714823,65,24,7,1,2,9,1,11,4,31,9,76,23,0.07727837562561035
100,0.36049382716049383,0.37777777777777777,0.4726534251629566,0.4947203196347032,65,24,7,2,2,9,1,11,4,31,9,77,23,0.07484912872314453
101,0.38271604938271603,0.42592592592592593,0.4954990161111794,0.5495667289331673,65,24,7,2,3,9,1,11,4,31,9,77,24,0.07789087295532227
102,0.35802469135802467,0.3925925925925926,0.47641188045750826,0.5144639892071399,65,24,7,3,3,9,1,11,4,31,9,78,24,0.07749795913696289
103,0.3728395061728395,0.3814814814814815,0.4819176608043291,0.4979244499792445,66,24,7,4,3,9,1,11,4,31,9,79,24,0.07450699806213379
104,0.38765432098765434,0.4111111111111111,0.4801629565859058,0.5137090078870901,66,24,7,5,3,9,1,11,4,31,9,80,24,0.07424211502075195
105,0.44938271604938274,0.45185185185185184,0.5283818103554299,0.5565613325031133,66,24,7,5,4,9,1,11,4,31,9,80,25,0.07664108276367188
106,0.4123456790123457,0.44814814814814813,0.5117940597712459,0.5600638231631382,66,24,7,6,4,9,1,11,4,31,9,81,25,0.07692909240722656
107,0.37037037037037035,0.40370370370370373,0.4837083384577543,0.5204934620174346,66,24,7,7,4,9,1,11,4,31,9,82,25,0.07492184638977051
108,0.3851851851851852,0.40370370370370373,0.48598727093838395,0.5097628684101286,67,24,7,7,5,9,1,11,4,31,9,82,26,0.0745398998260498
109,0.3851851851851852,0.4074074074074074,0.48431158529086216,0.510725404732254,67,24,7,7,6,9,1,11,4,31,9,82,27,0.07285094261169434
110,0.39753086419753086,0.4185185185185185,0.4912178698807035,0.513851701951017,67,24,7,8,6,9,1,11,4,31,9,83,27,0.07287335395812988
111,0.4839506172839506,0.4777777777777778,0.5517156561308573,0.5716038812785388,67,24,7,8,7,9,1,11,4,31,9,83,28,0.07970190048217773
112,0.5851851851851851,0.562962962962963,0.6334718976755627,0.6484044209215442,68,24,7,9,7,9,1,11,4,31,9,84,28,0.07371997833251953
113,0.5481481481481482,0.5444444444444444,0.5962910466117329,0.6234355541718556,69,24,7,10,7,9,1,11,4,31,9,85,28,0.07324504852294922
114,0.49135802469135803,0.5037037037037037,0.5405728077727218,0.5718555417185555,69,24,7,11,7,9,1,11,4,31,9,86,28,0.07642102241516113
115,0.44938271604938274,0.44074074074074077,0.5179037018816874,0.5232279991697799,70,24,7,11,8,9,1,11,4,31,9,86,29,0.075042724609375
116,0.454320987654321,0.43703703703703706,0.5216181896445702,0.5321139476961395,70,24,7,12,8,9,1,11,4,31,9,87,29,0.07457184791564941
117,0.48641975308641977,0.48518518518518516,0.54171627106137,0.5614388750518887,71,24,7,13,8,9,1,11,4,31,9,88,29,0.07538580894470215
118,0.4740740740740741,0.46296296296296297,0.5291452465871357,0.5393109173931092,71,24,7,13,8,9,2,11,4,31,9,88,30,0.07341980934143066
119,0.4617283950617284,0.45555555555555555,0.5216452465871356,0.5315613325031132,71,24,7,14,8,9,2,11,4,31,9,89,30,0.07349300384521484
120,0.4666666666666667,0.4444444444444444,0.5267337965809864,0.5228492112909922,71,24,7,14,8,10,2,11,4,31,9,90,30,0.0738370418548584
121,0.45925925925925926,0.42962962962962964,0.5273275119911449,0.515857202158572,71,24,7,14,9,10,2,11,4,31,9,90,31,0.07408404350280762
122,0.4469135802469136,0.4222222222222222,0.5112725986963473,0.504524699045247,72,24,7,14,9,10,2,11,5,31,9,90,32,0.07524871826171875
123,0.45925925925925926,0.46296296296296297,0.5179482843438692,0.533486405147364,73,24,7,14,9,10,2,11,6,31,9,90,33,0.07195091247558594
124,0.47160493827160493,0.4703703703703704,0.5314146476448162,0.5434775840597759,73,24,7,14,9,10,2,11,7,31,9,90,34,0.07300496101379395
125,0.4567901234567901,0.43333333333333335,0.5275135284712829,0.5289098173515981,73,24,7,14,9,11,2,11,7,31,9,91,34,0.07511711120605469
126,0.3950617283950617,0.4111111111111111,0.4947727831755012,0.5186332503113324,73,24,7,14,9,12,2,11,7,31,9,92,34,0.08227705955505371
127,0.39012345679012345,0.42592592592592593,0.4993555528225311,0.5415006226650062,73,24,7,14,9,13,2,11,7,31,9,93,34,0.07575678825378418
128,0.3950617283950617,0.44074074074074077,0.5042670028286803,0.5567792652552926,73,24,7,14,9,14,2,11,7,31,9,94,34,0.07310700416564941
129,0.4074074074074074,0.45185185185185184,0.5165364038863609,0.5730982772934827,73,24,7,14,9,15,2,11,7,31,9,95,34,0.07479095458984375
130,0.39753086419753086,0.44074074074074077,0.5113943549378921,0.5610237650477377,73,24,7,14,9,16,2,11,7,31,9,96,34,0.07412934303283691
131,0.4024691358024691,0.43703703703703706,0.5088503874062231,0.5526748650892487,74,24,7,14,9,17,2,11,7,31,9,97,34,0.07362914085388184
132,0.4123456790123457,0.44074074074074077,0.51981675070717,0.5545376712328767,74,24,7,14,9,17,3,11,7,31,9,97,35,0.07467174530029297
133,0.4123456790123457,0.43333333333333335,0.5143380273029148,0.5459059775840597,74,24,7,14,9,18,3,11,7,31,9,98,35,0.07312178611755371
134,0.4148148148148148,0.43333333333333335,0.5172282007133193,0.5459059775840597,74,24,7,14,9,18,4,11,7,31,9,98,36,0.07303118705749512
135,0.41975308641975306,0.42962962962962964,0.5208541384823515,0.5471850352843504,74,24,8,14,9,18,4,11,7,31,9,98,37,0.0747370719909668
136,0.42962962962962964,0.45185185185185184,0.5299587996556389,0.5697540473225404,75,24,8,15,9,18,4,11,7,31,9,99,37,0.07441473007202148
137,0.4123456790123457,0.42962962962962964,0.5138328618866068,0.5404602532171026,75,25,8,15,9,18,4,11,7,31,9,100,37,0.07195496559143066
138,0.4024691358024691,0.4222222222222222,0.5030970975279794,0.5324901411374015,75,26,8,15,9,18,4,11,7,31,9,101,37,0.07251095771789551
139,0.4148148148148148,0.43703703703703706,0.5177779485918091,0.5493306351183063,76,26,8,15,9,18,4,11,8,31,9,101,38,0.07310199737548828
140,0.4074074074074074,0.44074074074074077,0.5105525150657976,0.5552174138646742,76,26,8,16,9,18,4,11,8,31,9,102,38,0.07237505912780762
141,0.4148148148148148,0.44814814814814813,0.5172282007133193,0.565208592777086,77,26,8,17,9,18,4,11,8,31,9,103,38,0.07222604751586914
142,0.4222222222222222,0.45925925925925926,0.5245686262452343,0.5810865504358655,77,26,8,17,10,18,4,11,8,31,9,103,39,0.07386422157287598
143,0.43703703703703706,0.4666666666666667,0.5347106751937031,0.5899569323370694,77,26,8,17,10,18,4,11,9,31,9,103,40,0.0730750560760498
144,0.43950617283950616,0.4740740740740741,0.5372106751937031,0.594123599003736,77,26,8,17,10,18,5,11,9,31,9,103,41,0.07254600524902344
145,0.43209876543209874,0.45925925925925926,0.5312443118927561,0.5759417808219178,78,26,8,18,10,18,5,11,9,31,9,104,41,0.07239508628845215
146,0.4049382716049383,0.44074074074074077,0.5052779485918091,0.5514139684516397,79,26,8,19,10,18,5,11,9,31,9,105,41,0.07167983055114746
147,0.3950617283950617,0.42592592592592593,0.49665201082277705,0.5385974470734745,80,26,9,19,10,18,5,11,9,31,9,105,42,0.07435822486877441
148,0.3950617283950617,0.4222222222222222,0.4998167507071701,0.5365141137401411,80,26,9,20,10,18,5,11,9,31,9,106,42,0.0787191390991211
149,0.4024691358024691,0.45555555555555555,0.5061022629442873,0.5736197592361976,80,26,10,20,10,18,5,11,9,31,9,106,43,0.0733649730682373
150,0.39753086419753086,0.42962962962962964,0.49915201082277705,0.5406807804068078,81,27,10,20,10,18,5,11,9,31,9,107,43,0.07304501533508301
151,0.37777777777777777,0.42592592592592593,0.4777069241175747,0.5361353258613533,81,27,11,20,10,18,5,11,9,31,9,107,44,0.07264590263366699
152,0.37530864197530867,0.4222222222222222,0.47818564752183,0.5304690743046907,81,27,11,21,10,18,5,11,9,31,9,108,44,0.0711820125579834
153,0.37530864197530867,0.40370370370370373,0.4826534251629566,0.5216142590286426,82,28,11,21,10,18,5,11,9,31,9,109,44,0.07703924179077148
154,0.3728395061728395,0.4074074074074074,0.4871922272783175,0.5313044831880448,82,28,11,21,10,18,5,11,9,32,9,110,44,0.07356905937194824
155,0.3728395061728395,0.4,0.48581816504734965,0.5217725197177252,83,29,11,21,10,18,5,11,9,32,9,111,44,0.07137799263000488
156,0.3851851851851852,0.4148148148148148,0.4910312384700529,0.5296647986716481,84,29,11,22,10,18,5,11,9,32,9,112,44,0.07217574119567871
157,0.37037037037037035,0.4148148148148148,0.47513589964334024,0.526302407638024,84,29,11,22,10,18,5,12,9,32,9,113,44,0.06954193115234375
158,0.37777777777777777,0.4074074074074074,0.48052607305374495,0.5194530925695309,85,29,11,22,10,18,6,12,9,32,9,113,45,0.06919121742248535
159,0.36790123456790125,0.3962962962962963,0.4762793629319887,0.5134236197592362,85,29,11,22,10,18,6,12,9,33,9,114,45,0.06891083717346191
160,0.36049382716049383,0.3888888888888889,0.4768020538679129,0.5132809256953093,85,30,11,22,10,18,6,12,9,33,9,115,45,0.06963896751403809
161,0.36049382716049383,0.3888888888888889,0.4749492682326897,0.5128398713158987,85,30,12,22,10,18,6,12,9,33,9,115,46,0.06974196434020996
162,0.3802469135802469,0.4,0.48935555282253107,0.5202106683271067,86,31,12,22,10,18,6,12,9,33,9,116,46,0.06963086128234863
163,0.37037037037037035,0.4,0.4773167507071701,0.5152864259028642,87,32,12,22,10,18,6,12,9,33,9,117,46,0.06969904899597168
164,0.3728395061728395,0.4074074074074074,0.4848342762267863,0.5245978621834786,87,33,12,22,10,18,6,12,9,33,9,118,46,0.06890320777893066
165,0.362962962962963,0.3888888888888889,0.4815714549255934,0.5206672893316728,88,34,12,22,10,18,6,12,9,33,9,119,46,0.06874489784240723
166,0.37037037037037035,0.3962962962962963,0.48558756610503007,0.5199097135740971,89,34,13,22,10,18,6,12,9,33,9,119,47,0.06831502914428711
167,0.39012345679012345,0.40370370370370373,0.4987083384577543,0.5225145288501453,90,35,13,22,10,18,6,12,9,33,9,120,47,0.0707557201385498
168,0.3802469135802469,0.40370370370370373,0.4862793629319887,0.5200524076380241,91,36,13,22,10,18,6,12,9,33,9,121,47,0.07219791412353516
169,0.37037037037037035,0.4,0.4843730783421474,0.519310398505604,92,37,13,22,10,18,6,12,9,33,9,122,47,0.07162094116210938
170,0.3654320987654321,0.3814814814814815,0.4851263682203911,0.5115763802407638,93,38,13,22,10,18,6,12,9,33,9,123,47,0.07226705551147461
171,0.3654320987654321,0.3851851851851852,0.4836812815151888,0.5150010377750104,93,38,13,22,10,18,7,12,9,33,9,123,48,0.06904387474060059
172,0.3654320987654321,0.3888888888888889,0.48959414586151767,0.5273739103362391,94,39,13,22,10,18,7,12,9,33,9,124,48,0.0683448314666748
173,0.36790123456790125,0.3925925925925926,0.4861812815151888,0.5254332710668327,94,39,13,22,10,18,7,12,10,33,9,124,49,0.07025790214538574
174,0.36790123456790125,0.3925925925925926,0.48762636822039107,0.5254332710668327,95,39,13,22,10,18,7,12,10,33,10,124,50,0.08058381080627441
175,0.3851851851851852,0.3925925925925926,0.5052149182142418,0.5292367164798673,96,39,14,22,10,18,7,12,10,33,10,124,51,0.07219815254211426
176,0.37530864197530867,0.3851851851851852,0.50103923256672,0.5252905770029058,97,40,14,22,10,18,7,12,10,33,10,125,51,0.07666897773742676
177,0.36790123456790125,0.4,0.4891600049194441,0.5336239103362391,97,40,14,22,10,18,7,12,10,34,10,126,51,0.07883429527282715
178,0.37037037037037035,0.3888888888888889,0.49181957938752924,0.5211083437110834,98,40,14,22,10,18,7,12,11,34,10,126,52,0.07295799255371094
179,0.3654320987654321,0.4,0.48592424056081657,0.5300409921129099,98,40,14,22,10,19,7,12,11,34,10,127,52,0.07003593444824219
180,0.3654320987654321,0.3888888888888889,0.486562538433157,0.5164046284765462,99,40,14,23,10,19,7,12,11,34,10,128,52,0.07102203369140625
181,0.37037037037037035,0.3851851851851852,0.48945271184356165,0.5129799709422996,99,40,14,23,10,19,8,12,11,34,10,128,53,0.07048392295837402
182,0.37037037037037035,0.3814814814814815,0.4891335629073914,0.507093192195932,99,40,14,23,10,19,8,12,11,34,11,128,54,0.06858515739440918
183,0.362962962962963,0.37777777777777777,0.4830786496125937,0.5025477376504774,100,41,14,23,10,19,8,12,11,34,11,129,54,0.06839799880981445
184,0.362962962962963,0.3851851851851852,0.48138543844545567,0.5040317559153176,100,42,14,23,10,19,8,12,11,34,11,130,54,0.06949615478515625
185,0.3728395061728395,0.3814814814814815,0.4815274873939245,0.49658312577833125,101,43,14,23,10,19,8,12,11,34,11,131,54,0.06913518905639648
186,0.362962962962963,0.3851851851851852,0.4745326528102324,0.5035907015359069,101,43,14,23,10,19,8,12,11,35,11,132,54,0.06919693946838379
187,0.35555555555555557,0.37407407407407406,0.4803744926823269,0.5076302407638025,102,44,14,23,10,19,8,12,11,35,11,133,54,0.06742405891418457
188,0.3506172839506173,0.37777777777777777,0.47505534374615666,0.511054898298049,103,44,14,23,10,19,8,12,11,36,11,134,54,0.06707310676574707
189,0.35802469135802467,0.36666666666666664,0.4793906038617636,0.49719800747198006,103,45,14,23,10,19,8,12,11,36,11,135,54,0.06676483154296875
190,0.35555555555555557,0.37407407407407406,0.4777149182142418,0.5065094437525944,104,45,14,23,10,19,8,12,11,37,11,136,54,0.0681002140045166
191,0.36049382716049383,0.37777777777777777,0.4867485549132948,0.5150788709007887,104,45,15,23,10,19,8,12,11,37,11,136,55,0.0665273666381836
192,0.3654320987654321,0.3851851851851852,0.4928209937277088,0.524390307181403,105,45,16,23,10,19,8,12,11,37,11,136,56,0.0683450698852539
193,0.36790123456790125,0.3925925925925926,0.4947272783175501,0.531019095060191,105,46,16,23,10,19,8,12,11,37,11,137,56,0.0703890323638916
194,0.37530864197530867,0.3888888888888889,0.49828219161234777,0.5275944375259444,106,46,17,23,10,19,8,12,11,37,11,137,57,0.07053875923156738
195,0.37037037037037035,0.3851851851851852,0.49376091501660313,0.524390307181403,106,47,17,23,10,19,8,12,11,37,11,138,57,0.07001805305480957
196,0.37777777777777777,0.3888888888888889,0.5023868527856352,0.5289357617268575,107,47,18,23,10,19,8,12,11,37,11,138,58,0.06902909278869629
197,0.3851851851851852,0.3925925925925926,0.5100464272537203,0.5334812162723122,108,48,18,23,10,19,8,12,11,37,11,139,58,0.07087373733520508
198,0.37037037037037035,0.3925925925925926,0.4934417660804329,0.5334812162723122,109,49,18,23,10,19,8,12,11,37,11,140,58,0.07002115249633789
199,0.36790123456790125,0.3888888888888889,0.49692565490099616,0.5289357617268575,110,49,18,24,10,19,8,12,11,37,11,141,58,0.07063674926757812
200,0.362962962962963,0.3888888888888889,0.4920852293690813,0.5278149647156496,111,49,18,24,10,19,8,12,11,38,11,142,58,0.07953286170959473
201,0.35555555555555557,0.37037037037037035,0.4806226171442627,0.5059879618098796,112,49,18,24,10,19,8,12,11,38,12,142,59,0.06901669502258301
202,0.36049382716049383,0.37777777777777777,0.4852324437338581,0.5173204649232046,113,50,18,24,10,19,8,12,11,38,12,143,59,0.06905913352966309
203,0.36049382716049383,0.3814814814814815,0.48942565490099615,0.5185035284350353,113,50,18,24,10,19,8,12,11,39,12,144,59,0.07033967971801758
204,0.3654320987654321,0.3814814814814815,0.49474480383716635,0.5173827314238273,114,50,18,24,10,19,8,12,11,39,13,144,60,0.06881308555603027
205,0.36049382716049383,0.37407407407407406,0.4925639527733366,0.5096331465338314,114,50,18,24,10,19,8,12,11,40,13,145,60,0.06726574897766113
206,0.362962962962963,0.3962962962962963,0.4999219038248678,0.5362261311747614,114,50,18,24,10,19,8,12,11,41,13,146,60,0.06716799736022949
207,0.3530864197530864,0.3888888888888889,0.4986093346451851,0.533400788709008,115,50,18,24,10,19,8,12,11,42,13,147,60,0.06872415542602539
208,0.35555555555555557,0.40370370370370373,0.502483396876153,0.5482202158572022,116,50,18,24,10,19,8,12,11,43,13,148,60,0.06934118270874023
209,0.3654320987654321,0.4148148148148148,0.5124123724019185,0.5607357824823578,117,51,18,24,10,19,8,12,11,43,13,149,60,0.07064700126647949
210,0.36790123456790125,0.40370370370370373,0.5147527979338334,0.5518031340805314,117,52,18,24,10,19,8,12,11,43,13,150,60,0.07146692276000977
211,0.3851851851851852,0.4185185185185185,0.539522198991514,0.571546803652968,118,53,18,24,10,19,8,12,11,43,13,151,60,0.06925106048583984
212,0.3851851851851852,0.3962962962962963,0.5367030500553438,0.5509988584474885,119,54,18,24,10,19,8,12,11,43,13,152,60,0.06670308113098145
213,0.3728395061728395,0.3962962962962963,0.5198238224080679,0.5471954130344542,119,55,18,24,10,19,8,12,11,43,13,153,60,0.06813502311706543
214,0.36049382716049383,0.37777777777777777,0.5001964702988562,0.5229062889165629,119,56,18,24,10,19,8,12,11,43,13,154,60,0.06820106506347656
215,0.3728395061728395,0.3888888888888889,0.5148948468823022,0.5354218555417185,120,57,18,24,10,19,8,12,11,43,13,155,60,0.06947827339172363
216,0.3654320987654321,0.37407407407407406,0.5091590825236748,0.5199226857617268,121,58,18,24,10,19,8,12,11,43,13,156,60,0.06805205345153809
217,0.345679012345679,0.37407407407407406,0.4883612101832493,0.5172400373599004,122,59,18,24,10,19,8,12,11,43,13,157,60,0.06772875785827637
218,0.362962962962963,0.3888888888888889,0.5048062968884516,0.5365426525529265,123,59,19,24,10,19,8,12,11,43,13,157,61,0.06904792785644531
219,0.37037037037037035,0.3962962962962963,0.5183787357028655,0.5460746160232461,124,60,19,24,10,19,8,12,11,43,13,158,61,0.06686115264892578
220,0.362962962962963,0.4074074074074074,0.5152579633501414,0.5601520340390203,125,61,19,24,10,19,8,12,11,43,13,159,61,0.0696260929107666
221,0.35555555555555557,0.3962962962962963,0.5020046734718977,0.5438330220008302,126,62,19,24,10,19,8,12,11,43,13,160,61,0.06774401664733887
222,0.362962962962963,0.3851851851851852,0.5105595867666953,0.5322177251971772,127,63,19,24,10,19,8,12,11,43,13,161,61,0.06668686866760254
223,0.36790123456790125,0.4074074074074074,0.5235822777026197,0.5614933582399335,128,64,19,24,10,19,8,12,11,43,13,162,61,0.06698989868164062
224,0.37777777777777777,0.4148148148148148,0.5346371909974174,0.5719255915317559,129,64,20,24,10,19,8,12,11,43,13,162,62,0.06782913208007812
225,0.3728395061728395,0.4185185185185185,0.5300273644078219,0.5764710460772104,130,65,20,24,10,19,8,12,11,43,13,163,62,0.06616330146789551
226,0.36790123456790125,0.4111111111111111,0.5214724511130242,0.5637972187629722,130,65,20,24,10,19,8,12,11,44,13,164,62,0.06638574600219727
227,0.3654320987654321,0.4148148148148148,0.5214724511130242,0.5658805520963055,131,65,21,24,10,19,8,12,11,44,13,164,63,0.07091712951660156
228,0.36790123456790125,0.4185185185185185,0.5200273644078219,0.57042600664176,132,65,22,24,10,19,8,12,11,44,13,164,64,0.06785416603088379
229,0.36049382716049383,0.4148148148148148,0.5139724511130243,0.5658805520963055,132,66,22,24,10,19,8,12,11,44,13,165,64,0.06599974632263184
230,0.34814814814814815,0.40370370370370373,0.5002579633501414,0.5484407430469075,133,67,22,24,10,19,8,12,11,44,13,166,64,0.06627893447875977
231,0.3530864197530864,0.4111111111111111,0.5064724511130242,0.5539487339144874,133,68,22,24,10,19,8,12,11,44,13,167,64,0.06489706039428711
232,0.33827160493827163,0.3962962962962963,0.4904175378182266,0.5357669157326692,133,68,22,24,10,19,8,12,11,45,13,168,64,0.06575274467468262
233,0.33827160493827163,0.3962962962962963,0.49163202558110936,0.5357669157326692,134,69,22,24,10,19,8,12,11,45,13,169,64,0.06888508796691895
234,0.33827160493827163,0.3851851851851852,0.4902579633501414,0.5254929431299294,135,70,22,24,10,19,8,12,11,45,13,170,64,0.06519412994384766
235,0.32839506172839505,0.37777777777777777,0.4802579633501415,0.5150607098381071,136,71,22,24,10,19,8,12,11,45,13,171,64,0.0649561882019043
236,0.32839506172839505,0.3814814814814815,0.4802579633501415,0.519826691573267,137,72,22,24,10,19,8,12,11,45,13,172,64,0.06629490852355957
237,0.32839506172839505,0.37777777777777777,0.4802579633501415,0.5164020340390203,137,72,22,24,10,19,8,12,11,46,13,173,64,0.06538820266723633
238,0.32839506172839505,0.37407407407407406,0.4802579633501415,0.5118565794935658,138,72,22,24,10,19,8,12,11,47,13,174,64,0.06551003456115723
239,0.32592592592592595,0.36666666666666664,0.4774388144139713,0.5025451432129514,139,73,22,24,10,19,8,12,11,47,13,175,64,0.06550812721252441
240,0.3234567901234568,0.37037037037037035,0.47493881441397123,0.5046284765462847,140,74,22,24,10,19,8,12,11,47,13,176,64,0.06536602973937988
241,0.3234567901234568,0.36666666666666664,0.4753289878243758,0.5000830220008302,140,75,22,24,10,19,8,12,11,47,13,177,64,0.06512784957885742
242,0.32839506172839505,0.37407407407407406,0.4792030500553438,0.5082736612702365,141,75,22,24,10,19,8,12,11,48,13,178,64,0.06604504585266113
243,0.3234567901234568,0.37777777777777777,0.47713719099741736,0.5152812370278124,142,75,22,24,10,19,8,12,11,49,13,179,64,0.0658879280090332
244,0.31851851851851853,0.37777777777777777,0.475692104292215,0.5152812370278124,142,76,22,24,10,19,8,12,11,49,13,180,64,0.0719139575958252
245,0.31851851851851853,0.37777777777777777,0.4744776165293322,0.5152812370278124,142,77,22,24,10,19,8,12,11,49,13,181,64,0.06867408752441406
246,0.31851851851851853,0.37407407407407406,0.4744776165293322,0.513197903694479,143,78,22,24,10,19,8,12,11,49,13,182,64,0.06544613838195801
247,0.32098765432098764,0.37407407407407406,0.4780325298241298,0.513197903694479,144,79,22,24,10,19,8,12,11,49,13,183,64,0.0664377212524414
248,0.3135802469135803,0.37407407407407406,0.4718180420612471,0.513197903694479,145,80,22,24,10,19,8,12,11,49,13,184,64,0.06511783599853516
249,0.31851851851851853,0.37407407407407406,0.4730325298241299,0.513197903694479,146,80,23,24,10,19,8,12,11,49,13,184,65,0.06469011306762695
250,0.31851851851851853,0.37407407407407406,0.4744776165293322,0.513197903694479,146,80,23,24,10,19,8,12,11,49,14,184,66,0.0659189224243164
251,0.3234567901234568,0.3814814814814815,0.47979676546550243,0.5200472187629722,147,81,23,24,10,19,8,12,11,49,14,185,66,0.06664800643920898
252,0.32098765432098764,0.3814814814814815,0.4781210798179806,0.5200472187629722,148,82,23,24,10,19,8,12,11,49,14,186,66,0.06513309478759766
253,0.3160493827160494,0.37777777777777777,0.47280193088181044,0.5166225612287256,149,82,24,24,10,19,8,12,11,49,14,186,67,0.06525921821594238
254,0.3111111111111111,0.37407407407407406,0.47014235641372526,0.513197903694479,149,82,24,24,10,19,8,12,11,50,14,187,67,0.06507086753845215
255,0.3111111111111111,0.37407407407407406,0.47158744311892753,0.513197903694479,150,82,25,24,10,19,8,12,11,50,14,187,68,0.06369280815124512
256,0.3135802469135803,0.37407407407407406,0.47158744311892753,0.513197903694479,151,83,25,24,10,19,8,12,11,50,14,188,68,0.06438398361206055
257,0.3160493827160494,0.37407407407407406,0.47280193088181044,0.513197903694479,152,83,25,24,10,19,8,12,11,51,14,189,68,0.06545400619506836
258,0.3111111111111111,0.37407407407407406,0.46892786865084246,0.513197903694479,152,83,25,24,10,19,8,12,11,52,14,190,68,0.06444191932678223
259,0.30864197530864196,0.37037037037037035,0.46892786865084246,0.5097732461602325,153,83,25,24,10,19,8,12,11,53,14,191,68,0.06570291519165039
260,0.30864197530864196,0.36666666666666664,0.46892786865084246,0.5063485886259859,153,84,25,24,10,19,8,12,11,53,14,192,68,0.06634187698364258
261,0.3111111111111111,0.37037037037037035,0.46853769524043787,0.5108940431714405,153,85,25,24,10,19,8,12,11,53,14,193,68,0.06521916389465332
262,0.30864197530864196,0.37407407407407406,0.4710376952404378,0.515439497716895,154,86,25,24,10,19,8,12,11,53,14,194,68,0.06417703628540039
263,0.30864197530864196,0.36666666666666664,0.4674827819456402,0.5063485886259859,155,86,26,24,10,19,8,12,11,53,14,194,69,0.06375312805175781
264,0.30864197530864196,0.36666666666666664,0.4674827819456402,0.5063485886259859,155,86,27,24,10,19,8,12,11,53,14,194,70,0.06406807899475098
265,0.30864197530864196,0.37037037037037035,0.4674827819456402,0.5097732461602325,155,87,27,24,10,19,8,12,11,53,14,195,70,0.06443119049072266
266,0.3111111111111111,0.362962962962963,0.4674827819456402,0.5018031340805313,156,88,27,24,10,19,8,12,11,53,14,196,70,0.06358981132507324
267,0.30864197530864196,0.3592592592592593,0.46642786865084246,0.4972576795350768,156,88,27,24,10,19,8,12,11,54,14,197,70,0.06384611129760742
268,0.30617283950617286,0.3592592592592593,0.46642786865084246,0.4972576795350768,156,89,27,24,10,19,8,12,11,54,14,198,70,0.0634770393371582
269,0.30864197530864196,0.362962962962963,0.4649827819456402,0.5006823370693234,157,90,27,24,10,19,8,12,11,54,14,199,70,0.06254100799560547
270,0.30864197530864196,0.362962962962963,0.46642786865084246,0.5006823370693234,158,90,28,24,10,19,8,12,11,54,14,199,71,0.06099677085876465
271,0.30617283950617286,0.37037037037037035,0.46392786865084246,0.5061903279369033,159,91,28,24,10,19,8,12,11,54,14,200,71,0.06424880027770996
272,0.30864197530864196,0.36666666666666664,0.4653729553560448,0.502986197592362,160,92,28,24,10,19,8,12,11,54,14,201,71,0.06438875198364258
273,0.3037037037037037,0.36666666666666664,0.4628729553560448,0.502986197592362,160,92,29,24,10,19,8,12,11,54,14,201,72,0.06612586975097656
274,0.30864197530864196,0.36666666666666664,0.4653729553560448,0.502986197592362,160,92,30,24,10,19,8,12,11,54,14,201,73,0.06794500350952148
275,0.30864197530864196,0.362962962962963,0.4653729553560448,0.4995615400581154,160,92,30,24,10,19,8,12,11,55,14,202,73,0.06523299217224121
276,0.30864197530864196,0.3592592592592593,0.4653729553560448,0.49613688252386884,160,92,30,24,10,19,8,12,11,56,14,203,73,0.06386184692382812
277,0.30864197530864196,0.3592592592592593,0.46392786865084246,0.49613688252386884,160,92,30,24,10,19,8,12,11,57,14,204,73,0.06434488296508789
278,0.30864197530864196,0.3592592592592593,0.4653729553560448,0.49613688252386884,160,92,30,24,10,19,8,12,11,58,14,205,73,0.0643761157989502
279,0.30864197530864196,0.36666666666666664,0.4653729553560448,0.502986197592362,160,93,30,24,10,19,8,12,11,58,14,206,73,0.06415104866027832
280,0.30864197530864196,0.3592592592592593,0.4668180420612471,0.49613688252386884,161,93,31,24,10,19,8,12,11,58,14,206,74,0.06558585166931152
281,0.30617283950617286,0.3592592592592593,0.4643180420612471,0.49479555832295563,161,93,31,24,11,19,8,12,11,58,14,206,75,0.06529808044433594
282,0.30617283950617286,0.35555555555555557,0.4602844053621941,0.49137090078870904,162,94,31,24,11,19,8,12,11,58,14,207,75,0.06388473510742188
283,0.30617283950617286,0.35555555555555557,0.4602844053621941,0.49137090078870904,162,94,31,24,12,19,8,12,11,58,14,207,76,0.06479310989379883
284,0.30617283950617286,0.362962962962963,0.46149889312507686,0.49934101286841015,162,94,31,24,13,19,8,12,11,58,14,207,77,0.06538224220275879
285,0.30864197530864196,0.362962962962963,0.46415846759316204,0.5018031340805313,162,94,31,24,14,19,8,12,11,58,14,207,78,0.06564092636108398
286,0.3111111111111111,0.37407407407407406,0.4678729553560448,0.5143187007056871,162,95,31,24,14,19,8,12,11,58,14,208,78,0.06488513946533203
287,0.3111111111111111,0.37407407407407406,0.4678729553560448,0.5143187007056871,163,95,31,24,14,19,8,12,11,59,14,209,78,0.06749892234802246
288,0.3111111111111111,0.37407407407407406,0.4678729553560448,0.5143187007056871,164,95,31,24,14,19,8,12,11,60,14,210,78,0.06566500663757324
289,0.3111111111111111,0.37407407407407406,0.4678729553560448,0.5143187007056871,164,95,31,24,14,19,8,12,11,61,14,211,78,0.06464409828186035
290,0.30617283950617286,0.362962962962963,0.46392786865084246,0.5018031340805313,165,96,31,24,14,19,8,12,11,61,14,212,78,0.06389498710632324
291,0.3111111111111111,0.37407407407407406,0.46642786865084246,0.513197903694479,165,96,31,24,14,19,8,12,11,61,15,212,79,0.0639348030090332
292,0.30864197530864196,0.37037037037037035,0.4678729553560448,0.5097732461602325,165,96,31,24,14,19,8,12,11,62,15,213,79,0.06310296058654785
293,0.3037037037037037,0.3814814814814815,0.46232320747755506,0.5234096097965961,165,97,31,24,14,19,8,12,11,62,15,214,79,0.06322598457336426
294,0.30617283950617286,0.37037037037037035,0.4649827819456402,0.5097732461602325,165,97,31,24,14,19,8,12,11,63,15,215,79,0.0644690990447998
295,0.30617283950617286,0.37407407407407406,0.4649827819456402,0.513197903694479,166,97,32,24,14,19,8,12,11,63,15,215,80,0.062384843826293945
296,0.30617283950617286,0.37037037037037035,0.4649827819456402,0.5086524491490245,167,97,32,24,14,19,8,12,11,64,15,216,80,0.06276369094848633
297,0.30617283950617286,0.37037037037037035,0.46376829418275733,0.5084319219593192,167,97,32,24,14,19,8,12,11,65,15,217,80,0.06418395042419434
298,0.3037037037037037,0.37037037037037035,0.4608781207723528,0.5084319219593192,168,97,32,24,14,19,8,12,11,66,15,218,80,0.06464290618896484
299,0.30617283950617286,0.37777777777777777,0.4649827819456402,0.5177433582399336,168,97,32,24,14,19,8,12,11,67,15,219,80,0.06506872177124023
300,0.3012345679012346,0.37037037037037035,0.45966363300947,0.5084319219593192,168,97,32,24,14,19,8,12,11,68,15,220,80,0.06488394737243652
301,0.3012345679012346,0.37407407407407406,0.45966363300947,0.5129773765047738,168,97,32,24,14,19,8,12,11,69,15,221,80,0.06756806373596191
302,0.3012345679012346,0.3814814814814815,0.45966363300947,0.5209474885844749,169,98,32,24,14,19,8,12,11,69,15,222,80,0.06644988059997559
303,0.3012345679012346,0.3814814814814815,0.45966363300947,0.5209474885844749,170,98,32,25,14,19,8,12,11,69,15,223,80,0.06167793273925781
304,0.3012345679012346,0.36666666666666664,0.45966363300947,0.5072488584474886,170,98,32,25,14,19,8,12,11,70,15,224,80,0.06075882911682129
305,0.29876543209876544,0.362962962962963,0.45966363300947,0.502703403902034,170,98,32,25,14,19,8,12,11,71,15,225,80,0.06356406211853027
306,0.3012345679012346,0.37407407407407406,0.45966363300947,0.5140981735159817,171,98,32,25,14,19,8,12,11,72,15,226,80,0.06512784957885742
307,0.3012345679012346,0.37407407407407406,0.46216363300946994,0.515439497716895,171,98,33,25,14,19,8,12,11,72,15,226,81,0.06345486640930176
308,0.3037037037037037,0.3814814814814815,0.46216363300946994,0.5234096097965961,171,98,33,25,14,19,8,12,11,72,16,226,82,0.06311702728271484
309,0.3037037037037037,0.3888888888888889,0.46216363300946994,0.5325005188875052,172,98,34,25,14,19,8,12,11,72,16,226,83,0.06357622146606445
310,0.3037037037037037,0.3888888888888889,0.46216363300946994,0.5325005188875052,173,98,34,25,14,19,8,12,11,72,17,226,84,0.0647280216217041
311,0.3012345679012346,0.37777777777777777,0.46216363300946994,0.5188641552511415,174,99,34,25,14,19,8,12,11,72,17,227,84,0.06430172920227051
312,0.3012345679012346,0.37777777777777777,0.4607185463042677,0.5188641552511415,174,99,34,25,14,19,8,12,11,73,17,228,84,0.06376409530639648
313,0.3037037037037037,0.37777777777777777,0.46216363300946994,0.5188641552511415,174,100,34,25,14,19,8,12,11,73,17,229,84,0.06324005126953125
314,0.29876543209876544,0.37037037037037035,0.45966363300947,0.5097732461602325,175,101,34,25,14,19,8,12,11,73,17,230,84,0.06620216369628906
315,0.3037037037037037,0.37037037037037035,0.46216363300946994,0.5097732461602325,175,101,35,25,14,19,8,12,11,73,17,230,85,0.06596899032592773
316,0.3012345679012346,0.37037037037037035,0.46216363300946994,0.5097732461602325,176,102,35,25,14,19,8,12,11,73,17,231,85,0.061448097229003906
317,0.3012345679012346,0.37037037037037035,0.46216363300946994,0.5097732461602325,176,102,35,25,14,19,8,12,11,74,17,232,85,0.06385302543640137
318,0.3037037037037037,0.37037037037037035,0.46216363300946994,0.5097732461602325,177,102,36,25,14,19,8,12,11,74,17,232,86,0.06288480758666992
319,0.3037037037037037,0.3814814814814815,0.46216363300946994,0.5236301369863013,177,102,36,25,14,20,8,12,11,74,17,233,86,0.06335806846618652
320,0.3012345679012346,0.37407407407407406,0.46216363300946994,0.5156600249066003,177,102,36,26,14,20,8,12,11,74,17,234,86,0.06294679641723633
321,0.3012345679012346,0.37037037037037035,0.46216363300946994,0.5097732461602325,178,103,36,26,14,20,8,12,11,74,17,235,86,0.06225705146789551
322,0.3037037037037037,0.37037037037037035,0.4607185463042677,0.5097732461602325,178,103,37,26,14,20,8,12,11,74,17,235,87,0.06060791015625
323,0.3012345679012346,0.37777777777777777,0.46216363300946994,0.5188641552511415,178,103,37,26,14,20,8,12,11,74,18,235,88,0.06311297416687012
324,0.3037037037037037,0.37037037037037035,0.46216363300946994,0.5122353673723536,178,103,37,26,14,20,8,12,11,74,19,235,89,0.060224056243896484
325,0.3037037037037037,0.37407407407407406,0.46216363300946994,0.5167808219178083,179,104,37,26,14,20,8,12,11,74,19,236,89,0.06354784965515137
326,0.3037037037037037,0.362962962962963,0.46216363300946994,0.5056065794935658,180,104,37,26,14,20,8,12,11,75,19,237,89,0.0634307861328125
327,0.3037037037037037,0.37037037037037035,0.46216363300946994,0.5111145703611457,180,104,37,26,14,20,8,12,11,75,20,237,90,0.04942798614501953
328,0.3037037037037037,0.37037037037037035,0.4607185463042677,0.5111145703611457,181,104,37,26,14,20,8,12,11,76,20,238,90,0.05086708068847656
329,0.3037037037037037,0.36666666666666664,0.46216363300946994,0.5076899128268991,182,104,37,26,14,20,8,12,11,77,20,239,90,0.051820993423461914
330,0.3037037037037037,0.37037037037037035,0.46216363300946994,0.5111145703611457,182,104,37,26,14,20,8,12,11,78,20,240,90,0.05241799354553223
331,0.3037037037037037,0.36666666666666664,0.46216363300946994,0.5090312370278123,182,104,37,26,14,20,8,12,11,79,20,241,90,0.05993390083312988
332,0.3037037037037037,0.37037037037037035,0.46216363300946994,0.5111145703611457,183,104,37,26,14,20,8,12,11,80,20,242,90,0.05195808410644531
333,0.3037037037037037,0.37037037037037035,0.4607185463042677,0.5111145703611457,183,104,37,26,14,20,8,13,11,80,20,243,90,0.0454561710357666
334,0.3037037037037037,0.37037037037037035,0.4607185463042677,0.5111145703611457,183,105,37,26,14,20,8,13,11,80,20,244,90,0.04661822319030762
335,0.3012345679012346,0.36666666666666664,0.4607185463042677,0.5090312370278123,183,105,37,26,14,20,8,13,11,81,20,245,90,0.05402493476867676
336,0.3012345679012346,0.36666666666666664,0.4607185463042677,0.5090312370278123,183,106,37,26,14,20,8,13,11,81,20,246,90,0.05690789222717285
337,0.3012345679012346,0.37407407407407406,0.4607185463042677,0.5145392278953923,183,107,37,26,14,20,8,13,11,81,20,247,90,0.04961895942687988
338,0.29876543209876544,0.37407407407407406,0.4592734595990653,0.5145392278953923,183,107,37,26,14,20,8,13,11,82,20,248,90,0.04365682601928711
339,0.3012345679012346,0.36666666666666664,0.4607185463042677,0.5090312370278123,184,107,37,26,14,20,8,13,11,83,20,249,90,0.058381080627441406
340,0.29876543209876544,0.37037037037037035,0.4592734595990653,0.5135766915732669,185,107,37,26,14,20,8,13,11,84,20,250,90,0.057192087173461914
341,0.29876543209876544,0.37777777777777777,0.4592734595990653,0.5190846824408468,185,107,37,26,14,20,8,13,11,85,20,251,90,0.06271886825561523
342,0.29876543209876544,0.37777777777777777,0.4592734595990653,0.521546803652968,185,108,37,26,14,20,8,13,11,85,20,252,90,0.05309915542602539
343,0.2962962962962963,0.37407407407407406,0.4592734595990653,0.5181221461187214,185,108,37,26,14,20,8,13,11,86,20,253,90,0.06099390983581543
344,0.2938271604938272,0.37777777777777777,0.45638328618866075,0.522667600664176,185,108,37,26,14,20,8,13,11,87,20,254,90,0.05046677589416504
345,0.2962962962962963,0.37777777777777777,0.45638328618866075,0.5190846824408468,185,108,37,26,14,20,8,13,11,88,20,255,90,0.061064958572387695
346,0.2962962962962963,0.37407407407407406,0.457828372893863,0.5156600249066003,185,108,37,27,14,20,8,13,11,88,20,256,90,0.04800605773925781
347,0.29876543209876544,0.4,0.4604879473619481,0.5441158156911581,186,108,37,27,14,20,8,13,11,89,20,257,90,0.06167888641357422
348,0.29876543209876544,0.3962962962962963,0.4604879473619481,0.5395703611457037,186,109,37,27,14,20,8,13,11,89,20,258,90,0.06351995468139648
349,0.2962962962962963,0.3925925925925926,0.4604879473619481,0.5361457036114571,186,109,37,27,14,20,8,13,11,90,20,259,90,0.06468415260314941
350,0.29876543209876544,0.3925925925925926,0.4604879473619481,0.5348043794105438,186,110,37,27,14,20,8,13,11,90,20,260,90,0.0633997917175293
351,0.3037037037037037,0.4,0.46798794736194815,0.5441158156911581,186,110,37,27,14,20,8,13,11,91,20,261,90,0.06440591812133789
352,0.3234567901234568,0.4111111111111111,0.4845215840610011,0.5579727065172271,186,110,37,27,14,20,8,13,11,91,21,261,91,0.06406903266906738
353,0.3234567901234568,0.4111111111111111,0.48596667076620337,0.5579727065172271,186,110,37,27,14,20,8,13,11,92,21,262,91,0.06494998931884766
354,0.3160493827160494,0.4074074074074074,0.4765428606567458,0.5545480489829805,186,110,37,27,14,20,8,13,11,93,21,263,91,0.06327486038208008
355,0.30864197530864196,0.3925925925925926,0.4704879473619481,0.5386078248235782,186,110,37,27,14,20,8,13,11,94,21,264,91,0.06371688842773438
356,0.30617283950617286,0.3851851851851852,0.4665428606567459,0.5295169157326691,187,110,37,27,14,20,8,13,11,95,21,265,91,0.06263875961303711
357,0.3111111111111111,0.4,0.47314752183003317,0.5443363428808634,188,110,37,27,14,20,8,13,11,96,21,266,91,0.06148672103881836
358,0.3160493827160494,0.40370370370370373,0.476862009592916,0.5488817974263179,188,110,37,27,14,20,8,13,11,97,21,267,91,0.06333613395690918
359,0.30617283950617286,0.3888888888888889,0.4704879473619481,0.5327210460772105,188,110,37,27,14,20,8,13,11,98,21,268,91,0.06385493278503418
360,0.3111111111111111,0.3888888888888889,0.4704879473619481,0.5316002490660026,188,110,37,27,14,20,8,13,11,99,21,269,91,0.05814671516418457
361,0.3111111111111111,0.3851851851851852,0.4735376952404379,0.5270547945205479,189,110,37,27,14,20,8,13,11,100,21,270,91,0.06257081031799316
362,0.3111111111111111,0.3888888888888889,0.47314752183003317,0.5316002490660026,190,110,37,27,14,20,8,13,11,101,21,271,91,0.0642707347869873
363,0.3160493827160494,0.3888888888888889,0.4760376952404378,0.5316002490660026,190,111,37,27,14,20,8,13,11,101,21,272,91,0.06346392631530762
364,0.3135802469135803,0.3851851851851852,0.4745926085352355,0.5319790369447903,190,112,37,27,14,20,8,13,11,101,21,273,91,0.062149763107299805
365,0.3135802469135803,0.3925925925925926,0.4745926085352355,0.5388283520132835,190,112,37,27,14,20,8,13,11,101,22,273,92,0.06651902198791504
366,0.3135802469135803,0.37777777777777777,0.4745926085352355,0.5204260066417601,190,112,37,27,14,20,8,13,11,102,22,274,92,0.06476712226867676
367,0.3135802469135803,0.3851851851851852,0.4745926085352355,0.5319790369447903,190,112,37,27,14,20,8,13,11,103,22,275,92,0.058107852935791016
368,0.3135802469135803,0.3888888888888889,0.47314752183003317,0.5354036944790369,191,112,37,27,14,20,8,13,11,104,22,276,92,0.060167789459228516
369,0.3111111111111111,0.3888888888888889,0.4704879473619481,0.5351831672893316,192,112,37,27,14,20,8,13,11,105,22,277,92,0.06129002571105957
370,0.30864197530864196,0.3888888888888889,0.46904286065674583,0.5351831672893316,192,113,37,27,14,20,8,13,11,105,22,278,92,0.0572202205657959
371,0.30617283950617286,0.3962962962962963,0.46904286065674583,0.5480775217932752,193,113,37,27,14,20,8,13,11,106,22,279,92,0.05724215507507324
372,0.30617283950617286,0.3962962962962963,0.4715428606567458,0.5480775217932752,193,114,37,27,14,20,8,13,11,106,22,280,92,0.062087297439575195
373,0.30864197530864196,0.3888888888888889,0.4715428606567458,0.5389866127023661,194,114,37,27,14,20,8,13,11,106,23,280,93,0.056207895278930664
374,0.30864197530864196,0.37777777777777777,0.4717024351248309,0.5253502490660025,195,114,37,27,14,20,8,13,11,106,24,280,94,0.06485676765441895
375,0.30864197530864196,0.3592592592592593,0.4702573484196286,0.505085097550851,196,114,37,27,14,20,8,13,11,107,24,281,94,0.06528902053833008
376,0.30617283950617286,0.362962962962963,0.4717024351248309,0.5085097550850975,197,114,37,27,14,20,8,13,11,108,24,282,94,0.06359696388244629
377,0.30617283950617286,0.362962962962963,0.4717024351248309,0.5085097550850975,197,114,38,27,14,20,8,13,11,108,24,282,95,0.06197404861450195
378,0.30864197530864196,0.362962962962963,0.4702573484196286,0.5085097550850975,197,115,38,27,14,20,8,13,11,108,24,283,95,0.06337881088256836
379,0.3135802469135803,0.362962962962963,0.4782360718238839,0.5085097550850975,197,116,38,27,14,20,8,13,11,108,24,284,95,0.06489920616149902
380,0.3135802469135803,0.36666666666666664,0.4796811585290862,0.5130552096305521,197,116,39,27,14,20,8,13,11,108,24,284,96,0.06492400169372559
381,0.3160493827160494,0.37037037037037035,0.4796811585290862,0.5176006641760067,197,117,39,27,14,20,8,13,11,108,24,285,96,0.05481100082397461
382,0.30864197530864196,0.36666666666666664,0.4717024351248309,0.5117138854296388,198,117,39,27,14,20,8,13,11,109,24,286,96,0.060630083084106445
383,0.30617283950617286,0.37037037037037035,0.4717024351248309,0.5162593399750934,199,117,39,27,14,20,8,13,11,110,24,287,96,0.054898977279663086
384,0.3111111111111111,0.362962962962963,0.4742024351248309,0.5082892278953922,199,117,39,27,14,20,8,13,11,111,24,288,96,0.058524131774902344
385,0.30864197530864196,0.3592592592592593,0.4717024351248309,0.5037437733499377,199,117,39,27,14,20,8,13,11,112,24,289,96,0.06033015251159668
386,0.3111111111111111,0.35555555555555557,0.4717024351248309,0.4991983188044832,199,117,39,27,14,20,8,13,11,113,24,290,96,0.06197619438171387
387,0.3012345679012346,0.3592592592592593,0.4631475218300332,0.5012816521378165,199,117,39,27,14,20,8,13,11,114,24,291,96,0.06328701972961426
388,0.3012345679012346,0.3592592592592593,0.4631475218300332,0.5012816521378165,199,118,39,27,14,20,8,13,11,114,24,292,96,0.06508111953735352
389,0.3037037037037037,0.3592592592592593,0.4631475218300332,0.4988195309256953,199,118,39,27,14,20,8,13,11,115,24,293,96,0.06605792045593262
390,0.3037037037037037,0.3592592592592593,0.46459260853523554,0.4988195309256953,200,118,39,27,14,20,8,13,11,116,24,294,96,0.0649571418762207
391,0.3012345679012346,0.362962962962963,0.4631475218300332,0.5047063096720631,200,119,39,27,14,20,8,13,11,116,24,295,96,0.06442403793334961
392,0.3012345679012346,0.36666666666666664,0.4631475218300332,0.5067896430053964,200,119,39,27,14,20,8,13,11,117,24,296,96,0.06435894966125488
393,0.3037037037037037,0.37037037037037035,0.4631475218300332,0.5102143005396429,200,119,39,27,14,20,8,13,11,118,24,297,96,0.058141231536865234
394,0.3012345679012346,0.362962962962963,0.46209260853523554,0.5011233914487339,201,119,39,27,14,20,8,13,11,119,24,298,96,0.0628209114074707
395,0.30617283950617286,0.362962962962963,0.4649827819456402,0.5011233914487339,201,119,39,27,14,20,8,13,11,120,24,299,96,0.06280326843261719
396,0.30864197530864196,0.37037037037037035,0.46642786865084246,0.5052900581154005,201,119,39,27,14,20,8,13,11,121,24,300,96,0.06531310081481934
397,0.3111111111111111,0.37037037037037035,0.4678729553560448,0.5052900581154005,202,119,39,27,14,20,8,13,11,121,25,300,97,0.06509709358215332
398,0.3111111111111111,0.36666666666666664,0.4678729553560448,0.5032067247820673,202,119,39,27,14,20,8,13,11,122,25,301,97,0.06447219848632812
399,0.30617283950617286,0.36666666666666664,0.46642786865084246,0.5032067247820673,202,120,39,27,14,20,8,13,11,122,25,302,97,0.06544208526611328
400,0.3111111111111111,0.37037037037037035,0.4678729553560448,0.5052900581154005,203,120,39,27,14,20,8,13,11,123,25,303,97,0.0641472339630127
401,0.30864197530864196,0.37037037037037035,0.4653729553560448,0.5052900581154005,204,120,39,27,14,20,8,13,11,124,25,304,97,0.06524515151977539
402,0.30864197530864196,0.362962962962963,0.46642786865084246,0.5011233914487339,204,120,39,27,14,20,8,13,11,125,25,305,97,0.06574392318725586
403,0.30617283950617286,0.37037037037037035,0.4649827819456402,0.5052900581154005,204,120,39,27,14,20,8,13,11,126,25,306,97,0.0668799877166748
404,0.30617283950617286,0.37037037037037035,0.46392786865084246,0.5052900581154005,204,120,39,27,14,20,8,13,11,127,25,307,97,0.06595778465270996
405,0.30617283950617286,0.37037037037037035,0.4624827819456402,0.5052900581154005,205,120,39,27,14,20,8,13,11,128,25,308,97,0.06554198265075684
