index,train-micro-misclf-rate,test-micro-misclf-rate,train-macro-misclf-rate,test-macro-misclf-rate,n-labeled-samples,n-true-labels-0,n-false-labels-0,n-true-labels-1,n-false-labels-1,n-true-labels-2,n-false-labels-2,n-true-labels-3,n-false-labels-3,n-true-labels,n-false-labels,times
0,0.5212636695018226,0.47176684881602915,0.4990458698089354,0.5071939533000405,0,0,0,0,0,0,0,0,0,0,0,0.0
1,0.4507897934386391,0.4353369763205829,0.5,0.5,1,0,0,0,0,0,0,1,0,1,0,0.17900300025939941
2,0.12636695018226002,0.14207650273224043,0.1160103046060635,0.12724389256309893,2,0,0,0,0,1,0,1,0,2,0,0.1191718578338623
3,0.08140947752126367,0.07468123861566485,0.08474166925076927,0.07762855985963019,3,0,0,1,0,1,0,1,0,3,0,0.11323404312133789
4,0.08262454434993925,0.06739526411657559,0.08488180712258188,0.06686462410581726,3,1,0,1,0,1,0,1,0,4,0,0.10331892967224121
5,0.09356014580801944,0.09289617486338798,0.09411301672113159,0.08848697530031044,4,2,0,1,0,1,0,1,0,5,0,0.09911227226257324
6,0.10935601458080195,0.10564663023679417,0.10897657610380937,0.10169388581454988,5,3,0,1,0,1,0,1,0,6,0,0.09357094764709473
7,0.1385176184690158,0.1657559198542805,0.12683073730410513,0.1482116344985828,6,4,0,1,0,1,0,1,0,7,0,0.08954119682312012
8,0.11786148238153099,0.1366120218579235,0.10802542756959187,0.12240518288567959,7,4,0,1,0,2,0,1,0,8,0,0.0862128734588623
9,0.17861482381530985,0.20036429872495445,0.1633351620828662,0.17885679578890537,8,4,0,1,0,2,1,1,0,8,1,0.08394479751586914
10,0.13973268529769137,0.151183970856102,0.12793693199437062,0.13530840869213118,9,5,0,1,0,2,1,1,0,9,1,0.08613991737365723
11,0.07168894289185905,0.08196721311475409,0.06647305774872982,0.07545552706168174,10,6,0,1,0,2,1,1,0,10,1,0.08217906951904297
12,0.11057108140947752,0.12386156648451731,0.10162977363261216,0.11111486030503442,10,6,0,2,0,2,1,1,0,11,1,0.0836648941040039
13,0.16281895504252733,0.18032786885245902,0.1491961453140281,0.1611148603050344,10,6,0,2,0,2,1,1,1,11,2,0.08165597915649414
14,0.09963547995139732,0.10564663023679417,0.09167402142022278,0.09498582804696991,10,6,0,3,0,2,1,1,1,12,2,0.0827338695526123
15,0.09720534629404617,0.10382513661202186,0.08946163203969182,0.09337292482116345,11,6,0,3,0,2,1,2,1,13,2,0.0810539722442627
16,0.17253948967193194,0.18761384335154827,0.158045702836152,0.1675664732082602,11,6,0,3,1,2,1,2,1,13,3,0.08250188827514648
17,0.13608748481166463,0.15300546448087432,0.1251013763328006,0.13692131191793763,12,6,0,3,1,2,1,3,1,14,3,0.0803232192993164
18,0.15795868772782504,0.18397085610200364,0.14452985234835292,0.16386151977324875,13,6,0,3,1,2,1,3,2,14,4,0.07913088798522949
19,0.1591737545565006,0.18579234972677597,0.1456360470386184,0.1654744229990552,14,6,0,3,1,2,1,4,2,15,4,0.08084726333618164
20,0.1591737545565006,0.18761384335154827,0.1453945328340052,0.1666081792414631,15,6,0,3,1,3,1,4,2,16,4,0.07812619209289551
21,0.12029161603888214,0.13479052823315119,0.10999630274550963,0.11983398569307599,16,6,0,4,1,3,1,4,2,17,4,0.08085083961486816
22,0.10571081409477522,0.1111111111111111,0.09672196646232378,0.09886624375759212,17,6,0,5,1,3,1,4,2,18,4,0.07949209213256836
23,0.10571081409477522,0.11293260473588343,0.09623893805309734,0.1,18,6,0,5,1,3,1,5,2,19,4,0.07755613327026367
24,0.12150668286755771,0.13114754098360656,0.11061946902654868,0.11612903225806452,19,6,0,5,1,3,1,5,3,19,5,0.07834696769714355
25,0.11786148238153099,0.12021857923497267,0.10730088495575221,0.1064516129032258,20,6,0,5,2,3,1,5,3,19,6,0.07921314239501953
26,0.1336573511543135,0.1493624772313297,0.12168141592920353,0.13225806451612904,21,6,0,5,2,3,1,6,3,20,6,0.07686686515808105
27,0.15309842041312272,0.15846994535519127,0.13938053097345132,0.1403225806451613,22,6,0,5,2,3,1,6,4,20,7,0.07716989517211914
28,0.15309842041312272,0.15846994535519127,0.13938053097345132,0.1403225806451613,23,6,0,6,2,3,1,6,4,21,7,0.07744169235229492
29,0.16038882138517618,0.1657559198542805,0.14601769911504425,0.14677419354838708,24,6,0,6,2,4,1,6,4,22,7,0.07669782638549805
30,0.15552855407047386,0.1657559198542805,0.1415929203539823,0.14677419354838708,25,6,0,6,2,5,1,6,4,23,7,0.07761287689208984
31,0.15674362089914945,0.1657559198542805,0.142940629248861,0.14677419354838708,26,6,0,6,2,5,1,7,4,24,7,0.07891321182250977
32,0.16646415552855406,0.18761384335154827,0.1517901867709849,0.16612903225806452,27,6,0,6,2,5,1,7,5,24,8,0.07802200317382812
33,0.16160388821385177,0.17304189435336975,0.14736540800992295,0.1532258064516129,28,6,0,6,2,6,1,7,5,25,8,0.07910490036010742
34,0.181044957472661,0.19854280510018216,0.16892875032798227,0.18299365636388176,29,6,0,6,2,6,1,7,6,25,9,0.07788324356079102
35,0.16038882138517618,0.17304189435336975,0.14625921331965747,0.1532258064516129,29,6,0,6,2,7,1,7,6,26,9,0.0790700912475586
36,0.16038882138517618,0.17304189435336975,0.14625921331965747,0.1532258064516129,30,6,0,7,2,7,1,7,6,27,9,0.07844901084899902
37,0.16038882138517618,0.17304189435336975,0.14625921331965747,0.1532258064516129,31,6,0,7,2,8,1,7,6,28,9,0.07869887351989746
38,0.15309842041312272,0.16029143897996356,0.13962204517806454,0.14193548387096774,31,6,0,8,2,8,1,7,6,29,9,0.07975101470947266
39,0.18712029161603888,0.2040072859744991,0.17059549650549818,0.18064516129032257,32,6,0,8,2,8,2,7,6,29,10,0.08132696151733398
40,0.15309842041312272,0.16393442622950818,0.13962204517806454,0.14516129032258066,32,7,0,8,2,8,2,7,6,30,10,0.07689905166625977
41,0.14094775212636695,0.1493624772313297,0.12856009827540968,0.13225806451612904,33,7,0,9,2,8,2,7,6,31,10,0.07673001289367676
42,0.12029161603888214,0.12021857923497267,0.1097547885408964,0.1064516129032258,34,7,0,10,2,8,2,7,6,32,10,0.07570719718933105
43,0.13487241798298907,0.14389799635701275,0.12302912482408224,0.12741935483870967,34,7,0,10,3,8,2,7,6,32,11,0.07984375953674316
44,0.1421628189550425,0.15482695810564662,0.12942477876106195,0.13709677419354838,35,8,0,10,3,8,2,7,6,33,11,0.07678794860839844
45,0.1445929526123937,0.15482695810564662,0.13163716814159293,0.13709677419354838,36,8,1,10,3,8,2,7,6,33,12,0.07706189155578613
46,0.1445929526123937,0.15482695810564662,0.13163716814159293,0.13709677419354838,37,9,1,10,3,8,2,7,6,34,12,0.07721114158630371
47,0.15795868772782504,0.1894353369763206,0.1464619659852587,0.17684572816844377,38,9,2,10,3,8,2,7,6,34,13,0.07627582550048828
48,0.15795868772782504,0.18761384335154827,0.1464619659852587,0.17523282494263734,38,10,2,10,3,8,2,7,6,35,13,0.07896280288696289
49,0.15188335358444716,0.1785063752276867,0.14093099253393127,0.16716830881360506,39,10,2,10,3,9,2,7,6,36,13,0.07499003410339355
50,0.1433778857837181,0.1621129326047359,0.13318762970207285,0.152652179781347,40,10,2,10,3,9,2,8,6,37,13,0.07626795768737793
51,0.17861482381530985,0.18761384335154827,0.17227118765355534,0.1819408827102173,41,10,3,10,3,9,2,8,6,37,14,0.07553410530090332
52,0.19319562575941676,0.2167577413479053,0.1884436943920998,0.21541368605749764,41,10,3,10,4,9,2,8,6,37,15,0.07783102989196777
53,0.18833535844471447,0.20947176684881602,0.18305285881258498,0.20704548522067756,42,10,3,11,4,9,2,8,6,38,15,0.07659697532653809
54,0.16038882138517618,0.17486338797814208,0.15205555423037473,0.16729653124578214,43,10,3,12,4,9,2,8,6,39,15,0.07726502418518066
55,0.1433778857837181,0.1621129326047359,0.13318762970207285,0.152652179781347,44,10,3,13,4,9,2,8,6,40,15,0.07690906524658203
56,0.1433778857837181,0.1621129326047359,0.13318762970207285,0.152652179781347,45,10,3,13,4,10,2,8,6,41,15,0.07670092582702637
57,0.15066828675577157,0.16939890710382513,0.13982479784366578,0.1591037926845728,46,10,3,13,4,10,2,8,7,41,16,0.07572698593139648
58,0.13973268529769137,0.15482695810564662,0.12986904563127638,0.1462005668781212,47,10,3,14,4,10,2,8,7,42,16,0.07739996910095215
59,0.1275820170109356,0.16029143897996356,0.11880709872862151,0.15103927655554056,47,11,3,14,4,10,2,8,7,43,16,0.07675290107727051
60,0.11543134872417983,0.13479052823315119,0.10774515182596665,0.12845863139425023,48,11,3,15,4,10,2,8,7,44,16,0.07823681831359863
61,0.09720534629404617,0.11475409836065574,0.09115223147198434,0.11071669591037928,49,11,3,16,4,10,2,8,7,45,16,0.07473182678222656
62,0.08869987849331713,0.10382513661202186,0.08340886864012594,0.10103927655554056,50,11,3,16,4,11,2,8,7,46,16,0.07941007614135742
63,0.08140947752126367,0.0947176684881603,0.07677170049853302,0.09297476042650829,51,11,3,16,4,12,2,8,7,47,16,0.07569694519042969
64,0.06804374240583232,0.08743169398907104,0.06460355890561267,0.0865231475232825,52,11,3,17,4,12,2,8,7,48,16,0.07851600646972656
65,0.04374240583232078,0.061930783242258654,0.04247966510030294,0.06394250236199217,53,11,3,18,4,12,2,8,7,49,16,0.07563495635986328
66,0.03523693803159174,0.03460837887067395,0.03328721704076521,0.03304089620731543,54,11,3,18,4,13,2,8,7,50,16,0.07357621192932129
67,0.041312272174969626,0.060109289617486336,0.04002576151515874,0.062329599136185715,54,11,3,18,4,13,2,8,8,50,17,0.07360315322875977
68,0.05224787363304982,0.07103825136612021,0.0521551415690671,0.07488190039141585,55,11,4,18,4,13,2,8,8,50,18,0.07730507850646973
69,0.04495747266099635,0.06739526411657559,0.04406888819979486,0.0706977999730058,56,11,4,19,4,13,2,8,8,51,18,0.07352495193481445
70,0.054678007290400975,0.07285974499089254,0.05243541731269232,0.07409906870022945,57,11,5,19,4,13,2,8,8,51,19,0.07437682151794434
71,0.0692588092345079,0.08561020036429873,0.06570975359587816,0.08538939128087461,57,11,5,19,4,13,3,8,8,51,20,0.07648801803588867
72,0.061968408262454436,0.07650273224043716,0.05907258545428524,0.07732487515184236,58,12,5,19,4,13,3,8,8,52,20,0.07535004615783691
73,0.0425273390036452,0.061930783242258654,0.04137347041003745,0.06442164934539074,59,13,5,19,4,13,3,8,8,53,20,0.07638406753540039
74,0.038882138517618466,0.04918032786885246,0.03733034372540133,0.0497772978809556,59,13,5,19,4,13,3,9,8,54,20,0.07138800621032715
75,0.03523693803159174,0.03642987249544627,0.03328721704076521,0.03513294641652045,60,13,5,19,4,14,3,9,8,55,20,0.0728151798248291
76,0.03523693803159174,0.03642987249544627,0.03328721704076521,0.03513294641652045,61,13,5,19,4,15,3,9,8,56,20,0.06989812850952148
77,0.03523693803159174,0.030965391621129327,0.03328721704076521,0.030294236739101095,62,13,5,20,4,15,3,9,8,57,20,0.07250595092773438
78,0.03523693803159174,0.029143897996357013,0.03328721704076521,0.028202186529896072,63,13,5,21,4,15,3,9,8,58,20,0.07373595237731934
79,0.0425273390036452,0.04553734061930783,0.039924385182358135,0.042718315562154136,64,13,6,21,4,15,3,9,8,58,21,0.07065105438232422
80,0.03523693803159174,0.03460837887067395,0.03328721704076521,0.03304089620731543,65,13,6,21,4,16,3,9,8,59,21,0.07119393348693848
81,0.03523693803159174,0.029143897996357013,0.03328721704076521,0.028202186529896072,66,13,6,21,4,17,3,9,8,60,21,0.06930088996887207
82,0.03523693803159174,0.029143897996357013,0.03328721704076521,0.028202186529896072,67,14,6,21,4,17,3,9,8,61,21,0.07115697860717773
83,0.03523693803159174,0.029143897996357013,0.03328721704076521,0.028202186529896072,68,14,6,22,4,17,3,9,8,62,21,0.06703996658325195
84,0.03523693803159174,0.029143897996357013,0.03328721704076521,0.028202186529896072,69,14,6,23,4,17,3,9,8,63,21,0.06807303428649902
85,0.040097205346294046,0.030965391621129327,0.03867805262028004,0.030294236739101095,70,14,6,23,4,17,4,9,8,63,22,0.0673680305480957
86,0.03523693803159174,0.029143897996357013,0.03328721704076521,0.028202186529896072,71,15,6,23,4,17,4,9,8,64,22,0.0673820972442627
87,0.03523693803159174,0.029143897996357013,0.03328721704076521,0.028202186529896072,72,15,6,24,4,17,4,9,8,65,22,0.0671091079711914
88,0.02916160388821385,0.025500910746812388,0.02775624358943778,0.02497638007828317,72,15,6,25,4,17,4,9,8,66,22,0.06625199317932129
89,0.03523693803159174,0.029143897996357013,0.03328721704076521,0.028202186529896072,72,15,6,25,4,17,4,9,9,66,23,0.06961297988891602
90,0.03523693803159174,0.029143897996357013,0.03328721704076521,0.028202186529896072,73,15,6,25,4,17,4,10,9,67,23,0.06650114059448242
91,0.03523693803159174,0.029143897996357013,0.03328721704076521,0.028202186529896072,74,16,6,25,4,17,4,10,9,68,23,0.06627464294433594
92,0.03523693803159174,0.029143897996357013,0.03328721704076521,0.028202186529896072,75,16,6,25,4,18,4,10,9,69,23,0.06473493576049805
93,0.03523693803159174,0.029143897996357013,0.03328721704076521,0.028202186529896072,76,16,6,26,4,18,4,10,9,70,23,0.06502318382263184
94,0.03523693803159174,0.029143897996357013,0.03328721704076521,0.028202186529896072,77,17,6,26,4,18,4,10,9,71,23,0.06270480155944824
95,0.038882138517618466,0.03278688524590164,0.03660580111156168,0.03142799298150897,78,17,6,26,5,18,4,10,9,71,24,0.06339287757873535
96,0.041312272174969626,0.030965391621129327,0.04002576151515874,0.030294236739101095,79,17,6,26,5,18,4,10,10,71,25,0.060575008392333984
97,0.03523693803159174,0.029143897996357013,0.03328721704076521,0.028202186529896072,79,17,6,26,5,19,4,10,10,72,25,0.06298398971557617
98,0.03523693803159174,0.029143897996357013,0.03328721704076521,0.028202186529896072,79,17,6,27,5,19,4,10,10,73,25,0.06326580047607422
99,0.03645200486026731,0.029143897996357013,0.0343934117310307,0.028202186529896072,79,17,6,27,6,19,4,10,10,73,26,0.06106901168823242
100,0.03523693803159174,0.029143897996357013,0.03328721704076521,0.028202186529896072,79,17,6,27,6,19,4,11,10,74,26,0.06097102165222168
101,0.032806804374240585,0.029143897996357013,0.031074827660234238,0.028202186529896072,80,18,6,27,6,19,4,11,10,75,26,0.06353378295898438
102,0.024301336573511544,0.0273224043715847,0.023331464828375833,0.02658928330408962,81,18,6,28,6,19,4,11,10,76,26,0.0630331039428711
103,0.024301336573511544,0.025500910746812388,0.023331464828375833,0.02497638007828317,82,18,7,28,6,19,4,11,10,76,27,0.06525897979736328
104,0.02916160388821385,0.0273224043715847,0.02775624358943778,0.02658928330408962,83,19,7,28,6,19,4,11,10,77,27,0.06033492088317871
105,0.02551640340218712,0.023679417122040074,0.024437659518641318,0.023363476852476715,84,20,7,28,6,19,4,11,10,78,27,0.0649561882019043
106,0.02551640340218712,0.023679417122040074,0.024437659518641318,0.023363476852476715,85,20,7,29,6,19,4,11,10,79,27,0.06454896926879883
107,0.02551640340218712,0.029143897996357013,0.024437659518641318,0.028202186529896072,86,20,7,30,6,19,4,11,10,80,27,0.06737899780273438
108,0.02551640340218712,0.023679417122040074,0.024437659518641318,0.023363476852476715,87,20,7,31,6,19,4,11,10,81,27,0.06581997871398926
109,0.02551640340218712,0.029143897996357013,0.024437659518641318,0.028202186529896072,88,20,7,32,6,19,4,11,10,82,27,0.06748580932617188
110,0.02551640340218712,0.023679417122040074,0.024437659518641318,0.023363476852476715,89,20,7,32,6,19,4,12,10,83,27,0.06161999702453613
111,0.02551640340218712,0.023679417122040074,0.024437659518641318,0.023363476852476715,90,20,7,33,6,19,4,12,10,84,27,0.06194877624511719
112,0.019441069258809233,0.020036429872495445,0.018906686067313886,0.020137670400863814,91,20,7,33,6,19,4,13,10,85,27,0.05855584144592285
113,0.01701093560145808,0.014571948998178506,0.016694296686782913,0.01529896072344446,92,20,7,33,6,19,4,14,10,86,27,0.060014963150024414
114,0.01701093560145808,0.01639344262295082,0.016694296686782913,0.01691186394925091,93,20,7,33,6,19,4,14,11,86,28,0.05850625038146973
115,0.01701093560145808,0.014571948998178506,0.016694296686782913,0.01529896072344446,94,20,7,33,6,19,4,15,11,87,28,0.06132316589355469
116,0.01701093560145808,0.014571948998178506,0.016694296686782913,0.01529896072344446,94,20,7,33,6,19,4,15,12,87,29,0.05878901481628418
117,0.027946537059538274,0.03460837887067395,0.028823676740691265,0.038311513024699685,95,20,8,33,6,19,4,15,12,87,30,0.05891108512878418
118,0.01701093560145808,0.014571948998178506,0.016694296686782913,0.01529896072344446,96,20,8,33,6,19,4,16,12,88,30,0.05867910385131836
119,0.024301336573511544,0.02185792349726776,0.02478055005605515,0.023667161560264542,97,20,8,33,6,19,4,16,13,88,31,0.05899477005004883
120,0.024301336573511544,0.0273224043715847,0.02478055005605515,0.029943312187879607,97,21,8,33,6,19,4,16,13,89,31,0.05873918533325195
121,0.024301336573511544,0.029143897996357013,0.02478055005605515,0.03203536239708463,97,22,8,33,6,19,4,16,13,90,31,0.0588071346282959
122,0.019441069258809233,0.020036429872495445,0.019389714476540323,0.021575111351059523,97,23,8,33,6,19,4,16,13,91,31,0.05764293670654297
123,0.01701093560145808,0.014571948998178506,0.016694296686782913,0.01529896072344446,98,24,8,33,6,19,4,16,13,92,31,0.06026768684387207
124,0.01701093560145808,0.014571948998178506,0.016694296686782913,0.01529896072344446,98,24,8,34,6,19,4,16,13,93,31,0.05770707130432129
125,0.01701093560145808,0.014571948998178506,0.016694296686782913,0.01529896072344446,98,24,8,35,6,19,4,16,13,94,31,0.05643486976623535
126,0.01701093560145808,0.014571948998178506,0.016694296686782913,0.01529896072344446,98,24,8,35,6,20,4,16,13,95,31,0.05734896659851074
127,0.01701093560145808,0.014571948998178506,0.016694296686782913,0.01529896072344446,99,24,8,35,6,20,4,17,13,96,31,0.056700944900512695
128,0.01701093560145808,0.014571948998178506,0.016694296686782913,0.01529896072344446,100,24,8,36,6,20,4,17,13,97,31,0.05536985397338867
129,0.01701093560145808,0.014571948998178506,0.016694296686782913,0.01529896072344446,101,24,8,36,6,21,4,17,13,98,31,0.05405306816101074
130,0.019441069258809233,0.020036429872495445,0.019389714476540323,0.021575111351059523,102,24,8,36,7,21,4,17,13,98,32,0.05401897430419922
131,0.020656136087484813,0.0273224043715847,0.020737423371419032,0.029943312187879607,102,24,9,36,7,21,4,17,13,98,33,0.05403399467468262
132,0.020656136087484813,0.0273224043715847,0.020737423371419032,0.029943312187879607,103,24,9,37,7,21,4,17,13,99,33,0.055193185806274414
133,0.020656136087484813,0.0273224043715847,0.020737423371419032,0.029943312187879607,103,25,9,37,7,21,4,17,13,100,33,0.053338050842285156
134,0.020656136087484813,0.03278688524590164,0.020737423371419032,0.03478202186529896,104,25,9,37,7,22,4,17,13,101,33,0.05286407470703125
135,0.020656136087484813,0.03278688524590164,0.020737423371419032,0.03478202186529896,105,26,9,37,7,22,4,17,13,102,33,0.05038285255432129
136,0.020656136087484813,0.03278688524590164,0.020737423371419032,0.03478202186529896,106,27,9,37,7,22,4,17,13,103,33,0.05087709426879883
137,0.020656136087484813,0.03278688524590164,0.020737423371419032,0.03478202186529896,106,27,9,38,7,22,4,17,13,104,33,0.05079293251037598
138,0.020656136087484813,0.03278688524590164,0.020737423371419032,0.03478202186529896,106,27,9,39,7,22,4,17,13,105,33,0.04903984069824219
139,0.019441069258809233,0.030965391621129327,0.019389714476540323,0.03268997165609394,107,27,9,40,7,22,4,17,13,106,33,0.0502171516418457
140,0.015795868772782502,0.01639344262295082,0.015346587791904205,0.015953569982453772,107,27,9,40,7,22,4,18,13,107,33,0.05134320259094238
141,0.010935601458080195,0.01092896174863388,0.00995575221238938,0.00967741935483871,108,27,9,40,7,23,4,18,13,108,33,0.05216217041015625
142,0.010935601458080195,0.00546448087431694,0.00995575221238938,0.004838709677419355,109,27,9,41,7,23,4,18,13,109,33,0.049286842346191406
143,0.010935601458080195,0.00546448087431694,0.00995575221238938,0.004838709677419355,110,27,9,41,7,24,4,18,13,110,33,0.04837322235107422
144,0.010935601458080195,0.00546448087431694,0.00995575221238938,0.004838709677419355,111,27,9,42,7,24,4,18,13,111,33,0.046549081802368164
145,0.010935601458080195,0.00546448087431694,0.00995575221238938,0.004838709677419355,112,27,9,42,7,24,5,18,13,111,34,0.04509592056274414
146,0.04860267314702309,0.051001821493624776,0.04424778761061947,0.04516129032258064,113,27,9,42,7,24,6,18,13,111,35,0.047888994216918945
147,0.05589307411907655,0.060109289617486336,0.05088495575221239,0.0532258064516129,114,27,10,42,7,24,6,18,13,111,36,0.051268815994262695
148,0.04981773997569866,0.051001821493624776,0.04535398230088496,0.04516129032258064,115,28,10,42,7,24,6,18,13,112,36,0.049540042877197266
149,0.031591737545565005,0.03825136612021858,0.028761061946902654,0.03387096774193549,115,28,10,42,7,25,6,18,13,113,36,0.048918962478637695
150,0.041312272174969626,0.0546448087431694,0.03761061946902655,0.04838709677419355,116,28,10,42,7,25,7,18,13,113,37,0.05086374282836914
151,0.040097205346294046,0.03825136612021858,0.03650442477876106,0.03387096774193549,117,28,10,42,7,26,7,18,13,114,37,0.04698896408081055
152,0.018226002430133656,0.01639344262295082,0.016592920353982302,0.014516129032258065,118,28,10,42,7,27,7,18,13,115,37,0.04717087745666504
153,0.018226002430133656,0.020036429872495445,0.016592920353982302,0.017741935483870968,119,28,10,42,7,27,8,18,13,115,38,0.04684901237487793
154,0.018226002430133656,0.012750455373406194,0.016592920353982302,0.01129032258064516,120,28,10,42,7,28,8,18,13,116,38,0.04544782638549805
155,0.010935601458080195,0.00546448087431694,0.00995575221238938,0.004838709677419355,120,28,10,43,7,28,8,18,13,117,38,0.0464777946472168
156,0.013365735115431349,0.012750455373406194,0.012651170002146793,0.013206910514239438,121,28,10,43,8,28,8,18,13,117,39,0.04520702362060547
157,0.010935601458080195,0.01092896174863388,0.00995575221238938,0.011114860305034419,122,28,10,44,8,28,8,18,13,118,39,0.04590582847595215
158,0.010935601458080195,0.00546448087431694,0.00995575221238938,0.004838709677419355,123,28,10,44,8,29,8,18,13,119,39,0.045571088790893555
159,0.010935601458080195,0.00546448087431694,0.00995575221238938,0.004838709677419355,123,28,10,44,8,30,8,18,13,120,39,0.044428110122680664
160,0.010935601458080195,0.00546448087431694,0.00995575221238938,0.004838709677419355,124,28,10,45,8,30,8,18,13,121,39,0.04274606704711914
161,0.010935601458080195,0.00546448087431694,0.00995575221238938,0.004838709677419355,125,29,10,45,8,30,8,18,13,122,39,0.04044985771179199
162,0.010935601458080195,0.00546448087431694,0.00995575221238938,0.004838709677419355,126,30,10,45,8,30,8,18,13,123,39,0.03739023208618164
163,0.009720534629404616,0.00546448087431694,0.008849557522123894,0.004838709677419355,127,31,10,45,8,30,8,18,13,124,39,0.038435935974121094
164,0.009720534629404616,0.00546448087431694,0.008849557522123894,0.004838709677419355,128,32,10,45,8,30,8,18,13,125,39,0.03983473777770996
165,0.009720534629404616,0.00546448087431694,0.008849557522123894,0.004838709677419355,128,32,11,45,8,30,8,18,13,125,40,0.038266897201538086
166,0.00850546780072904,0.0036429872495446266,0.007743362831858407,0.0032258064516129032,128,32,11,45,8,30,8,19,13,126,40,0.038871049880981445
167,0.009720534629404616,0.0036429872495446266,0.008849557522123894,0.0032258064516129032,129,32,11,45,8,30,8,19,14,126,41,0.03974294662475586
168,0.009720534629404616,0.00546448087431694,0.008849557522123894,0.004838709677419355,130,32,11,46,8,30,8,19,14,127,41,0.0389409065246582
169,0.009720534629404616,0.00546448087431694,0.008849557522123894,0.004838709677419355,131,32,11,46,8,30,8,20,14,128,41,0.03866696357727051
170,0.009720534629404616,0.00546448087431694,0.008849557522123894,0.004838709677419355,132,32,11,47,8,30,8,20,14,129,41,0.03645586967468262
171,0.009720534629404616,0.00546448087431694,0.008849557522123894,0.004838709677419355,133,33,11,47,8,30,8,20,14,130,41,0.03585195541381836
172,0.010935601458080195,0.00546448087431694,0.00995575221238938,0.004838709677419355,133,33,11,47,8,30,8,20,15,130,42,0.033653974533081055
173,0.010935601458080195,0.00546448087431694,0.00995575221238938,0.004838709677419355,134,33,11,47,8,30,8,21,15,131,42,0.032508134841918945
174,0.009720534629404616,0.00546448087431694,0.008849557522123894,0.004838709677419355,134,33,11,47,8,30,8,22,15,132,42,0.033699989318847656
175,0.00850546780072904,0.0036429872495446266,0.007743362831858407,0.0032258064516129032,135,33,11,47,8,30,8,23,15,133,42,0.032964229583740234
176,0.0,0.0018214936247723133,0.0,0.0016129032258064516,136,33,11,47,8,30,8,24,15,134,42,0.03360390663146973
177,0.0,0.0018214936247723133,0.0,0.0016129032258064516,137,33,11,48,8,30,8,24,15,135,42,0.03273606300354004
178,0.0,0.0018214936247723133,0.0,0.0016129032258064516,138,34,11,48,8,30,8,24,15,136,42,0.031990766525268555
179,0.0,0.0018214936247723133,0.0,0.0016129032258064516,139,34,11,48,8,31,8,24,15,137,42,0.03324389457702637
180,0.0,0.0018214936247723133,0.0,0.0016129032258064516,140,34,11,48,8,32,8,24,15,138,42,0.03319811820983887
181,0.0,0.0018214936247723133,0.0,0.0016129032258064516,141,34,11,49,8,32,8,24,15,139,42,0.030885934829711914
182,0.0,0.0018214936247723133,0.0,0.0016129032258064516,142,34,11,50,8,32,8,24,15,140,42,0.030946969985961914
183,0.0,0.0018214936247723133,0.0,0.0016129032258064516,143,34,11,50,8,33,8,24,15,141,42,0.029468774795532227
184,0.0,0.0018214936247723133,0.0,0.0016129032258064516,144,35,11,50,8,33,8,24,15,142,42,0.029130935668945312
185,0.0,0.0018214936247723133,0.0,0.0016129032258064516,145,36,11,50,8,33,8,24,15,143,42,0.02747488021850586
186,0.0,0.0018214936247723133,0.0,0.0016129032258064516,146,36,11,50,8,33,8,25,15,144,42,0.025599956512451172
187,0.0,0.0018214936247723133,0.0,0.0016129032258064516,147,36,11,51,8,33,8,25,15,145,42,0.024649858474731445
188,0.0,0.0018214936247723133,0.0,0.0016129032258064516,148,36,12,51,8,33,8,25,15,145,43,0.023576021194458008
189,0.002430133657351154,0.0036429872495446266,0.0022123893805309734,0.0032258064516129032,148,36,12,51,8,33,9,25,15,145,44,0.0259859561920166
190,0.0,0.0018214936247723133,0.0,0.0016129032258064516,149,37,12,51,8,33,9,25,15,146,44,0.0255129337310791
191,0.0,0.0018214936247723133,0.0,0.0016129032258064516,149,37,12,51,8,34,9,25,15,147,44,0.02935171127319336
192,0.0,0.0018214936247723133,0.0,0.0016129032258064516,150,37,12,52,8,34,9,25,15,148,44,0.024689912796020508
193,0.0,0.0018214936247723133,0.0,0.0016129032258064516,151,37,12,52,8,35,9,25,15,149,44,0.023609161376953125
194,0.0,0.0018214936247723133,0.0,0.0016129032258064516,152,37,12,52,8,35,10,25,15,149,45,0.022132158279418945
195,0.0,0.0018214936247723133,0.0,0.0016129032258064516,153,37,12,53,8,35,10,25,15,150,45,0.022884845733642578
196,0.0,0.0018214936247723133,0.0,0.0016129032258064516,153,37,12,54,8,35,10,25,15,151,45,0.02365398406982422
197,0.0,0.0018214936247723133,0.0,0.0016129032258064516,154,37,12,55,8,35,10,25,15,152,45,0.022928953170776367
198,0.0,0.0018214936247723133,0.0,0.0016129032258064516,154,37,12,56,8,35,10,25,15,153,45,0.022588253021240234
199,0.0,0.0018214936247723133,0.0,0.0016129032258064516,155,37,12,56,8,36,10,25,15,154,45,0.02159714698791504
200,0.0,0.0036429872495446266,0.0,0.0037049534350114726,156,37,12,56,9,36,10,25,15,154,46,0.022739171981811523
201,0.0,0.0018214936247723133,0.0,0.0016129032258064516,157,38,12,56,9,36,10,25,15,155,46,0.024017810821533203
202,0.0,0.0018214936247723133,0.0,0.0016129032258064516,157,38,12,56,9,36,10,25,16,155,47,0.01920008659362793
203,0.002430133657351154,0.0036429872495446266,0.0026954177897574125,0.0037049534350114726,158,38,12,56,9,36,11,25,16,155,48,0.02330923080444336
204,0.001215066828675577,0.0018214936247723133,0.0013477088948787063,0.0016129032258064516,158,38,12,56,9,36,11,26,16,156,48,0.027228832244873047
205,0.0,0.0018214936247723133,0.0,0.0016129032258064516,158,39,12,56,9,36,11,26,16,157,48,0.023295164108276367
206,0.0,0.0018214936247723133,0.0,0.0016129032258064516,159,40,12,56,9,36,11,26,16,158,48,0.01897907257080078
207,0.0,0.0018214936247723133,0.0,0.0016129032258064516,160,40,12,57,9,36,11,26,16,159,48,0.018236160278320312
208,0.0,0.0018214936247723133,0.0,0.0016129032258064516,160,40,12,57,9,37,11,26,16,160,48,0.02157902717590332
209,0.0,0.0018214936247723133,0.0,0.0016129032258064516,161,40,12,57,9,37,12,26,16,160,49,0.019558191299438477
210,0.0,0.0018214936247723133,0.0,0.0016129032258064516,162,40,12,57,9,37,12,27,16,161,49,0.019083023071289062
211,0.0,0.0018214936247723133,0.0,0.0016129032258064516,163,40,12,58,9,37,12,27,16,162,49,0.01775813102722168
212,0.0,0.0018214936247723133,0.0,0.0016129032258064516,164,40,12,58,9,37,12,28,16,163,49,0.017601966857910156
213,0.0,0.0018214936247723133,0.0,0.0016129032258064516,165,40,12,58,9,38,12,28,16,164,49,0.016709089279174805
214,0.0,0.0018214936247723133,0.0,0.0016129032258064516,166,40,12,58,10,38,12,28,16,164,50,0.01693582534790039
215,0.0,0.0018214936247723133,0.0,0.0016129032258064516,167,40,12,59,10,38,12,28,16,165,50,0.017729759216308594
216,0.0,0.0018214936247723133,0.0,0.0016129032258064516,167,40,12,59,10,38,13,28,16,165,51,0.017141103744506836
217,0.0,0.0018214936247723133,0.0,0.0016129032258064516,168,40,12,60,10,38,13,28,16,166,51,0.020823001861572266
218,0.0,0.0018214936247723133,0.0,0.0016129032258064516,169,40,12,60,10,39,13,28,16,167,51,0.017694950103759766
219,0.0,0.0018214936247723133,0.0,0.0016129032258064516,170,41,12,60,10,39,13,28,16,168,51,0.01732492446899414
220,0.0,0.0018214936247723133,0.0,0.0016129032258064516,171,41,12,60,10,40,13,28,16,169,51,0.015733957290649414
221,0.0,0.0018214936247723133,0.0,0.0016129032258064516,171,41,12,60,10,40,13,29,16,170,51,0.015820980072021484
222,0.0,0.0018214936247723133,0.0,0.0016129032258064516,172,42,12,60,10,40,13,29,16,171,51,0.016698122024536133
223,0.0,0.0036429872495446266,0.0,0.0032258064516129032,172,42,12,60,11,40,13,29,16,171,52,0.01735711097717285
224,0.0036452004860267314,0.007285974499089253,0.00331858407079646,0.0064516129032258064,172,42,12,60,12,40,13,29,16,171,53,0.04175400733947754
225,0.0036452004860267314,0.007285974499089253,0.00331858407079646,0.0064516129032258064,172,42,12,61,12,40,13,29,16,172,53,0.032737016677856445
226,0.0,0.0018214936247723133,0.0,0.0016129032258064516,172,43,12,61,12,40,13,29,16,173,53,0.030436038970947266
227,0.0,0.0018214936247723133,0.0,0.0016129032258064516,172,43,12,62,12,40,13,29,16,174,53,0.018326759338378906
228,0.0,0.0018214936247723133,0.0,0.0016129032258064516,172,44,12,62,12,40,13,29,16,175,53,0.026329755783081055
229,0.0,0.0018214936247723133,0.0,0.0016129032258064516,172,45,12,62,12,40,13,29,16,176,53,0.01839900016784668
230,0.0036452004860267314,0.007285974499089253,0.00331858407079646,0.0064516129032258064,172,45,12,62,12,40,14,29,16,176,54,0.0409998893737793
231,0.0036452004860267314,0.007285974499089253,0.00331858407079646,0.0064516129032258064,172,45,12,62,12,41,14,29,16,177,54,0.01954197883605957
232,0.0,0.0018214936247723133,0.0,0.0016129032258064516,172,45,12,62,12,42,14,29,16,178,54,0.037093162536621094
233,0.0,0.0018214936247723133,0.0,0.0016129032258064516,172,45,12,62,12,42,14,29,17,178,55,0.01697993278503418
234,0.0036452004860267314,0.007285974499089253,0.00331858407079646,0.0064516129032258064,173,45,12,63,12,42,14,29,17,179,55,0.02312922477722168
235,0.0036452004860267314,0.00546448087431694,0.00331858407079646,0.004838709677419355,173,45,12,63,12,42,14,30,17,180,55,0.018605947494506836
236,0.0036452004860267314,0.007285974499089253,0.00331858407079646,0.0064516129032258064,174,46,12,63,12,42,14,30,17,181,55,0.02330493927001953
237,0.0,0.0018214936247723133,0.0,0.0016129032258064516,174,46,12,63,12,42,14,31,17,182,55,0.022403955459594727
238,0.0036452004860267314,0.00546448087431694,0.00331858407079646,0.004838709677419355,174,47,12,63,12,42,14,31,17,183,55,0.020040035247802734
239,0.0036452004860267314,0.007285974499089253,0.00331858407079646,0.0064516129032258064,174,47,12,63,12,43,14,31,17,184,55,0.021294116973876953
240,0.0036452004860267314,0.00546448087431694,0.00331858407079646,0.004838709677419355,175,48,12,63,12,43,14,31,17,185,55,0.020124197006225586
241,0.0036452004860267314,0.007285974499089253,0.00331858407079646,0.0064516129032258064,175,48,12,63,12,43,15,31,17,185,56,0.02003312110900879
242,0.0036452004860267314,0.00546448087431694,0.00331858407079646,0.004838709677419355,175,48,12,63,12,44,15,31,17,186,56,0.01981186866760254
243,0.0036452004860267314,0.00546448087431694,0.00331858407079646,0.004838709677419355,175,48,12,63,12,44,15,32,17,187,56,0.017005205154418945
244,0.0,0.0018214936247723133,0.0,0.0016129032258064516,175,48,12,63,12,44,15,33,17,188,56,0.023775100708007812
245,0.0036452004860267314,0.00546448087431694,0.00331858407079646,0.004838709677419355,176,49,12,63,12,44,15,33,17,189,56,0.019147157669067383
246,0.0,0.0018214936247723133,0.0,0.0016129032258064516,176,49,12,63,12,45,15,33,17,190,56,0.02052927017211914
247,0.0036452004860267314,0.00546448087431694,0.00331858407079646,0.004838709677419355,176,49,12,63,12,46,15,33,17,191,56,0.018683195114135742
248,0.0,0.0018214936247723133,0.0,0.0016129032258064516,176,49,12,63,12,46,15,34,17,192,56,0.022500038146972656
249,0.0036452004860267314,0.00546448087431694,0.00331858407079646,0.004838709677419355,176,49,12,64,12,46,15,34,17,193,56,0.019337177276611328
250,0.0036452004860267314,0.00546448087431694,0.00331858407079646,0.004838709677419355,176,49,12,64,12,46,15,35,17,194,56,0.02108907699584961
251,0.0036452004860267314,0.00546448087431694,0.00331858407079646,0.004838709677419355,176,49,12,64,12,47,15,35,17,195,56,0.020292043685913086
252,0.0036452004860267314,0.00546448087431694,0.00331858407079646,0.004838709677419355,177,50,12,64,12,47,15,35,17,196,56,0.016479015350341797
253,0.0036452004860267314,0.00546448087431694,0.00331858407079646,0.004838709677419355,177,50,12,64,12,47,15,36,17,197,56,0.016590118408203125
254,0.0036452004860267314,0.00546448087431694,0.00331858407079646,0.004838709677419355,178,50,12,65,12,47,15,36,17,198,56,0.015390872955322266
255,0.0036452004860267314,0.00546448087431694,0.00331858407079646,0.004838709677419355,179,51,12,65,12,47,15,36,17,199,56,0.01526498794555664
256,0.0036452004860267314,0.00546448087431694,0.00331858407079646,0.004838709677419355,180,52,12,65,12,47,15,36,17,200,56,0.015002727508544922
257,0.0036452004860267314,0.00546448087431694,0.00331858407079646,0.004838709677419355,181,52,12,65,12,47,16,36,17,200,57,0.014111995697021484
258,0.0036452004860267314,0.00546448087431694,0.00331858407079646,0.004838709677419355,182,52,12,65,12,48,16,36,17,201,57,0.01735830307006836
259,0.0036452004860267314,0.00546448087431694,0.00331858407079646,0.004838709677419355,183,52,12,65,12,48,17,36,17,201,58,0.016337871551513672
260,0.0036452004860267314,0.00546448087431694,0.00331858407079646,0.004838709677419355,184,52,12,65,12,49,17,36,17,202,58,0.01896500587463379
261,0.0036452004860267314,0.00546448087431694,0.00331858407079646,0.004838709677419355,185,52,12,65,12,50,17,36,17,203,58,0.014307737350463867
262,0.0036452004860267314,0.00546448087431694,0.00331858407079646,0.004838709677419355,186,52,12,65,12,50,17,36,18,203,59,0.01407313346862793
263,0.0036452004860267314,0.00546448087431694,0.00331858407079646,0.004838709677419355,187,53,12,65,12,50,17,36,18,204,59,0.014849185943603516
264,0.0036452004860267314,0.00546448087431694,0.00331858407079646,0.004838709677419355,188,53,12,66,12,50,17,36,18,205,59,0.015176057815551758
265,0.0036452004860267314,0.00546448087431694,0.00331858407079646,0.004838709677419355,189,54,12,66,12,50,17,36,18,206,59,0.014144182205200195
266,0.0036452004860267314,0.00546448087431694,0.00331858407079646,0.004838709677419355,190,54,12,66,12,50,17,37,18,207,59,0.014226913452148438
267,0.0036452004860267314,0.00546448087431694,0.00331858407079646,0.004838709677419355,191,55,12,66,12,50,17,37,18,208,59,0.014349699020385742
268,0.0036452004860267314,0.00546448087431694,0.00331858407079646,0.004838709677419355,192,56,12,66,12,50,17,37,18,209,59,0.01419973373413086
269,0.0036452004860267314,0.00546448087431694,0.00331858407079646,0.004838709677419355,193,57,12,66,12,50,17,37,18,210,59,0.016444921493530273
270,0.0036452004860267314,0.00546448087431694,0.00331858407079646,0.004838709677419355,194,58,12,66,12,50,17,37,18,211,59,0.014313936233520508
271,0.0036452004860267314,0.00546448087431694,0.00331858407079646,0.004838709677419355,194,58,12,66,12,50,17,37,19,211,60,0.01435995101928711
272,0.0036452004860267314,0.00546448087431694,0.00331858407079646,0.004838709677419355,194,59,12,66,12,50,17,37,19,212,60,0.01472783088684082
273,0.0036452004860267314,0.00546448087431694,0.00331858407079646,0.004838709677419355,195,59,12,66,12,50,17,38,19,213,60,0.014539003372192383
274,0.0036452004860267314,0.00546448087431694,0.00331858407079646,0.004838709677419355,196,60,12,66,12,50,17,38,19,214,60,0.014613151550292969
275,0.0036452004860267314,0.00546448087431694,0.00331858407079646,0.004838709677419355,197,61,12,66,12,50,17,38,19,215,60,0.01512908935546875
276,0.0036452004860267314,0.00546448087431694,0.00331858407079646,0.004838709677419355,198,62,12,66,12,50,17,38,19,216,60,0.018496990203857422
277,0.0036452004860267314,0.00546448087431694,0.00331858407079646,0.004838709677419355,199,63,12,66,12,50,17,38,19,217,60,0.016627073287963867
278,0.0036452004860267314,0.00546448087431694,0.00331858407079646,0.004838709677419355,200,63,12,67,12,50,17,38,19,218,60,0.014993906021118164
279,0.0036452004860267314,0.00546448087431694,0.00331858407079646,0.004838709677419355,201,63,12,67,12,50,18,38,19,218,61,0.014268875122070312
280,0.0036452004860267314,0.00546448087431694,0.00331858407079646,0.004838709677419355,202,63,12,68,12,50,18,38,19,219,61,0.014724016189575195
281,0.0036452004860267314,0.00546448087431694,0.00331858407079646,0.004838709677419355,203,63,12,68,12,50,18,39,19,220,61,0.014668941497802734
282,0.0036452004860267314,0.00546448087431694,0.00331858407079646,0.004838709677419355,204,64,12,68,12,50,18,39,19,221,61,0.014809846878051758
283,0.0036452004860267314,0.00546448087431694,0.00331858407079646,0.004838709677419355,205,65,12,68,12,50,18,39,19,222,61,0.014816999435424805
284,0.0036452004860267314,0.00546448087431694,0.00331858407079646,0.004838709677419355,206,65,12,69,12,50,18,39,19,223,61,0.014329195022583008
285,0.0036452004860267314,0.00546448087431694,0.00331858407079646,0.004838709677419355,207,65,12,69,12,50,18,40,19,224,61,0.015406131744384766
286,0.0036452004860267314,0.00546448087431694,0.00331858407079646,0.004838709677419355,207,65,12,70,12,50,18,40,19,225,61,0.015359163284301758
287,0.0036452004860267314,0.00546448087431694,0.00331858407079646,0.004838709677419355,208,65,12,71,12,50,18,40,19,226,61,0.015021800994873047
288,0.0036452004860267314,0.00546448087431694,0.00331858407079646,0.004838709677419355,208,66,12,71,12,50,18,40,19,227,61,0.015563011169433594
289,0.0036452004860267314,0.00546448087431694,0.00331858407079646,0.004838709677419355,209,66,12,71,12,50,18,41,19,228,61,0.014757156372070312
290,0.0036452004860267314,0.00546448087431694,0.00331858407079646,0.004838709677419355,209,66,12,72,12,50,18,41,19,229,61,0.014639139175415039
291,0.0036452004860267314,0.00546448087431694,0.00331858407079646,0.004838709677419355,210,67,12,72,12,50,18,41,19,230,61,0.014535903930664062
292,0.0036452004860267314,0.00546448087431694,0.00331858407079646,0.004838709677419355,210,67,12,73,12,50,18,41,19,231,61,0.016170978546142578
293,0.0036452004860267314,0.00546448087431694,0.00331858407079646,0.004838709677419355,210,68,12,73,12,50,18,41,19,232,61,0.014827966690063477
294,0.0036452004860267314,0.00546448087431694,0.00331858407079646,0.004838709677419355,211,68,12,73,12,51,18,41,19,233,61,0.016246557235717773
295,0.0036452004860267314,0.00546448087431694,0.00331858407079646,0.004838709677419355,212,68,12,73,12,51,18,42,19,234,61,0.015983104705810547
296,0.0036452004860267314,0.00546448087431694,0.00331858407079646,0.004838709677419355,213,69,12,73,12,51,18,42,19,235,61,0.017980098724365234
297,0.0036452004860267314,0.00546448087431694,0.00331858407079646,0.004838709677419355,214,70,12,73,12,51,18,42,19,236,61,0.015001058578491211
298,0.0036452004860267314,0.00546448087431694,0.00331858407079646,0.004838709677419355,215,70,12,74,12,51,18,42,19,237,61,0.015374183654785156
299,0.0036452004860267314,0.00546448087431694,0.00331858407079646,0.004838709677419355,216,71,12,74,12,51,18,42,19,238,61,0.014474868774414062
300,0.0036452004860267314,0.00546448087431694,0.00331858407079646,0.004838709677419355,217,71,13,74,12,51,18,42,19,238,62,0.014536857604980469
301,0.0036452004860267314,0.00546448087431694,0.00331858407079646,0.004838709677419355,218,71,13,75,12,51,18,42,19,239,62,0.015117168426513672
302,0.0036452004860267314,0.00546448087431694,0.00331858407079646,0.004838709677419355,219,72,13,75,12,51,18,42,19,240,62,0.014976024627685547
303,0.0036452004860267314,0.00546448087431694,0.00331858407079646,0.004838709677419355,220,72,13,76,12,51,18,42,19,241,62,0.01582503318786621
304,0.0036452004860267314,0.00546448087431694,0.00331858407079646,0.004838709677419355,221,72,13,77,12,51,18,42,19,242,62,0.015863895416259766
305,0.0036452004860267314,0.00546448087431694,0.00331858407079646,0.004838709677419355,222,73,13,77,12,51,18,42,19,243,62,0.016765832901000977
306,0.0036452004860267314,0.00546448087431694,0.00331858407079646,0.004838709677419355,223,73,13,78,12,51,18,42,19,244,62,0.014941215515136719
307,0.0036452004860267314,0.00546448087431694,0.00331858407079646,0.004838709677419355,224,74,13,78,12,51,18,42,19,245,62,0.014909029006958008
308,0.0036452004860267314,0.00546448087431694,0.00331858407079646,0.004838709677419355,224,74,13,79,12,51,18,42,19,246,62,0.01581597328186035
309,0.0036452004860267314,0.00546448087431694,0.00331858407079646,0.004838709677419355,224,74,13,79,12,51,18,42,20,246,63,0.01571512222290039
310,0.0036452004860267314,0.00546448087431694,0.00331858407079646,0.004838709677419355,225,75,13,79,12,51,18,42,20,247,63,0.014896154403686523
311,0.0036452004860267314,0.00546448087431694,0.00331858407079646,0.004838709677419355,226,75,13,80,12,51,18,42,20,248,63,0.014818906784057617
312,0.0036452004860267314,0.00546448087431694,0.00331858407079646,0.004838709677419355,227,76,13,80,12,51,18,42,20,249,63,0.015043973922729492
313,0.0036452004860267314,0.00546448087431694,0.00331858407079646,0.004838709677419355,227,76,13,80,13,51,18,42,20,249,64,0.015285015106201172
314,0.0036452004860267314,0.00546448087431694,0.00331858407079646,0.004838709677419355,228,77,13,80,13,51,18,42,20,250,64,0.016881942749023438
315,0.0036452004860267314,0.00546448087431694,0.00331858407079646,0.004838709677419355,229,77,13,81,13,51,18,42,20,251,64,0.015123844146728516
316,0.0036452004860267314,0.00546448087431694,0.00331858407079646,0.004838709677419355,230,78,13,81,13,51,18,42,20,252,64,0.015331029891967773
317,0.0036452004860267314,0.00546448087431694,0.00331858407079646,0.004838709677419355,230,78,13,82,13,51,18,42,20,253,64,0.014985084533691406
318,0.0036452004860267314,0.00546448087431694,0.00331858407079646,0.004838709677419355,231,78,13,83,13,51,18,42,20,254,64,0.015451908111572266
319,0.0036452004860267314,0.00546448087431694,0.00331858407079646,0.004838709677419355,232,79,13,83,13,51,18,42,20,255,64,0.01848125457763672
320,0.0036452004860267314,0.00546448087431694,0.00331858407079646,0.004838709677419355,232,80,13,83,13,51,18,42,20,256,64,0.016723155975341797
321,0.0036452004860267314,0.00546448087431694,0.00331858407079646,0.004838709677419355,233,81,13,83,13,51,18,42,20,257,64,0.01603412628173828
322,0.0036452004860267314,0.00546448087431694,0.00331858407079646,0.004838709677419355,234,82,13,83,13,51,18,42,20,258,64,0.01665496826171875
323,0.0036452004860267314,0.00546448087431694,0.00331858407079646,0.004838709677419355,235,83,13,83,13,51,18,42,20,259,64,0.016531944274902344
324,0.0036452004860267314,0.00546448087431694,0.00331858407079646,0.004838709677419355,236,83,14,83,13,51,18,42,20,259,65,0.016193151473999023
325,0.0036452004860267314,0.00546448087431694,0.00331858407079646,0.004838709677419355,237,84,14,83,13,51,18,42,20,260,65,0.015769004821777344
326,0.0036452004860267314,0.00546448087431694,0.00331858407079646,0.004838709677419355,238,85,14,83,13,51,18,42,20,261,65,0.015580177307128906
327,0.0036452004860267314,0.00546448087431694,0.00331858407079646,0.004838709677419355,239,85,14,83,14,51,18,42,20,261,66,0.015398025512695312
328,0.0036452004860267314,0.00546448087431694,0.00331858407079646,0.004838709677419355,239,85,14,84,14,51,18,42,20,262,66,0.016511917114257812
329,0.0036452004860267314,0.00546448087431694,0.00331858407079646,0.004838709677419355,239,85,14,84,15,51,18,42,20,262,67,0.01582193374633789
330,0.004860267314702308,0.009107468123861567,0.004424778761061947,0.008064516129032258,240,85,14,84,16,51,18,42,20,262,68,0.018170833587646484
331,0.0036452004860267314,0.00546448087431694,0.00331858407079646,0.004838709677419355,241,85,14,85,16,51,18,42,20,263,68,0.020266056060791016
332,0.004860267314702308,0.00546448087431694,0.004424778761061947,0.004838709677419355,242,85,14,85,17,51,18,42,20,263,69,0.018358945846557617
333,0.0036452004860267314,0.00546448087431694,0.00331858407079646,0.004838709677419355,243,85,14,86,17,51,18,42,20,264,69,0.0276491641998291
334,0.0036452004860267314,0.00546448087431694,0.00331858407079646,0.004838709677419355,243,86,14,86,17,51,18,42,20,265,69,0.01778268814086914
335,0.0036452004860267314,0.00546448087431694,0.00331858407079646,0.004838709677419355,244,87,14,86,17,51,18,42,20,266,69,0.01561427116394043
336,0.0036452004860267314,0.00546448087431694,0.00331858407079646,0.004838709677419355,244,87,14,87,17,51,18,42,20,267,69,0.015391111373901367
337,0.0036452004860267314,0.00546448087431694,0.00331858407079646,0.004838709677419355,245,88,14,87,17,51,18,42,20,268,69,0.015554189682006836
338,0.0036452004860267314,0.00546448087431694,0.00331858407079646,0.004838709677419355,246,89,14,87,17,51,18,42,20,269,69,0.015461206436157227
339,0.0036452004860267314,0.00546448087431694,0.00331858407079646,0.004838709677419355,247,89,15,87,17,51,18,42,20,269,70,0.017992258071899414
340,0.0036452004860267314,0.00546448087431694,0.00331858407079646,0.004838709677419355,248,89,15,88,17,51,18,42,20,270,70,0.015710830688476562
341,0.0036452004860267314,0.00546448087431694,0.00331858407079646,0.004838709677419355,248,89,15,88,17,52,18,42,20,271,70,0.016170978546142578
342,0.0036452004860267314,0.00546448087431694,0.00331858407079646,0.004838709677419355,249,89,15,88,18,52,18,42,20,271,71,0.01560211181640625
343,0.0036452004860267314,0.00546448087431694,0.00331858407079646,0.004838709677419355,250,90,15,88,18,52,18,42,20,272,71,0.015623807907104492
344,0.0036452004860267314,0.00546448087431694,0.00331858407079646,0.004838709677419355,251,91,15,88,18,52,18,42,20,273,71,0.016766071319580078
345,0.0036452004860267314,0.00546448087431694,0.00331858407079646,0.004838709677419355,252,92,15,88,18,52,18,42,20,274,71,0.01566600799560547
346,0.0036452004860267314,0.00546448087431694,0.00331858407079646,0.004838709677419355,253,92,15,88,18,52,18,43,20,275,71,0.015769004821777344
347,0.0036452004860267314,0.00546448087431694,0.00331858407079646,0.004838709677419355,254,92,15,88,18,52,18,44,20,276,71,0.01675868034362793
348,0.0036452004860267314,0.00546448087431694,0.00331858407079646,0.004838709677419355,255,92,15,88,19,52,18,44,20,276,72,0.018244028091430664
349,0.0036452004860267314,0.00546448087431694,0.00331858407079646,0.004838709677419355,255,92,15,89,19,52,18,44,20,277,72,0.01804375648498535
350,0.0036452004860267314,0.00546448087431694,0.00331858407079646,0.004838709677419355,256,92,15,89,19,52,18,45,20,278,72,0.017132043838500977
351,0.0036452004860267314,0.00546448087431694,0.00331858407079646,0.004838709677419355,257,93,15,89,19,52,18,45,20,279,72,0.01695704460144043
352,0.0036452004860267314,0.00546448087431694,0.00331858407079646,0.004838709677419355,258,93,15,90,19,52,18,45,20,280,72,0.01548314094543457
353,0.0036452004860267314,0.00546448087431694,0.00331858407079646,0.004838709677419355,259,93,15,90,19,52,18,45,21,280,73,0.015211820602416992
354,0.0036452004860267314,0.00546448087431694,0.00331858407079646,0.004838709677419355,259,93,15,90,19,52,18,46,21,281,73,0.015902042388916016
355,0.0036452004860267314,0.00546448087431694,0.00331858407079646,0.004838709677419355,260,94,15,90,19,52,18,46,21,282,73,0.016373872756958008
356,0.0036452004860267314,0.00546448087431694,0.00331858407079646,0.004838709677419355,260,94,15,90,19,53,18,46,21,283,73,0.01716303825378418
357,0.0036452004860267314,0.00546448087431694,0.00331858407079646,0.004838709677419355,261,94,15,91,19,53,18,46,21,284,73,0.019566059112548828
358,0.0036452004860267314,0.00546448087431694,0.00331858407079646,0.004838709677419355,262,94,15,92,19,53,18,46,21,285,73,0.018584012985229492
359,0.0036452004860267314,0.00546448087431694,0.00331858407079646,0.004838709677419355,263,95,15,92,19,53,18,46,21,286,73,0.016782760620117188
360,0.0036452004860267314,0.00546448087431694,0.00331858407079646,0.004838709677419355,264,96,15,92,19,53,18,46,21,287,73,0.016156911849975586
361,0.0036452004860267314,0.00546448087431694,0.00331858407079646,0.004838709677419355,265,96,16,92,19,53,18,46,21,287,74,0.016295909881591797
362,0.0036452004860267314,0.00546448087431694,0.00331858407079646,0.004838709677419355,266,97,16,92,19,53,18,46,21,288,74,0.0159761905670166
363,0.0036452004860267314,0.00546448087431694,0.00331858407079646,0.004838709677419355,266,97,16,92,19,53,19,46,21,288,75,0.015549898147583008
364,0.0,0.0018214936247723133,0.0,0.0016129032258064516,266,97,16,92,19,53,19,46,22,288,76,0.019331932067871094
365,0.0,0.0018214936247723133,0.0,0.0016129032258064516,267,98,16,92,19,53,19,46,22,289,76,0.025622129440307617
366,0.0036452004860267314,0.00546448087431694,0.00331858407079646,0.004838709677419355,267,99,16,92,19,53,19,46,22,290,76,0.020273923873901367
367,0.0,0.0018214936247723133,0.0,0.0016129032258064516,268,100,16,92,19,53,19,46,22,291,76,0.019933223724365234
368,0.0036452004860267314,0.00546448087431694,0.00331858407079646,0.004838709677419355,268,100,16,93,19,53,19,46,22,292,76,0.028550148010253906
369,0.0,0.0018214936247723133,0.0,0.0016129032258064516,268,100,16,93,19,53,20,46,22,292,77,0.018808841705322266
370,0.0036452004860267314,0.00546448087431694,0.00331858407079646,0.004838709677419355,269,101,16,93,19,53,20,46,22,293,77,0.028460025787353516
371,0.0036452004860267314,0.00546448087431694,0.00331858407079646,0.004838709677419355,269,101,16,93,19,53,20,46,23,293,78,0.019018173217773438
372,0.0,0.0018214936247723133,0.0,0.0016129032258064516,269,101,16,93,19,53,21,46,23,293,79,0.024265050888061523
373,0.0036452004860267314,0.00546448087431694,0.00331858407079646,0.004838709677419355,270,102,16,93,19,53,21,46,23,294,79,0.019847869873046875
374,0.0036452004860267314,0.00546448087431694,0.00331858407079646,0.004838709677419355,270,102,16,93,19,53,21,47,23,295,79,0.022528886795043945
375,0.0036452004860267314,0.00546448087431694,0.00331858407079646,0.004838709677419355,270,102,16,93,19,53,21,48,23,296,79,0.017518997192382812
376,0.0036452004860267314,0.00546448087431694,0.00331858407079646,0.004838709677419355,271,102,16,94,19,53,21,48,23,297,79,0.015717744827270508
377,0.0036452004860267314,0.00546448087431694,0.00331858407079646,0.004838709677419355,271,103,16,94,19,53,21,48,23,298,79,0.01680612564086914
378,0.0036452004860267314,0.00546448087431694,0.00331858407079646,0.004838709677419355,272,104,16,94,19,53,21,48,23,299,79,0.016354084014892578
379,0.0036452004860267314,0.00546448087431694,0.00331858407079646,0.004838709677419355,272,104,16,95,19,53,21,48,23,300,79,0.018175840377807617
380,0.0036452004860267314,0.00546448087431694,0.00331858407079646,0.004838709677419355,272,104,16,96,19,53,21,48,23,301,79,0.01606297492980957
381,0.0036452004860267314,0.00546448087431694,0.00331858407079646,0.004838709677419355,272,104,16,97,19,53,21,48,23,302,79,0.01670980453491211
382,0.0036452004860267314,0.00546448087431694,0.00331858407079646,0.004838709677419355,272,104,16,97,20,53,21,48,23,302,80,0.01842784881591797
383,0.0036452004860267314,0.00546448087431694,0.00331858407079646,0.004838709677419355,272,104,16,97,20,53,21,49,23,303,80,0.023651838302612305
384,0.0036452004860267314,0.00546448087431694,0.00331858407079646,0.004838709677419355,272,104,16,97,20,54,21,49,23,304,80,0.01783013343811035
385,0.0036452004860267314,0.00546448087431694,0.00331858407079646,0.004838709677419355,273,104,16,98,20,54,21,49,23,305,80,0.01650094985961914
386,0.0036452004860267314,0.00546448087431694,0.00331858407079646,0.004838709677419355,274,104,16,98,21,54,21,49,23,305,81,0.017086029052734375
387,0.0036452004860267314,0.00546448087431694,0.00331858407079646,0.004838709677419355,275,105,16,98,21,54,21,49,23,306,81,0.01687002182006836
388,0.0036452004860267314,0.00546448087431694,0.00331858407079646,0.004838709677419355,275,105,16,98,21,54,21,50,23,307,81,0.01622486114501953
389,0.0036452004860267314,0.00546448087431694,0.00331858407079646,0.004838709677419355,276,106,16,98,21,54,21,50,23,308,81,0.016698122024536133
390,0.0036452004860267314,0.00546448087431694,0.00331858407079646,0.004838709677419355,277,107,16,98,21,54,21,50,23,309,81,0.01592278480529785
391,0.0036452004860267314,0.00546448087431694,0.00331858407079646,0.004838709677419355,278,108,16,98,21,54,21,50,23,310,81,0.01633596420288086
392,0.0036452004860267314,0.00546448087431694,0.00331858407079646,0.004838709677419355,278,108,16,98,22,54,21,50,23,310,82,0.0196993350982666
393,0.0036452004860267314,0.00546448087431694,0.00331858407079646,0.004838709677419355,279,108,16,98,23,54,21,50,23,310,83,0.018717050552368164
394,0.0036452004860267314,0.00546448087431694,0.00331858407079646,0.004838709677419355,280,109,16,98,23,54,21,50,23,311,83,0.01932215690612793
395,0.0036452004860267314,0.00546448087431694,0.00331858407079646,0.004838709677419355,280,109,16,98,23,54,21,50,24,311,84,0.017201900482177734
396,0.0036452004860267314,0.00546448087431694,0.00331858407079646,0.004838709677419355,280,109,16,99,23,54,21,50,24,312,84,0.017075061798095703
397,0.0036452004860267314,0.00546448087431694,0.00331858407079646,0.004838709677419355,280,110,16,99,23,54,21,50,24,313,84,0.016392946243286133
398,0.0036452004860267314,0.00546448087431694,0.00331858407079646,0.004838709677419355,280,110,16,100,23,54,21,50,24,314,84,0.016276121139526367
399,0.0036452004860267314,0.00546448087431694,0.00331858407079646,0.004838709677419355,281,111,16,100,23,54,21,50,24,315,84,0.016804933547973633
400,0.0036452004860267314,0.00546448087431694,0.00331858407079646,0.004838709677419355,282,111,16,101,23,54,21,50,24,316,84,0.016093969345092773
401,0.0036452004860267314,0.00546448087431694,0.00331858407079646,0.004838709677419355,282,111,16,102,23,54,21,50,24,317,84,0.016989946365356445
402,0.0036452004860267314,0.00546448087431694,0.00331858407079646,0.004838709677419355,283,112,16,102,23,54,21,50,24,318,84,0.016634702682495117
403,0.0036452004860267314,0.00546448087431694,0.00331858407079646,0.004838709677419355,284,112,16,102,23,54,22,50,24,318,85,0.018191814422607422
404,0.0036452004860267314,0.00546448087431694,0.00331858407079646,0.004838709677419355,285,112,16,103,23,54,22,50,24,319,85,0.01920914649963379
405,0.0036452004860267314,0.00546448087431694,0.00331858407079646,0.004838709677419355,286,113,16,103,23,54,22,50,24,320,85,0.016297340393066406
406,0.0036452004860267314,0.00546448087431694,0.00331858407079646,0.004838709677419355,287,114,16,103,23,54,22,50,24,321,85,0.017282962799072266
407,0.0036452004860267314,0.00546448087431694,0.00331858407079646,0.004838709677419355,288,114,16,104,23,54,22,50,24,322,85,0.016102075576782227
408,0.0036452004860267314,0.00546448087431694,0.00331858407079646,0.004838709677419355,289,115,16,104,23,54,22,50,24,323,85,0.017063140869140625
409,0.0036452004860267314,0.00546448087431694,0.00331858407079646,0.004838709677419355,290,116,16,104,23,54,22,50,24,324,85,0.016902923583984375
410,0.0036452004860267314,0.00546448087431694,0.00331858407079646,0.004838709677419355,291,116,16,105,23,54,22,50,24,325,85,0.016532182693481445
411,0.0036452004860267314,0.00546448087431694,0.00331858407079646,0.004838709677419355,292,117,16,105,23,54,22,50,24,326,85,0.01743483543395996
412,0.0036452004860267314,0.00546448087431694,0.00331858407079646,0.004838709677419355,293,118,16,105,23,54,22,50,24,327,85,0.017429113388061523
413,0.0036452004860267314,0.00546448087431694,0.00331858407079646,0.004838709677419355,293,118,16,105,23,55,22,50,24,328,85,0.016738176345825195
414,0.0036452004860267314,0.00546448087431694,0.00331858407079646,0.004838709677419355,294,119,16,105,23,55,22,50,24,329,85,0.016806364059448242
415,0.0036452004860267314,0.00546448087431694,0.00331858407079646,0.004838709677419355,295,119,16,106,23,55,22,50,24,330,85,0.016338109970092773
416,0.0036452004860267314,0.00546448087431694,0.00331858407079646,0.004838709677419355,295,119,16,107,23,55,22,50,24,331,85,0.016937971115112305
417,0.0036452004860267314,0.00546448087431694,0.00331858407079646,0.004838709677419355,296,120,16,107,23,55,22,50,24,332,85,0.018432140350341797
418,0.0036452004860267314,0.00546448087431694,0.00331858407079646,0.004838709677419355,297,120,16,108,23,55,22,50,24,333,85,0.018789291381835938
419,0.0036452004860267314,0.00546448087431694,0.00331858407079646,0.004838709677419355,298,121,16,108,23,55,22,50,24,334,85,0.017438888549804688
420,0.0036452004860267314,0.00546448087431694,0.00331858407079646,0.004838709677419355,299,122,16,108,23,55,22,50,24,335,85,0.018067121505737305
421,0.0036452004860267314,0.00546448087431694,0.00331858407079646,0.004838709677419355,300,123,16,108,23,55,22,50,24,336,85,0.017610549926757812
422,0.0036452004860267314,0.00546448087431694,0.00331858407079646,0.004838709677419355,300,123,16,109,23,55,22,50,24,337,85,0.016550779342651367
423,0.0036452004860267314,0.00546448087431694,0.00331858407079646,0.004838709677419355,300,124,16,109,23,55,22,50,24,338,85,0.01700901985168457
424,0.0036452004860267314,0.00546448087431694,0.00331858407079646,0.004838709677419355,301,125,16,109,23,55,22,50,24,339,85,0.019163131713867188
425,0.0036452004860267314,0.00546448087431694,0.00331858407079646,0.004838709677419355,302,126,16,109,23,55,22,50,24,340,85,0.01929759979248047
426,0.0036452004860267314,0.00546448087431694,0.00331858407079646,0.004838709677419355,303,127,16,109,23,55,22,50,24,341,85,0.0174407958984375
427,0.0036452004860267314,0.00546448087431694,0.00331858407079646,0.004838709677419355,304,127,17,109,23,55,22,50,24,341,86,0.017067909240722656
428,0.0036452004860267314,0.00546448087431694,0.00331858407079646,0.004838709677419355,305,127,17,110,23,55,22,50,24,342,86,0.018380165100097656
429,0.0036452004860267314,0.00546448087431694,0.00331858407079646,0.004838709677419355,305,128,17,110,23,55,22,50,24,343,86,0.01746511459350586
430,0.0036452004860267314,0.00546448087431694,0.00331858407079646,0.004838709677419355,305,128,17,110,23,55,22,51,24,344,86,0.017287731170654297
431,0.0036452004860267314,0.00546448087431694,0.00331858407079646,0.004838709677419355,305,128,17,111,23,55,22,51,24,345,86,0.017617225646972656
432,0.0036452004860267314,0.00546448087431694,0.00331858407079646,0.004838709677419355,306,128,17,111,23,56,22,51,24,346,86,0.017127275466918945
433,0.0036452004860267314,0.00546448087431694,0.00331858407079646,0.004838709677419355,307,128,17,112,23,56,22,51,24,347,86,0.01835489273071289
434,0.0036452004860267314,0.00546448087431694,0.00331858407079646,0.004838709677419355,308,129,17,112,23,56,22,51,24,348,86,0.019037246704101562
435,0.0036452004860267314,0.00546448087431694,0.00331858407079646,0.004838709677419355,309,129,17,113,23,56,22,51,24,349,86,0.01819133758544922
436,0.0036452004860267314,0.00546448087431694,0.00331858407079646,0.004838709677419355,310,130,17,113,23,56,22,51,24,350,86,0.018218994140625
437,0.0036452004860267314,0.00546448087431694,0.00331858407079646,0.004838709677419355,310,130,17,114,23,56,22,51,24,351,86,0.017262935638427734
438,0.0036452004860267314,0.00546448087431694,0.00331858407079646,0.004838709677419355,310,130,17,114,23,56,22,52,24,352,86,0.017234086990356445
439,0.0036452004860267314,0.00546448087431694,0.00331858407079646,0.004838709677419355,310,130,17,115,23,56,22,52,24,353,86,0.016988039016723633
440,0.0036452004860267314,0.00546448087431694,0.00331858407079646,0.004838709677419355,311,131,17,115,23,56,22,52,24,354,86,0.01711583137512207
441,0.0036452004860267314,0.00546448087431694,0.00331858407079646,0.004838709677419355,311,131,17,115,23,56,22,53,24,355,86,0.017817258834838867
442,0.0036452004860267314,0.00546448087431694,0.00331858407079646,0.004838709677419355,312,132,17,115,23,56,22,53,24,356,86,0.01712322235107422
443,0.0036452004860267314,0.00546448087431694,0.00331858407079646,0.004838709677419355,313,132,17,116,23,56,22,53,24,357,86,0.017789125442504883
444,0.0036452004860267314,0.00546448087431694,0.00331858407079646,0.004838709677419355,313,133,17,116,23,56,22,53,24,358,86,0.01955890655517578
445,0.0036452004860267314,0.00546448087431694,0.00331858407079646,0.004838709677419355,313,133,17,116,23,56,22,53,25,358,87,0.018013954162597656
446,0.0036452004860267314,0.00546448087431694,0.00331858407079646,0.004838709677419355,313,133,17,116,23,57,22,53,25,359,87,0.017445802688598633
447,0.0036452004860267314,0.00546448087431694,0.00331858407079646,0.004838709677419355,314,133,17,117,23,57,22,53,25,360,87,0.017461061477661133
448,0.0036452004860267314,0.00546448087431694,0.00331858407079646,0.004838709677419355,315,134,17,117,23,57,22,53,25,361,87,0.017422914505004883
449,0.0036452004860267314,0.00546448087431694,0.00331858407079646,0.004838709677419355,315,134,17,118,23,57,22,53,25,362,87,0.017207860946655273
450,0.0036452004860267314,0.00546448087431694,0.00331858407079646,0.004838709677419355,315,134,17,119,23,57,22,53,25,363,87,0.018351078033447266
451,0.0036452004860267314,0.00546448087431694,0.00331858407079646,0.004838709677419355,316,135,17,119,23,57,22,53,25,364,87,0.0174410343170166
452,0.0036452004860267314,0.00546448087431694,0.00331858407079646,0.004838709677419355,317,136,17,119,23,57,22,53,25,365,87,0.018080949783325195
453,0.0036452004860267314,0.00546448087431694,0.00331858407079646,0.004838709677419355,318,137,17,119,23,57,22,53,25,366,87,0.017280101776123047
454,0.0036452004860267314,0.00546448087431694,0.00331858407079646,0.004838709677419355,319,137,17,120,23,57,22,53,25,367,87,0.017165184020996094
455,0.0036452004860267314,0.00546448087431694,0.00331858407079646,0.004838709677419355,320,137,17,121,23,57,22,53,25,368,87,0.021624088287353516
456,0.0036452004860267314,0.00546448087431694,0.00331858407079646,0.004838709677419355,321,138,17,121,23,57,22,53,25,369,87,0.019700050354003906
457,0.0036452004860267314,0.00546448087431694,0.00331858407079646,0.004838709677419355,322,139,17,121,23,57,22,53,25,370,87,0.019321680068969727
458,0.0036452004860267314,0.00546448087431694,0.00331858407079646,0.004838709677419355,322,139,17,121,23,58,22,53,25,371,87,0.017786741256713867
459,0.0036452004860267314,0.00546448087431694,0.00331858407079646,0.004838709677419355,322,139,17,122,23,58,22,53,25,372,87,0.019578218460083008
460,0.0036452004860267314,0.00546448087431694,0.00331858407079646,0.004838709677419355,323,140,17,122,23,58,22,53,25,373,87,0.017712116241455078
461,0.0036452004860267314,0.00546448087431694,0.00331858407079646,0.004838709677419355,323,140,17,122,23,58,23,53,25,373,88,0.018415212631225586
462,0.0036452004860267314,0.00546448087431694,0.00331858407079646,0.004838709677419355,323,140,17,122,23,59,23,53,25,374,88,0.01873779296875
463,0.0036452004860267314,0.00546448087431694,0.00331858407079646,0.004838709677419355,323,141,17,122,23,59,23,53,25,375,88,0.016950130462646484
464,0.0036452004860267314,0.00546448087431694,0.00331858407079646,0.004838709677419355,324,142,17,122,23,59,23,53,25,376,88,0.01764678955078125
465,0.0036452004860267314,0.00546448087431694,0.00331858407079646,0.004838709677419355,324,142,17,122,23,59,23,54,25,377,88,0.01798415184020996
466,0.0036452004860267314,0.00546448087431694,0.00331858407079646,0.004838709677419355,325,142,17,122,24,59,23,54,25,377,89,0.018429279327392578
467,0.0036452004860267314,0.00546448087431694,0.00331858407079646,0.004838709677419355,326,143,17,122,24,59,23,54,25,378,89,0.01787281036376953
468,0.0036452004860267314,0.00546448087431694,0.00331858407079646,0.004838709677419355,326,143,17,122,24,59,24,54,25,378,90,0.016895294189453125
469,0.0036452004860267314,0.00546448087431694,0.00331858407079646,0.004838709677419355,327,143,17,122,24,60,24,54,25,379,90,0.018809080123901367
470,0.0036452004860267314,0.00546448087431694,0.00331858407079646,0.004838709677419355,328,144,17,122,24,60,24,54,25,380,90,0.017556190490722656
471,0.0036452004860267314,0.00546448087431694,0.00331858407079646,0.004838709677419355,329,145,17,122,24,60,24,54,25,381,90,0.017116069793701172
472,0.0036452004860267314,0.00546448087431694,0.00331858407079646,0.004838709677419355,330,146,17,122,24,60,24,54,25,382,90,0.017485857009887695
473,0.0036452004860267314,0.00546448087431694,0.00331858407079646,0.004838709677419355,331,146,18,122,24,60,24,54,25,382,91,0.01834392547607422
474,0.0036452004860267314,0.00546448087431694,0.00331858407079646,0.004838709677419355,331,146,18,122,25,60,24,54,25,382,92,0.021281957626342773
475,0.0036452004860267314,0.00546448087431694,0.00331858407079646,0.004838709677419355,332,146,18,123,25,60,24,54,25,383,92,0.019504785537719727
476,0.0036452004860267314,0.00546448087431694,0.00331858407079646,0.004838709677419355,332,146,18,124,25,60,24,54,25,384,92,0.018985986709594727
477,0.0036452004860267314,0.00546448087431694,0.00331858407079646,0.004838709677419355,332,146,18,125,25,60,24,54,25,385,92,0.020214080810546875
478,0.0036452004860267314,0.00546448087431694,0.00331858407079646,0.004838709677419355,332,146,18,125,25,61,24,54,25,386,92,0.019208908081054688
479,0.0036452004860267314,0.00546448087431694,0.00331858407079646,0.004838709677419355,332,146,18,125,25,62,24,54,25,387,92,0.019805908203125
480,0.0036452004860267314,0.00546448087431694,0.00331858407079646,0.004838709677419355,333,147,18,125,25,62,24,54,25,388,92,0.01883411407470703
481,0.0036452004860267314,0.00546448087431694,0.00331858407079646,0.004838709677419355,333,147,18,125,25,62,24,55,25,389,92,0.02017998695373535
482,0.0036452004860267314,0.00546448087431694,0.00331858407079646,0.004838709677419355,334,147,18,125,25,63,24,55,25,390,92,0.02132105827331543
483,0.0036452004860267314,0.00546448087431694,0.00331858407079646,0.004838709677419355,335,147,18,125,25,64,24,55,25,391,92,0.01953268051147461
484,0.0036452004860267314,0.00546448087431694,0.00331858407079646,0.004838709677419355,336,147,18,126,25,64,24,55,25,392,92,0.019964218139648438
485,0.0036452004860267314,0.00546448087431694,0.00331858407079646,0.004838709677419355,336,147,19,126,25,64,24,55,25,392,93,0.019540071487426758
486,0.0036452004860267314,0.00546448087431694,0.00331858407079646,0.004838709677419355,336,147,19,126,26,64,24,55,25,392,94,0.023527145385742188
487,0.0036452004860267314,0.00546448087431694,0.00331858407079646,0.004838709677419355,337,147,19,126,27,64,24,55,25,392,95,0.019407272338867188
488,0.0036452004860267314,0.00546448087431694,0.00331858407079646,0.004838709677419355,338,147,19,126,27,65,24,55,25,393,95,0.019219160079956055
489,0.0036452004860267314,0.00546448087431694,0.00331858407079646,0.004838709677419355,338,147,19,126,28,65,24,55,25,393,96,0.02132105827331543
490,0.0036452004860267314,0.00546448087431694,0.00331858407079646,0.004838709677419355,339,147,19,127,28,65,24,55,25,394,96,0.01968097686767578
491,0.0036452004860267314,0.00546448087431694,0.00331858407079646,0.004838709677419355,339,147,19,128,28,65,24,55,25,395,96,0.01939105987548828
492,0.0036452004860267314,0.00546448087431694,0.00331858407079646,0.004838709677419355,340,148,19,128,28,65,24,55,25,396,96,0.01958298683166504
493,0.0036452004860267314,0.00546448087431694,0.00331858407079646,0.004838709677419355,340,148,19,128,28,66,24,55,25,397,96,0.01891779899597168
494,0.0036452004860267314,0.00546448087431694,0.00331858407079646,0.004838709677419355,340,148,19,128,28,67,24,55,25,398,96,0.019719839096069336
495,0.0036452004860267314,0.00546448087431694,0.00331858407079646,0.004838709677419355,341,149,19,128,28,67,24,55,25,399,96,0.01951432228088379
496,0.0036452004860267314,0.00546448087431694,0.00331858407079646,0.004838709677419355,341,149,19,128,28,67,24,56,25,400,96,0.020009756088256836
497,0.0036452004860267314,0.00546448087431694,0.00331858407079646,0.004838709677419355,342,150,19,128,28,67,24,56,25,401,96,0.019492149353027344
498,0.0036452004860267314,0.00546448087431694,0.00331858407079646,0.004838709677419355,343,151,19,128,28,67,24,56,25,402,96,0.019248247146606445
499,0.0036452004860267314,0.00546448087431694,0.00331858407079646,0.004838709677419355,343,151,19,128,28,68,24,56,25,403,96,0.019803762435913086
500,0.0036452004860267314,0.00546448087431694,0.00331858407079646,0.004838709677419355,343,151,19,128,28,68,24,57,25,404,96,0.01959967613220215
501,0.0036452004860267314,0.00546448087431694,0.00331858407079646,0.004838709677419355,344,152,19,128,28,68,24,57,25,405,96,0.018230199813842773
502,0.0036452004860267314,0.00546448087431694,0.00331858407079646,0.004838709677419355,345,153,19,128,28,68,24,57,25,406,96,0.019444942474365234
503,0.0036452004860267314,0.00546448087431694,0.00331858407079646,0.004838709677419355,345,153,19,128,29,68,24,57,25,406,97,0.02165699005126953
504,0.0036452004860267314,0.00546448087431694,0.00331858407079646,0.004838709677419355,346,153,19,129,29,68,24,57,25,407,97,0.02237081527709961
505,0.0036452004860267314,0.00546448087431694,0.00331858407079646,0.004838709677419355,346,153,20,129,29,68,24,57,25,407,98,0.020133018493652344
506,0.0036452004860267314,0.00546448087431694,0.00331858407079646,0.004838709677419355,347,154,20,129,29,68,24,57,25,408,98,0.021686077117919922
507,0.0036452004860267314,0.00546448087431694,0.00331858407079646,0.004838709677419355,348,155,20,129,29,68,24,57,25,409,98,0.020558834075927734
508,0.0036452004860267314,0.00546448087431694,0.00331858407079646,0.004838709677419355,349,155,20,129,30,68,24,57,25,409,99,0.019153833389282227
509,0.0036452004860267314,0.00546448087431694,0.00331858407079646,0.004838709677419355,350,155,20,130,30,68,24,57,25,410,99,0.018959760665893555
510,0.0036452004860267314,0.00546448087431694,0.00331858407079646,0.004838709677419355,350,155,20,130,30,68,24,57,26,410,100,0.0185239315032959
511,0.0036452004860267314,0.00546448087431694,0.00331858407079646,0.004838709677419355,350,155,20,131,30,68,24,57,26,411,100,0.01990485191345215
512,0.0036452004860267314,0.00546448087431694,0.00331858407079646,0.004838709677419355,351,155,20,131,30,68,25,57,26,411,101,0.018563032150268555
513,0.0036452004860267314,0.00546448087431694,0.00331858407079646,0.004838709677419355,351,155,20,132,30,68,25,57,26,412,101,0.018697023391723633
514,0.0036452004860267314,0.00546448087431694,0.00331858407079646,0.004838709677419355,352,155,20,133,30,68,25,57,26,413,101,0.018558025360107422
515,0.0036452004860267314,0.00546448087431694,0.00331858407079646,0.004838709677419355,353,156,20,133,30,68,25,57,26,414,101,0.01841878890991211
516,0.0036452004860267314,0.00546448087431694,0.00331858407079646,0.004838709677419355,354,157,20,133,30,68,25,57,26,415,101,0.018346071243286133
517,0.0036452004860267314,0.00546448087431694,0.00331858407079646,0.004838709677419355,355,158,20,133,30,68,25,57,26,416,101,0.019482851028442383
518,0.0036452004860267314,0.00546448087431694,0.00331858407079646,0.004838709677419355,356,158,20,133,30,69,25,57,26,417,101,0.023796796798706055
519,0.0036452004860267314,0.00546448087431694,0.00331858407079646,0.004838709677419355,356,158,20,134,30,69,25,57,26,418,101,0.018479108810424805
520,0.0036452004860267314,0.00546448087431694,0.00331858407079646,0.004838709677419355,357,159,20,134,30,69,25,57,26,419,101,0.019392728805541992
521,0.0036452004860267314,0.00546448087431694,0.00331858407079646,0.004838709677419355,357,159,20,134,31,69,25,57,26,419,102,0.019649028778076172
522,0.0036452004860267314,0.00546448087431694,0.00331858407079646,0.004838709677419355,357,159,20,134,31,69,26,57,26,419,103,0.019288063049316406
523,0.0036452004860267314,0.00546448087431694,0.00331858407079646,0.004838709677419355,358,160,20,134,31,69,26,57,26,420,103,0.01938605308532715
524,0.0036452004860267314,0.00546448087431694,0.00331858407079646,0.004838709677419355,359,161,20,134,31,69,26,57,26,421,103,0.019435882568359375
525,0.0036452004860267314,0.00546448087431694,0.00331858407079646,0.004838709677419355,360,162,20,134,31,69,26,57,26,422,103,0.020229101181030273
526,0.0036452004860267314,0.00546448087431694,0.00331858407079646,0.004838709677419355,361,163,20,134,31,69,26,57,26,423,103,0.020327091217041016
527,0.0036452004860267314,0.00546448087431694,0.00331858407079646,0.004838709677419355,362,164,20,134,31,69,26,57,26,424,103,0.019459009170532227
528,0.0036452004860267314,0.00546448087431694,0.00331858407079646,0.004838709677419355,362,164,20,134,31,70,26,57,26,425,103,0.020281076431274414
529,0.0036452004860267314,0.00546448087431694,0.00331858407079646,0.004838709677419355,363,165,20,134,31,70,26,57,26,426,103,0.019461870193481445
530,0.0036452004860267314,0.00546448087431694,0.00331858407079646,0.004838709677419355,364,166,20,134,31,70,26,57,26,427,103,0.018402099609375
531,0.0036452004860267314,0.00546448087431694,0.00331858407079646,0.004838709677419355,365,167,20,134,31,70,26,57,26,428,103,0.02001810073852539
532,0.0036452004860267314,0.00546448087431694,0.00331858407079646,0.004838709677419355,365,168,20,134,31,70,26,57,26,429,103,0.019804954528808594
533,0.0036452004860267314,0.00546448087431694,0.00331858407079646,0.004838709677419355,365,168,20,135,31,70,26,57,26,430,103,0.022614002227783203
534,0.0036452004860267314,0.00546448087431694,0.00331858407079646,0.004838709677419355,366,168,21,135,31,70,26,57,26,430,104,0.019476890563964844
535,0.0036452004860267314,0.00546448087431694,0.00331858407079646,0.004838709677419355,367,169,21,135,31,70,26,57,26,431,104,0.019788026809692383
536,0.0036452004860267314,0.00546448087431694,0.00331858407079646,0.004838709677419355,368,170,21,135,31,70,26,57,26,432,104,0.01992321014404297
537,0.0036452004860267314,0.00546448087431694,0.00331858407079646,0.004838709677419355,368,171,21,135,31,70,26,57,26,433,104,0.018973827362060547
538,0.0036452004860267314,0.00546448087431694,0.00331858407079646,0.004838709677419355,369,172,21,135,31,70,26,57,26,434,104,0.019271135330200195
539,0.0036452004860267314,0.00546448087431694,0.00331858407079646,0.004838709677419355,369,172,21,135,31,70,26,57,27,434,105,0.020061969757080078
540,0.0036452004860267314,0.00546448087431694,0.00331858407079646,0.004838709677419355,370,173,21,135,31,70,26,57,27,435,105,0.019849061965942383
541,0.0036452004860267314,0.00546448087431694,0.00331858407079646,0.004838709677419355,370,174,21,135,31,70,26,57,27,436,105,0.019035816192626953
542,0.0036452004860267314,0.00546448087431694,0.00331858407079646,0.004838709677419355,371,175,21,135,31,70,26,57,27,437,105,0.019118070602416992
543,0.0036452004860267314,0.00546448087431694,0.00331858407079646,0.004838709677419355,371,176,21,135,31,70,26,57,27,438,105,0.01967620849609375
544,0.0036452004860267314,0.00546448087431694,0.00331858407079646,0.004838709677419355,371,177,21,135,31,70,26,57,27,439,105,0.022617816925048828
545,0.0036452004860267314,0.00546448087431694,0.00331858407079646,0.004838709677419355,371,177,21,135,31,71,26,57,27,440,105,0.02085399627685547
546,0.0036452004860267314,0.00546448087431694,0.00331858407079646,0.004838709677419355,371,177,21,136,31,71,26,57,27,441,105,0.01973104476928711
547,0.0036452004860267314,0.00546448087431694,0.00331858407079646,0.004838709677419355,372,178,21,136,31,71,26,57,27,442,105,0.021419048309326172
548,0.0036452004860267314,0.00546448087431694,0.00331858407079646,0.004838709677419355,372,178,22,136,31,71,26,57,27,442,106,0.01933598518371582
549,0.0036452004860267314,0.00546448087431694,0.00331858407079646,0.004838709677419355,372,178,22,136,31,71,26,57,28,442,107,0.019541025161743164
550,0.0036452004860267314,0.00546448087431694,0.00331858407079646,0.004838709677419355,373,179,22,136,31,71,26,57,28,443,107,0.021146059036254883
551,0.0036452004860267314,0.00546448087431694,0.00331858407079646,0.004838709677419355,373,179,22,137,31,71,26,57,28,444,107,0.0203549861907959
552,0.0036452004860267314,0.00546448087431694,0.00331858407079646,0.004838709677419355,374,180,22,137,31,71,26,57,28,445,107,0.019131898880004883
553,0.0036452004860267314,0.00546448087431694,0.00331858407079646,0.004838709677419355,374,180,22,138,31,71,26,57,28,446,107,0.019601821899414062
554,0.0036452004860267314,0.00546448087431694,0.00331858407079646,0.004838709677419355,375,181,22,138,31,71,26,57,28,447,107,0.02048206329345703
555,0.0036452004860267314,0.00546448087431694,0.00331858407079646,0.004838709677419355,376,181,22,139,31,71,26,57,28,448,107,0.019716978073120117
556,0.0036452004860267314,0.00546448087431694,0.00331858407079646,0.004838709677419355,377,182,22,139,31,71,26,57,28,449,107,0.020100116729736328
557,0.0036452004860267314,0.00546448087431694,0.00331858407079646,0.004838709677419355,378,183,22,139,31,71,26,57,28,450,107,0.020029067993164062
558,0.0036452004860267314,0.00546448087431694,0.00331858407079646,0.004838709677419355,379,184,22,139,31,71,26,57,28,451,107,0.020299911499023438
559,0.0036452004860267314,0.00546448087431694,0.00331858407079646,0.004838709677419355,380,185,22,139,31,71,26,57,28,452,107,0.020425796508789062
560,0.0036452004860267314,0.00546448087431694,0.00331858407079646,0.004838709677419355,380,186,22,139,31,71,26,57,28,453,107,0.021024703979492188
561,0.0036452004860267314,0.00546448087431694,0.00331858407079646,0.004838709677419355,381,187,22,139,31,71,26,57,28,454,107,0.021187782287597656
562,0.0036452004860267314,0.00546448087431694,0.00331858407079646,0.004838709677419355,382,188,22,139,31,71,26,57,28,455,107,0.020854949951171875
563,0.0036452004860267314,0.00546448087431694,0.00331858407079646,0.004838709677419355,382,188,22,139,31,71,27,57,28,455,108,0.02279806137084961
564,0.0036452004860267314,0.00546448087431694,0.00331858407079646,0.004838709677419355,382,188,22,140,31,71,27,57,28,456,108,0.02033686637878418
565,0.0036452004860267314,0.00546448087431694,0.00331858407079646,0.004838709677419355,382,188,23,140,31,71,27,57,28,456,109,0.019860029220581055
566,0.0036452004860267314,0.00546448087431694,0.00331858407079646,0.004838709677419355,382,188,23,140,31,71,27,58,28,457,109,0.019894123077392578
567,0.0036452004860267314,0.00546448087431694,0.00331858407079646,0.004838709677419355,383,188,23,141,31,71,27,58,28,458,109,0.020045042037963867
568,0.0036452004860267314,0.00546448087431694,0.00331858407079646,0.004838709677419355,383,188,23,142,31,71,27,58,28,459,109,0.020911216735839844
569,0.0036452004860267314,0.00546448087431694,0.00331858407079646,0.004838709677419355,383,188,23,143,31,71,27,58,28,460,109,0.019876956939697266
570,0.0036452004860267314,0.00546448087431694,0.00331858407079646,0.004838709677419355,383,188,23,143,32,71,27,58,28,460,110,0.019986867904663086
571,0.0036452004860267314,0.00546448087431694,0.00331858407079646,0.004838709677419355,383,188,23,143,32,72,27,58,28,461,110,0.019850969314575195
572,0.0036452004860267314,0.00546448087431694,0.00331858407079646,0.004838709677419355,384,188,23,143,32,72,28,58,28,461,111,0.020743846893310547
573,0.0036452004860267314,0.00546448087431694,0.00331858407079646,0.004838709677419355,384,188,23,143,32,73,28,58,28,462,111,0.020373106002807617
574,0.0036452004860267314,0.00546448087431694,0.00331858407079646,0.004838709677419355,385,189,23,143,32,73,28,58,28,463,111,0.020455360412597656
575,0.0036452004860267314,0.00546448087431694,0.00331858407079646,0.004838709677419355,385,189,23,143,33,73,28,58,28,463,112,0.023834943771362305
576,0.0036452004860267314,0.00546448087431694,0.00331858407079646,0.004838709677419355,385,189,23,144,33,73,28,58,28,464,112,0.019961833953857422
577,0.0036452004860267314,0.00546448087431694,0.00331858407079646,0.004838709677419355,385,190,23,144,33,73,28,58,28,465,112,0.020756959915161133
578,0.0036452004860267314,0.00546448087431694,0.00331858407079646,0.004838709677419355,386,191,23,144,33,73,28,58,28,466,112,0.023949146270751953
579,0.0036452004860267314,0.00546448087431694,0.00331858407079646,0.004838709677419355,387,192,23,144,33,73,28,58,28,467,112,0.020390987396240234
580,0.0036452004860267314,0.00546448087431694,0.00331858407079646,0.004838709677419355,388,192,23,145,33,73,28,58,28,468,112,0.019222021102905273
581,0.0036452004860267314,0.00546448087431694,0.00331858407079646,0.004838709677419355,388,193,23,145,33,73,28,58,28,469,112,0.020813941955566406
582,0.0036452004860267314,0.00546448087431694,0.00331858407079646,0.004838709677419355,389,193,24,145,33,73,28,58,28,469,113,0.021197795867919922
583,0.0036452004860267314,0.00546448087431694,0.00331858407079646,0.004838709677419355,390,193,24,146,33,73,28,58,28,470,113,0.020220041275024414
584,0.0036452004860267314,0.00546448087431694,0.00331858407079646,0.004838709677419355,391,194,24,146,33,73,28,58,28,471,113,0.019560813903808594
585,0.0036452004860267314,0.00546448087431694,0.00331858407079646,0.004838709677419355,392,195,24,146,33,73,28,58,28,472,113,0.019910097122192383
586,0.0036452004860267314,0.00546448087431694,0.00331858407079646,0.004838709677419355,392,195,25,146,33,73,28,58,28,472,114,0.02057027816772461
587,0.0036452004860267314,0.00546448087431694,0.00331858407079646,0.004838709677419355,393,196,25,146,33,73,28,58,28,473,114,0.019960880279541016
588,0.0036452004860267314,0.00546448087431694,0.00331858407079646,0.004838709677419355,393,196,25,146,33,74,28,58,28,474,114,0.019756078720092773
589,0.0036452004860267314,0.00546448087431694,0.00331858407079646,0.004838709677419355,393,196,25,146,33,75,28,58,28,475,114,0.021420001983642578
590,0.0036452004860267314,0.00546448087431694,0.00331858407079646,0.004838709677419355,393,196,25,147,33,75,28,58,28,476,114,0.02105712890625
591,0.0036452004860267314,0.00546448087431694,0.00331858407079646,0.004838709677419355,394,197,25,147,33,75,28,58,28,477,114,0.01972794532775879
592,0.0036452004860267314,0.00546448087431694,0.00331858407079646,0.004838709677419355,395,198,25,147,33,75,28,58,28,478,114,0.020279645919799805
593,0.0036452004860267314,0.00546448087431694,0.00331858407079646,0.004838709677419355,395,199,25,147,33,75,28,58,28,479,114,0.019566059112548828
594,0.0036452004860267314,0.00546448087431694,0.00331858407079646,0.004838709677419355,396,199,25,148,33,75,28,58,28,480,114,0.0200808048248291
595,0.0036452004860267314,0.00546448087431694,0.00331858407079646,0.004838709677419355,397,199,25,149,33,75,28,58,28,481,114,0.021200895309448242
596,0.0036452004860267314,0.00546448087431694,0.00331858407079646,0.004838709677419355,398,199,25,150,33,75,28,58,28,482,114,0.02198195457458496
597,0.0036452004860267314,0.00546448087431694,0.00331858407079646,0.004838709677419355,399,200,25,150,33,75,28,58,28,483,114,0.0205838680267334
598,0.0036452004860267314,0.00546448087431694,0.00331858407079646,0.004838709677419355,400,201,25,150,33,75,28,58,28,484,114,0.020410776138305664
599,0.0036452004860267314,0.00546448087431694,0.00331858407079646,0.004838709677419355,401,201,25,150,33,76,28,58,28,485,114,0.02092123031616211
600,0.0036452004860267314,0.00546448087431694,0.00331858407079646,0.004838709677419355,402,202,25,150,33,76,28,58,28,486,114,0.021029233932495117
601,0.0036452004860267314,0.00546448087431694,0.00331858407079646,0.004838709677419355,403,203,25,150,33,76,28,58,28,487,114,0.020181894302368164
602,0.0036452004860267314,0.00546448087431694,0.00331858407079646,0.004838709677419355,404,203,25,150,34,76,28,58,28,487,115,0.0233461856842041
603,0.0036452004860267314,0.00546448087431694,0.00331858407079646,0.004838709677419355,405,203,25,150,34,77,28,58,28,488,115,0.024759769439697266
604,0.0036452004860267314,0.00546448087431694,0.00331858407079646,0.004838709677419355,406,204,25,150,34,77,28,58,28,489,115,0.020701885223388672
605,0.0036452004860267314,0.00546448087431694,0.00331858407079646,0.004838709677419355,407,205,25,150,34,77,28,58,28,490,115,0.02411794662475586
606,0.0036452004860267314,0.00546448087431694,0.00331858407079646,0.004838709677419355,407,205,25,150,34,77,28,58,29,490,116,0.021619081497192383
607,0.0036452004860267314,0.00546448087431694,0.00331858407079646,0.004838709677419355,408,205,25,151,34,77,28,58,29,491,116,0.02078390121459961
608,0.0036452004860267314,0.00546448087431694,0.00331858407079646,0.004838709677419355,408,205,25,151,34,78,28,58,29,492,116,0.02017807960510254
609,0.0036452004860267314,0.00546448087431694,0.00331858407079646,0.004838709677419355,409,206,25,151,34,78,28,58,29,493,116,0.020592689514160156
610,0.0036452004860267314,0.00546448087431694,0.00331858407079646,0.004838709677419355,409,206,25,151,34,78,28,59,29,494,116,0.021759986877441406
611,0.0036452004860267314,0.00546448087431694,0.00331858407079646,0.004838709677419355,409,206,25,151,34,78,29,59,29,494,117,0.020856857299804688
612,0.0036452004860267314,0.00546448087431694,0.00331858407079646,0.004838709677419355,409,207,25,151,34,78,29,59,29,495,117,0.020153045654296875
613,0.0036452004860267314,0.00546448087431694,0.00331858407079646,0.004838709677419355,409,207,25,151,34,78,29,60,29,496,117,0.021345138549804688
614,0.0036452004860267314,0.00546448087431694,0.00331858407079646,0.004838709677419355,410,208,25,151,34,78,29,60,29,497,117,0.01997685432434082
615,0.0036452004860267314,0.00546448087431694,0.00331858407079646,0.004838709677419355,411,209,25,151,34,78,29,60,29,498,117,0.021517038345336914
616,0.0036452004860267314,0.00546448087431694,0.00331858407079646,0.004838709677419355,411,209,25,152,34,78,29,60,29,499,117,0.02074289321899414
617,0.0036452004860267314,0.00546448087431694,0.00331858407079646,0.004838709677419355,411,209,25,152,34,79,29,60,29,500,117,0.023155927658081055
618,0.0036452004860267314,0.00546448087431694,0.00331858407079646,0.004838709677419355,411,209,25,152,34,79,29,61,29,501,117,0.020346879959106445
619,0.0036452004860267314,0.00546448087431694,0.00331858407079646,0.004838709677419355,412,210,25,152,34,79,29,61,29,502,117,0.02046990394592285
620,0.0036452004860267314,0.00546448087431694,0.00331858407079646,0.004838709677419355,413,211,25,152,34,79,29,61,29,503,117,0.020596981048583984
621,0.0036452004860267314,0.00546448087431694,0.00331858407079646,0.004838709677419355,413,211,25,152,34,79,29,61,30,503,118,0.020256996154785156
622,0.0036452004860267314,0.00546448087431694,0.00331858407079646,0.004838709677419355,413,211,25,153,34,79,29,61,30,504,118,0.020694971084594727
623,0.0036452004860267314,0.00546448087431694,0.00331858407079646,0.004838709677419355,414,212,25,153,34,79,29,61,30,505,118,0.0212399959564209
624,0.0036452004860267314,0.00546448087431694,0.00331858407079646,0.004838709677419355,414,212,25,153,34,80,29,61,30,506,118,0.021811962127685547
625,0.0036452004860267314,0.00546448087431694,0.00331858407079646,0.004838709677419355,415,213,25,153,34,80,29,61,30,507,118,0.020583152770996094
626,0.0036452004860267314,0.00546448087431694,0.00331858407079646,0.004838709677419355,416,214,25,153,34,80,29,61,30,508,118,0.020996809005737305
627,0.0036452004860267314,0.00546448087431694,0.00331858407079646,0.004838709677419355,417,214,25,153,34,81,29,61,30,509,118,0.02150893211364746
628,0.0036452004860267314,0.00546448087431694,0.00331858407079646,0.004838709677419355,417,214,25,154,34,81,29,61,30,510,118,0.023946046829223633
629,0.0036452004860267314,0.00546448087431694,0.00331858407079646,0.004838709677419355,418,215,25,154,34,81,29,61,30,511,118,0.023326873779296875
630,0.0036452004860267314,0.00546448087431694,0.00331858407079646,0.004838709677419355,418,215,25,155,34,81,29,61,30,512,118,0.023689985275268555
631,0.0036452004860267314,0.00546448087431694,0.00331858407079646,0.004838709677419355,418,215,25,155,34,82,29,61,30,513,118,0.02088618278503418
632,0.0036452004860267314,0.00546448087431694,0.00331858407079646,0.004838709677419355,419,215,25,155,34,82,30,61,30,513,119,0.02198028564453125
633,0.0036452004860267314,0.00546448087431694,0.00331858407079646,0.004838709677419355,420,215,25,155,35,82,30,61,30,513,120,0.02106022834777832
634,0.0036452004860267314,0.00546448087431694,0.00331858407079646,0.004838709677419355,421,216,25,155,35,82,30,61,30,514,120,0.021442651748657227
635,0.0036452004860267314,0.00546448087431694,0.00331858407079646,0.004838709677419355,422,217,25,155,35,82,30,61,30,515,120,0.021483898162841797
636,0.0036452004860267314,0.00546448087431694,0.00331858407079646,0.004838709677419355,423,218,25,155,35,82,30,61,30,516,120,0.022487878799438477
637,0.0036452004860267314,0.00546448087431694,0.00331858407079646,0.004838709677419355,424,218,25,156,35,82,30,61,30,517,120,0.023186922073364258
638,0.0036452004860267314,0.00546448087431694,0.00331858407079646,0.004838709677419355,424,219,25,156,35,82,30,61,30,518,120,0.0205838680267334
639,0.0036452004860267314,0.00546448087431694,0.00331858407079646,0.004838709677419355,425,219,25,156,35,83,30,61,30,519,120,0.021571874618530273
640,0.0036452004860267314,0.00546448087431694,0.00331858407079646,0.004838709677419355,426,220,25,156,35,83,30,61,30,520,120,0.02147817611694336
641,0.0036452004860267314,0.00546448087431694,0.00331858407079646,0.004838709677419355,426,221,25,156,35,83,30,61,30,521,120,0.020865678787231445
642,0.0036452004860267314,0.00546448087431694,0.00331858407079646,0.004838709677419355,426,221,25,156,35,84,30,61,30,522,120,0.021315813064575195
643,0.0036452004860267314,0.00546448087431694,0.00331858407079646,0.004838709677419355,426,221,25,157,35,84,30,61,30,523,120,0.022693157196044922
644,0.0036452004860267314,0.00546448087431694,0.00331858407079646,0.004838709677419355,426,221,26,157,35,84,30,61,30,523,121,0.021533966064453125
645,0.0036452004860267314,0.00546448087431694,0.00331858407079646,0.004838709677419355,426,221,26,157,35,84,30,61,31,523,122,0.021171092987060547
646,0.0036452004860267314,0.00546448087431694,0.00331858407079646,0.004838709677419355,426,221,26,157,35,84,30,61,32,523,123,0.021724939346313477
647,0.0036452004860267314,0.00546448087431694,0.00331858407079646,0.004838709677419355,427,221,26,158,35,84,30,61,32,524,123,0.020926952362060547
648,0.0036452004860267314,0.00546448087431694,0.00331858407079646,0.004838709677419355,428,222,26,158,35,84,30,61,32,525,123,0.023167848587036133
649,0.0036452004860267314,0.00546448087431694,0.00331858407079646,0.004838709677419355,429,223,26,158,35,84,30,61,32,526,123,0.02342700958251953
650,0.0036452004860267314,0.00546448087431694,0.00331858407079646,0.004838709677419355,430,224,26,158,35,84,30,61,32,527,123,0.024160146713256836
651,0.0036452004860267314,0.00546448087431694,0.00331858407079646,0.004838709677419355,430,224,26,158,35,84,31,61,32,527,124,0.021126747131347656
652,0.0036452004860267314,0.00546448087431694,0.00331858407079646,0.004838709677419355,430,224,26,158,35,84,31,62,32,528,124,0.02291107177734375
653,0.0036452004860267314,0.00546448087431694,0.00331858407079646,0.004838709677419355,430,224,26,158,35,84,32,62,32,528,125,0.02653813362121582
654,0.0036452004860267314,0.00546448087431694,0.00331858407079646,0.004838709677419355,431,225,26,158,35,84,32,62,32,529,125,0.02411198616027832
655,0.0036452004860267314,0.00546448087431694,0.00331858407079646,0.004838709677419355,431,226,26,158,35,84,32,62,32,530,125,0.02159595489501953
656,0.0036452004860267314,0.00546448087431694,0.00331858407079646,0.004838709677419355,431,227,26,158,35,84,32,62,32,531,125,0.02364802360534668
657,0.0036452004860267314,0.00546448087431694,0.00331858407079646,0.004838709677419355,431,227,26,158,35,84,33,62,32,531,126,0.022519826889038086
658,0.0036452004860267314,0.00546448087431694,0.00331858407079646,0.004838709677419355,432,228,26,158,35,84,33,62,32,532,126,0.021528959274291992
