x_0,x_1,x_2,x_3,x_4,x_5,x_6,x_7,x_8,x_9,x_10,x_11,x_12,x_13,x_14,x_15,x_16,x_17,x_18,y,y_1,y_2,y_3,y_4,y_5,y_6
0,201.0,133.0,9.0,0.0,0.0,0.611111,0.240741,0.222222,0.0740741,0.740741,0.333333,1.77778,0.111111,-1.22222,3.11111,-1.88889,1.77778,0.962963,-1.99906,6,4.0,2.0,6.0,4.0,6.0,6.0
1,142.0,33.0,9.0,0.0,0.0,0.499999,0.623609,0.500001,0.349603,110.593,96.7778,128.667,106.333,-41.4444,54.2222,-12.7778,128.667,0.247776,-2.40802,5,0.0,5.0,0.0,5.0,5.0,5.0
2,23.0,188.0,9.0,0.0,0.0,1.66667,0.488888,7.38889,37.2185,30.5926,27.4444,37.7778,26.5556,-9.44444,21.5556,-12.1111,37.7778,0.284148,-2.01451,4,3.0,4.0,5.0,6.0,4.0,4.0
3,156.0,181.0,9.0,0.0,0.0,0.5,0.349603,1.5,0.505525,11.6667,9.0,9.77778,16.2222,-8.0,-5.66667,13.6667,16.2222,0.445979,2.20664,3,4.0,3.0,1.0,3.0,4.0,3.0
4,31.0,42.0,9.0,0.111111,0.0,1.27778,0.685184,0.944444,0.774073,127.037,117.0,141.778,122.333,-30.1111,44.2222,-14.1111,141.778,0.174634,-2.31442,5,2.0,5.0,3.0,5.0,5.0,5.0
5,70.0,197.0,9.0,0.0,0.111111,2.72222,2.01568,5.27778,3.27561,54.8519,48.8889,68.0,47.6667,-17.8889,39.4444,-21.5556,68.0,0.298704,-2.03351,4,1.0,4.0,3.0,5.0,4.0,4.0
6,96.0,133.0,9.0,0.0,0.0,0.0555556,0.0185185,0.222222,0.0296296,0.481482,0.0,1.44444,0.0,-1.44444,2.88889,-1.44444,1.44444,1.0,-2.0944,2,2.0,1.0,2.0,2.0,4.0,2.0
7,62.0,26.0,9.0,0.0,0.0,0.777777,0.272165,0.444444,0.403686,112.222,98.3333,130.889,107.444,-41.6667,56.0,-14.3333,130.889,0.248698,-2.38614,5,5.0,0.0,2.0,5.0,5.0,4.0
8,31.0,96.0,9.0,0.0,0.0,2.33333,3.6,2.77778,6.16296,3.77778,1.0,8.0,2.33333,-8.33333,12.6667,-4.33333,8.0,0.909236,-2.26821,2,5.0,2.0,4.0,2.0,2.0,2.0
9,141.0,62.0,9.0,0.0,0.0,1.88889,2.11852,3.38889,6.37407,27.3704,23.7778,37.6667,20.6667,-10.7778,30.8889,-20.1111,37.6667,0.450305,-1.88841,0,4.0,6.0,6.0,6.0,0.0,0.0
10,119.0,85.0,9.0,0.0,0.0,0.499999,0.299998,0.888887,0.607409,101.037,88.7778,122.556,91.7778,-36.7778,64.5556,-27.7778,122.556,0.275467,-2.18634,5,0.0,2.0,5.0,5.0,6.0,5.0
11,115.0,111.0,9.0,0.0,0.0,0.555556,0.403687,1.94444,1.04172,18.037,9.66667,30.1111,14.3333,-25.1111,36.2222,-11.1111,30.1111,0.679513,-2.33332,2,0.0,3.0,6.0,2.0,2.0,2.0
12,211.0,107.0,9.0,0.111111,0.0,2.55556,2.25185,2.05556,2.81852,16.7407,11.7778,25.7778,12.6667,-14.8889,27.1111,-12.2222,25.7778,0.547173,-2.15946,6,6.0,6.0,1.0,1.0,6.0,6.0
13,92.0,44.0,9.0,0.111111,0.0,0.722223,0.574135,1.16667,1.04881,123.815,113.444,138.111,119.889,-31.1111,42.8889,-11.7778,138.111,0.178428,-2.36728,5,0.0,1.0,6.0,4.0,4.0,5.0
14,40.0,57.0,9.0,0.0,0.0,1.16667,0.722651,1.38889,0.800464,123.556,112.222,139.0,119.444,-34.0,46.3333,-12.3333,139.0,0.192488,-2.37605,5,5.0,5.0,3.0,4.0,6.0,5.0
15,196.0,95.0,9.0,0.0,0.0,1.72222,1.12382,1.33333,1.26491,7.62963,6.77778,10.7778,5.33333,-2.55556,9.44444,-6.88889,10.7778,0.512566,-1.74926,6,6.0,6.0,6.0,6.0,1.0,6.0
16,56.0,243.0,9.0,0.0,0.0,2.22222,5.27407,2.55556,0.829629,6.48148,5.11111,4.88889,9.44444,-4.11111,-4.77778,8.88889,9.44444,0.525437,2.03363,3,0.0,3.0,3.0,3.0,3.0,3.0
17,204.0,156.0,9.0,0.0,0.0,0.5,0.278886,2.0,0.557773,23.7037,17.3333,25.4444,28.3333,-19.1111,5.22222,13.8889,28.3333,0.389034,2.86493,3,1.0,3.0,3.0,3.0,3.0,3.0
18,91.0,247.0,9.0,0.0,0.0,2.66667,1.24722,2.22222,1.42465,12.6296,9.55556,12.4444,15.8889,-9.22222,-0.555556,9.77778,15.8889,0.401833,2.55309,3,6.0,3.0,3.0,5.0,3.0,3.0
19,197.0,182.0,9.0,0.0,0.0,2.22222,1.25904,3.44444,2.82581,55.8519,50.1111,69.1111,48.3333,-17.2222,39.7778,-22.5556,69.1111,0.300643,-2.00156,4,2.0,0.0,0.0,4.0,4.0,4.0
20,125.0,56.0,9.0,0.0,0.0,2.66667,3.64444,2.72222,1.57407,28.6296,26.1111,37.6667,22.1111,-7.55556,27.1111,-19.5556,37.6667,0.41394,-1.81991,0,3.0,0.0,4.0,1.0,0.0,0.0
21,164.0,178.0,9.0,0.222222,0.0,1.38889,0.862965,2.5,1.45556,23.8148,20.2222,21.1111,30.1111,-10.7778,-8.11111,18.8889,30.1111,0.329212,2.19031,3,3.0,0.0,6.0,3.0,3.0,3.0
22,132.0,84.0,9.0,0.0,0.0,3.0,1.22927,0.888889,0.45542,8.88889,7.33333,11.7778,7.55556,-4.66667,8.66667,-4.0,11.7778,0.380483,-2.13694,1,4.0,1.0,0.0,1.0,1.0,1.0
23,187.0,86.0,9.0,0.0,0.0,1.05556,1.06284,3.05556,2.54224,6.7037,4.66667,10.8889,4.55556,-6.11111,12.5556,-6.44444,10.8889,0.594226,-2.05447,6,6.0,6.0,6.0,6.0,6.0,6.0
24,18.0,138.0,9.0,0.0,0.0,0.888889,0.562963,0.833333,0.3,5.74074,7.33333,6.55556,3.33333,4.77778,2.44444,-7.22222,7.33333,0.543871,-0.862108,0,4.0,5.0,3.0,0.0,0.0,0.0
25,222.0,62.0,9.0,0.0,0.0,0.277778,0.250924,0.666667,0.557773,6.40741,4.11111,11.4444,3.66667,-6.88889,15.1111,-8.22222,11.4444,0.680808,-2.03415,6,5.0,4.0,2.0,5.0,6.0,6.0
26,77.0,36.0,9.0,0.0,0.0,0.555556,0.172137,1.05556,0.64693,111.926,98.2222,130.333,107.222,-41.1111,55.2222,-14.1111,130.333,0.24634,-2.38738,5,3.0,5.0,4.0,5.0,5.0,5.0
27,188.0,110.0,9.0,0.0,0.0,0.777778,0.518518,0.777778,0.962963,4.22222,2.77778,7.44444,2.44444,-4.33333,9.66667,-5.33333,7.44444,0.675265,-2.02123,6,6.0,1.0,1.0,0.0,6.0,3.0
28,9.0,236.0,9.0,0.0,0.0,1.83333,3.45556,3.05556,5.52963,11.0741,9.44444,9.44444,14.3333,-4.88889,-4.88889,9.77778,14.3333,0.376554,2.08323,3,0.0,0.0,3.0,3.0,3.0,3.0
29,227.0,69.0,9.0,0.0,0.0,3.61111,45.9296,4.33333,36.4,11.0741,6.88889,16.0,10.3333,-12.5556,14.7778,-2.22222,16.0,0.604281,-2.48187,2,0.0,5.0,2.0,0.0,2.0,2.0
30,24.0,172.0,9.0,0.0,0.0,1.16667,0.91287,9.77778,5.45554,42.037,38.0,50.3333,37.7778,-12.1111,24.8889,-12.7778,50.3333,0.249836,-2.14372,4,3.0,5.0,1.0,4.0,4.0,4.0
31,118.0,126.0,9.0,0.0,0.0,0.666667,0.4,1.83333,2.12222,20.5556,16.1111,28.6667,16.8889,-13.3333,24.3333,-11.0,28.6667,0.437078,-2.1588,1,6.0,1.0,0.0,6.0,1.0,1.0
32,233.0,97.0,9.0,0.0,0.0,0.388889,0.196296,0.555555,0.207407,2.11111,0.111111,5.55556,0.666667,-6.0,10.3333,-4.33333,5.55556,0.984127,-2.19138,2,4.0,6.0,2.0,2.0,2.0,2.0
33,22.0,87.0,9.0,0.0,0.0,1.88889,1.25904,1.16667,0.623611,64.037,55.7778,80.3333,56.0,-24.7778,48.8889,-24.1111,80.3333,0.3097,-2.10507,1,2.0,3.0,4.0,1.0,3.0,1.0
34,96.0,92.0,9.0,0.111111,0.0,3.33333,2.97778,1.77778,0.651851,22.8889,21.7778,29.7778,17.1111,-3.33333,20.6667,-17.3333,29.7778,0.422223,-1.68265,0,6.0,2.0,0.0,0.0,0.0,0.0
35,67.0,64.0,9.0,0.0,0.0,2.11111,2.11852,2.38889,3.44074,22.4815,22.0,28.8889,16.5556,-1.44444,19.2222,-17.7778,28.8889,0.426923,-1.62567,0,6.0,0.0,0.0,3.0,0.0,0.0
36,113.0,96.0,9.0,0.0,0.0,0.944445,0.507407,1.11111,0.34074,3.81481,1.11111,8.55556,1.77778,-8.11111,14.2222,-6.11111,8.55556,0.872222,-2.18623,2,5.0,6.0,6.0,0.0,2.0,2.0
37,67.0,71.0,9.0,0.0,0.0,1.66667,0.888891,1.5,0.299998,125.963,115.556,140.889,121.444,-31.2222,44.7778,-13.5556,140.889,0.179672,-2.33976,5,6.0,4.0,6.0,5.0,5.0,5.0
38,22.0,60.0,9.0,0.0,0.0,0.5,0.3,1.27778,0.729629,19.9259,19.3333,25.7778,14.6667,-1.77778,17.5556,-15.7778,25.7778,0.430484,-1.65005,0,0.0,5.0,0.0,1.0,0.0,0.0
39,148.0,169.0,9.0,0.111111,0.0,1.05556,0.774073,1.83333,2.61111,19.5926,15.1111,18.6667,25.0,-13.4444,-2.77778,16.2222,25.0,0.396121,2.46775,3,5.0,0.0,4.0,4.0,5.0,4.0
40,25.0,41.0,9.0,0.0,0.0,1.0,0.577774,1.5,0.655553,113.407,103.889,131.222,105.111,-28.5556,53.4444,-24.8889,131.222,0.208293,-2.13982,5,4.0,1.0,3.0,5.0,5.0,5.0
41,186.0,173.0,9.0,0.0,0.0,1.44444,0.829631,2.11111,1.98519,17.1481,13.5556,15.5556,22.3333,-10.7778,-4.77778,15.5556,22.3333,0.396433,2.33274,3,6.0,4.0,3.0,5.0,3.0,3.0
42,8.0,93.0,9.0,0.0,0.0,0.833333,0.459468,1.05556,0.928959,19.8889,15.1111,28.8889,15.6667,-14.3333,27.0,-12.6667,28.8889,0.480246,-2.13621,6,6.0,4.0,2.0,1.0,6.0,6.0
43,69.0,81.0,9.0,0.0,0.0,1.83333,2.21111,1.83333,1.01111,19.8519,20.3333,24.6667,14.5556,1.44444,14.4444,-15.8889,24.6667,0.41031,-1.47238,0,6.0,3.0,4.0,0.0,0.0,0.0
44,128.0,144.0,9.0,0.0,0.0,0.0,0.0,0.0,0.0,0.0,0.0,0.0,0.0,0.0,0.0,0.0,0.0,0.0,0.0,6,6.0,6.0,3.0,6.0,6.0,6.0
45,39.0,124.0,9.0,0.0,0.111111,5.33333,4.77494,6.5,4.54484,7.59259,4.11111,12.8889,5.77778,-10.4444,15.8889,-5.44444,12.8889,0.772152,-2.26575,2,2.0,3.0,2.0,2.0,0.0,2.0
46,53.0,42.0,9.0,0.0,0.0,3.27778,0.712325,0.611111,0.534027,28.2593,24.4444,36.2222,24.1111,-11.4444,23.8889,-12.4444,36.2222,0.337893,-2.06101,1,2.0,1.0,1.0,1.0,0.0,0.0
47,10.0,190.0,9.0,0.0,0.0,2.66667,6.97778,2.5,2.65555,32.963,29.3333,41.1111,28.4444,-10.8889,24.4444,-13.5556,41.1111,0.305705,-2.02004,4,4.0,3.0,4.0,5.0,4.0,4.0
48,137.0,182.0,9.0,0.0,0.0,1.83333,3.85556,3.61111,9.21852,34.9259,31.4444,42.8889,30.4444,-10.4444,23.8889,-13.4444,42.8889,0.285756,-2.00112,4,2.0,1.0,4.0,4.0,4.0,2.0
49,46.0,88.0,9.0,0.0,0.0,1.5,1.36667,1.55556,1.27407,3.2963,0.666667,7.66667,1.55556,-7.88889,13.1111,-5.22222,7.66667,0.929574,-2.21654,2,6.0,1.0,2.0,6.0,2.0,2.0
50,228.0,42.0,9.0,0.111111,0.0,2.05556,1.55516,4.33333,2.23109,44.5556,39.5556,54.1111,40.0,-15.0,28.6667,-13.6667,54.1111,0.271572,-2.12013,1,3.0,1.0,3.0,1.0,1.0,1.0
51,165.0,96.0,9.0,0.0,0.0,2.38889,1.57408,1.72222,1.21852,67.037,61.0,80.2222,59.8889,-18.1111,39.5556,-21.4444,80.2222,0.254595,-2.03634,1,2.0,1.0,1.0,1.0,0.0,1.0
52,224.0,124.0,9.0,0.0,0.0,3.16667,9.54444,7.38889,70.1963,43.1481,39.2222,52.6667,37.5556,-11.7778,28.5556,-16.7778,52.6667,0.290982,-1.98098,1,1.0,2.0,1.0,1.0,1.0,1.0
53,254.0,57.0,9.0,0.0,0.0,0.94444,0.77407,1.38889,1.04074,135.778,129.444,146.667,131.222,-19.0,32.6667,-13.6667,146.667,0.118733,-2.18742,5,5.0,5.0,0.0,4.0,6.0,5.0
54,79.0,47.0,9.0,0.111111,0.0,0.666669,0.355557,1.0,1.15556,126.37,116.0,141.667,121.444,-31.1111,45.8889,-14.7778,141.667,0.181012,-2.31579,5,5.0,6.0,4.0,6.0,5.0,5.0
55,241.0,76.0,9.0,0.0,0.0,0.833332,0.211114,1.33333,0.71111,90.0741,74.5556,116.556,79.1111,-46.5556,79.4444,-32.8889,116.556,0.360194,-2.20802,5,5.0,5.0,5.0,5.0,5.0,5.0
56,36.0,243.0,9.0,0.111111,0.0,1.88889,1.85185,2.0,0.71111,13.3333,9.88889,12.1111,18.0,-10.3333,-3.66667,14.0,18.0,0.452229,2.36831,3,3.0,1.0,3.0,3.0,3.0,3.0
57,18.0,66.0,9.0,0.0,0.0,8.66667,9.08968,10.9444,5.28905,39.8889,32.3333,49.5556,37.7778,-22.6667,29.0,-6.33333,49.5556,0.350169,-2.43063,2,6.0,5.0,2.0,3.0,2.0,2.0
58,183.0,91.0,9.0,0.0,0.0,2.66667,0.894427,0.5,0.547722,14.4444,11.0,21.0,11.3333,-10.3333,19.6667,-9.33333,21.0,0.476783,-2.12846,6,0.0,4.0,4.0,6.0,2.0,6.0
59,52.0,66.0,9.0,0.111111,0.0,1.16667,0.255557,1.83333,2.12223,114.222,106.889,128.778,107.0,-22.0,43.6667,-21.6667,128.778,0.174128,-2.09899,5,3.0,5.0,6.0,1.0,5.0,5.0
60,159.0,180.0,9.0,0.111111,0.0,1.55556,0.874074,3.27778,3.3963,21.2593,18.1111,18.1111,27.5556,-9.44444,-9.44444,18.8889,27.5556,0.358862,2.11392,3,0.0,4.0,1.0,3.0,3.0,3.0
61,150.0,158.0,9.0,0.0,0.0,2.16667,1.63333,1.38889,0.418518,8.44444,7.0,12.2222,6.11111,-4.33333,11.3333,-7.0,12.2222,0.503086,-1.94345,1,1.0,5.0,1.0,1.0,1.0,1.0
62,167.0,135.0,9.0,0.0,0.0,0.611111,0.107407,0.611111,0.151852,31.1852,24.0,43.1111,26.4444,-21.5556,35.7778,-14.2222,43.1111,0.443136,-2.2278,6,2.0,6.0,4.0,6.0,6.0,6.0
63,233.0,81.0,9.0,0.0,0.0,0.611113,0.329631,1.05556,0.551853,90.4074,75.6667,116.444,79.1111,-44.2222,78.1111,-33.8889,116.444,0.350039,-2.18233,5,2.0,0.0,1.0,5.0,5.0,5.0
64,225.0,36.0,9.0,0.0,0.0,0.444445,0.272166,0.388889,0.327731,7.92593,5.0,13.6667,5.11111,-8.77778,17.2222,-8.44444,13.6667,0.634921,-2.1073,6,2.0,5.0,4.0,6.0,3.0,6.0
65,32.0,240.0,9.0,0.0,0.0,1.27778,1.5408,2.27778,1.70511,12.1481,9.77778,9.33333,17.3333,-7.11111,-8.44444,15.5556,17.3333,0.470675,2.04387,3,6.0,5.0,6.0,3.0,1.0,6.0
66,110.0,189.0,9.0,0.0,0.0,1.0,0.666667,1.22222,1.18634,12.9259,10.8889,9.22222,18.6667,-6.11111,-11.1111,17.2222,18.6667,0.508139,1.91086,3,2.0,2.0,5.0,3.0,3.0,1.0
67,112.0,90.0,9.0,0.0,0.0,7.38889,6.94556,1.27778,0.879814,65.1852,57.6667,79.7778,58.1111,-22.5556,43.7778,-21.2222,79.7778,0.278345,-2.10881,1,6.0,1.0,1.0,1.0,1.0,6.0
68,110.0,92.0,9.0,0.111111,0.0,1.88889,4.02963,2.27778,3.52963,7.44444,3.22222,12.6667,6.44444,-12.6667,15.6667,-3.0,12.6667,0.759012,-2.45218,2,5.0,0.0,6.0,2.0,2.0,2.0
69,136.0,216.0,9.0,0.111111,0.0,2.77778,1.32777,2.72222,2.98453,15.0741,11.4444,13.2222,20.5556,-10.8889,-5.55556,16.4444,20.5556,0.441675,2.28457,3,5.0,4.0,4.0,4.0,3.0,3.0
70,63.0,13.0,9.0,0.0,0.0,0.611115,0.196294,1.16667,1.01111,132.259,122.778,145.444,128.556,-28.4444,39.5556,-11.1111,145.444,0.155825,-2.36043,5,2.0,6.0,5.0,5.0,1.0,5.0
71,6.0,54.0,9.0,0.0,0.0,0.611109,0.107408,0.944444,0.551855,116.778,109.111,132.444,108.778,-23.0,47.0,-24.0,132.444,0.181149,-2.07915,5,0.0,3.0,5.0,0.0,5.0,5.0
72,103.0,125.0,9.0,0.0,0.0,0.944445,0.827759,0.833333,0.691215,1.77778,0.444444,3.88889,1.0,-4.0,6.33333,-2.33333,3.88889,0.923809,-2.23756,2,2.0,2.0,5.0,5.0,2.0,6.0
73,155.0,80.0,9.0,0.0,0.0,0.999999,0.177779,1.44445,0.696294,96.3333,82.4444,119.333,87.2222,-41.6667,69.0,-27.3333,119.333,0.309059,-2.22871,5,2.0,5.0,5.0,1.0,5.0,5.0
74,74.0,129.0,9.0,0.0,0.0,0.222222,0.0296296,0.111111,0.0296296,0.518518,0.0,1.55556,0.0,-1.55556,3.11111,-1.55556,1.55556,1.0,-2.0944,2,6.0,4.0,0.0,2.0,3.0,2.0
75,248.0,149.0,9.0,0.0,0.0,1.16667,0.788889,1.05556,0.640741,19.0,14.4444,19.7778,22.7778,-13.6667,2.33333,11.3333,22.7778,0.363717,2.74165,3,3.0,4.0,0.0,3.0,6.0,3.0
76,242.0,164.0,9.0,0.111111,0.0,0.388889,0.534027,3.22222,1.04704,19.8148,15.1111,18.7778,25.5556,-14.1111,-3.11111,17.2222,25.5556,0.409529,2.45981,3,4.0,3.0,3.0,3.0,2.0,3.0
77,187.0,120.0,9.0,0.0,0.0,2.22222,2.08345,1.27778,0.646929,60.037,56.8889,69.3333,53.8889,-9.44444,27.8889,-18.4444,69.3333,0.222808,-1.89298,1,1.0,0.0,3.0,1.0,1.0,1.0
78,160.0,168.0,9.0,0.0,0.0,1.5,1.14988,0.666666,0.471404,25.1111,20.8889,23.0,31.4444,-12.6667,-6.33333,19.0,31.4444,0.335386,2.30212,3,3.0,3.0,3.0,3.0,3.0,3.0
79,118.0,109.0,9.0,0.0,0.111111,3.55556,2.65553,4.0,3.08401,13.2963,7.0,22.3333,10.5556,-18.8889,27.1111,-8.22222,22.3333,0.694627,-2.34409,2,1.0,1.0,2.0,2.0,2.0,2.0
80,239.0,143.0,9.0,0.0,0.0,0.333333,0.0444445,0.666667,0.133333,4.51852,6.11111,5.44444,2.0,4.77778,2.77778,-7.55556,6.11111,0.674074,-0.87829,0,1.0,6.0,2.0,2.0,0.0,0.0
81,71.0,180.0,9.0,0.111111,0.0,1.22222,0.562963,3.0,1.86666,22.3333,18.3333,21.4444,27.2222,-12.0,-2.66667,14.6667,27.2222,0.327383,2.45383,3,2.0,4.0,2.0,3.0,0.0,3.0
82,163.0,177.0,9.0,0.111111,0.0,1.16667,0.7,2.5,0.78889,24.5185,21.2222,21.4444,30.8889,-9.88889,-9.22222,19.1111,30.8889,0.321139,2.12542,3,3.0,5.0,0.0,3.0,1.0,3.0
83,94.0,135.0,9.0,0.0,0.0,2.27778,1.26296,0.555555,0.385185,2.18519,0.777778,4.88889,0.888889,-4.22222,8.11111,-3.88889,4.88889,0.888007,-2.11097,6,5.0,4.0,5.0,6.0,6.0,6.0
84,189.0,62.0,9.0,0.0,0.0,0.388889,0.250924,0.444444,0.344265,7.62963,5.0,13.1111,4.77778,-7.88889,16.4444,-8.55556,13.1111,0.635938,-2.06695,6,3.0,0.0,5.0,1.0,6.0,6.0
85,115.0,183.0,9.0,0.0,0.0,1.05556,0.772202,4.72222,1.02017,19.8519,14.5556,19.0,26.0,-15.8889,-2.55556,18.4444,26.0,0.449942,2.50681,3,0.0,3.0,2.0,3.0,3.0,3.0
86,137.0,163.0,9.0,0.0,0.0,1.44444,0.785186,18.8889,5.54076,39.2963,33.7778,47.5556,36.5556,-16.5556,24.7778,-8.22222,47.5556,0.284813,-2.39521,4,0.0,4.0,4.0,0.0,4.0,4.0
87,215.0,193.0,9.0,0.0,0.0,2.0,0.516399,4.83333,1.29529,45.2222,40.8889,55.3333,39.4444,-13.0,30.3333,-17.3333,55.3333,0.289242,-2.00012,4,1.0,4.0,4.0,4.0,4.0,4.0
88,68.0,115.0,9.0,0.0,0.0,3.33333,3.10555,2.72222,2.79218,26.037,18.4444,39.0,20.6667,-22.7778,38.8889,-16.1111,39.0,0.523538,-2.09065,2,2.0,5.0,4.0,2.0,2.0,2.0
89,154.0,120.0,9.0,0.0,0.0,0.444444,0.0296296,0.444445,0.118518,5.96296,7.77778,6.77778,3.33333,5.44444,2.44444,-7.88889,7.77778,0.569444,-0.820403,0,4.0,0.0,5.0,0.0,0.0,0.0
90,106.0,136.0,9.0,0.0,0.0,0.333333,0.177778,0.388889,0.107407,0.703704,0.111111,1.88889,0.111111,-1.77778,3.55556,-1.77778,1.88889,0.962963,-2.0944,2,2.0,2.0,6.0,6.0,5.0,2.0
91,5.0,101.0,9.0,0.0,0.0,2.33333,2.31111,1.77778,0.607407,16.9259,18.3333,19.8889,12.5556,4.22222,8.88889,-13.1111,20.2222,0.376852,-1.21111,0,5.0,1.0,0.0,6.0,0.0,0.0
92,79.0,57.0,9.0,0.0,0.0,1.72222,1.61852,1.94444,1.97407,26.8148,24.0,36.2222,20.2222,-8.44444,28.2222,-19.7778,36.2222,0.440509,-1.83767,0,1.0,5.0,0.0,0.0,0.0,0.0
93,240.0,26.0,9.0,0.0,0.0,1.22222,1.0074,0.888888,0.207411,136.889,131.0,146.556,133.111,-17.6667,29.0,-11.3333,146.556,0.106102,-2.23072,5,0.0,1.0,4.0,4.0,5.0,5.0
94,75.0,75.0,9.0,0.0,0.0,2.83333,4.61111,2.22222,3.71852,25.963,23.3333,34.7778,19.7778,-7.88889,26.4444,-18.5556,34.7778,0.429663,-1.8356,0,0.0,0.0,2.0,0.0,6.0,0.0
95,69.0,17.0,9.0,0.0,0.0,0.611112,0.107405,0.666667,0.311108,130.296,120.778,143.889,126.222,-28.5556,40.7778,-12.2222,143.889,0.160604,-2.33949,5,3.0,6.0,5.0,5.0,5.0,5.0
96,40.0,17.0,9.0,0.0,0.0,1.27778,0.95258,1.44445,1.10889,70.5185,62.4444,86.5556,62.5556,-24.2222,48.1111,-23.8889,86.5556,0.286238,-2.09852,1,1.0,1.0,1.0,3.0,0.0,1.0
97,68.0,127.0,9.0,0.0,0.0,1.05556,0.975629,1.27778,0.827759,16.3704,10.8889,26.4444,11.7778,-16.4444,30.2222,-13.7778,26.4444,0.601444,-2.03581,2,2.0,5.0,2.0,2.0,2.0,2.0
98,57.0,119.0,9.0,0.0,0.0,2.27778,2.02667,1.77778,1.72133,20.5926,12.2222,33.6667,15.8889,-25.1111,39.2222,-14.1111,33.6667,0.635624,-2.26815,2,2.0,1.0,2.0,4.0,2.0,2.0
99,104.0,112.0,9.0,0.0,0.0,0.611111,0.250924,1.05556,0.712325,59.1481,52.2222,73.3333,51.8889,-20.7778,42.5556,-21.7778,73.3333,0.293681,-2.07846,1,1.0,3.0,1.0,1.0,4.0,1.0
100,72.0,235.0,9.0,0.111111,0.0,2.83333,1.74801,5.27778,3.137,15.0741,12.0,15.0,18.2222,-9.22222,-0.222222,9.44444,18.2222,0.347481,2.58602,3,4.0,6.0,3.0,1.0,6.0,3.0
101,71.0,125.0,9.0,0.0,0.0,0.666667,0.471405,0.722222,0.490654,16.4074,12.4444,23.6667,13.1111,-11.8889,21.7778,-9.88889,25.3333,0.56104,-1.7934,2,2.0,2.0,2.0,2.0,2.0,2.0
102,196.0,95.0,9.0,0.0,0.0,1.72222,1.12382,1.33333,1.26491,7.62963,6.77778,10.7778,5.33333,-2.55556,9.44444,-6.88889,10.7778,0.512566,-1.74926,6,6.0,6.0,6.0,6.0,6.0,6.0
103,133.0,182.0,9.0,0.0,0.0,2.5,5.45555,8.66667,71.2445,29.7778,27.2222,35.4444,26.6667,-7.66667,17.0,-9.33333,35.8889,0.256078,-2.21774,4,1.0,4.0,6.0,4.0,4.0,4.0
104,145.0,90.0,9.0,0.0,0.0,1.0,0.577778,2.0,0.399999,24.8519,23.6667,32.2222,18.6667,-3.55556,22.1111,-18.5556,32.2222,0.420598,-1.70594,0,0.0,0.0,0.0,0.0,0.0,2.0
105,143.0,20.0,9.0,0.0,0.0,1.11112,0.75031,1.27778,0.928959,127.333,116.778,142.667,122.556,-31.6667,46.0,-14.3333,142.667,0.181475,-2.32692,5,5.0,2.0,4.0,5.0,5.0,6.0
106,228.0,20.0,9.0,0.0,0.0,1.05555,0.490655,0.833333,0.752773,125.0,114.0,140.556,120.444,-33.0,46.6667,-13.6667,140.556,0.188892,-2.34801,5,5.0,0.0,6.0,5.0,5.0,5.0
107,189.0,184.0,9.0,0.0,0.111111,1.66667,0.843274,2.77778,2.00739,50.5926,45.8889,62.3333,43.5556,-14.1111,35.2222,-21.1111,62.3333,0.300945,-1.96448,4,1.0,2.0,4.0,4.0,2.0,4.0
108,177.0,190.0,9.0,0.0,0.0,0.944445,0.82776,1.38889,0.952579,52.4074,47.3333,64.5556,45.3333,-15.2222,36.4444,-21.2222,64.5556,0.297733,-1.9859,4,1.0,5.0,6.0,2.0,4.0,4.0
109,170.0,143.0,9.0,0.0,0.0,0.0,0.0,0.0,0.0,0.0,0.0,0.0,0.0,0.0,0.0,0.0,0.0,0.0,0.0,6,1.0,6.0,6.0,6.0,6.0,6.0
110,114.0,193.0,9.0,0.0,0.0,3.16667,2.46532,4.5,2.50111,57.8148,51.1111,72.5556,49.7778,-20.1111,44.2222,-24.1111,72.5556,0.314092,-2.0338,4,5.0,0.0,5.0,5.0,1.0,4.0
111,239.0,123.0,9.0,0.0,0.0,0.5,0.0777777,0.5,0.166667,1.51852,0.0,4.22222,0.333333,-4.55556,8.11111,-3.55556,4.22222,1.0,-2.16409,2,6.0,2.0,1.0,4.0,2.0,2.0
112,104.0,134.0,9.0,0.0,0.0,0.5,0.182574,0.833333,0.278887,1.77778,0.111111,3.88889,1.33333,-5.0,6.33333,-1.33333,3.88889,0.977778,-2.42251,2,5.0,4.0,2.0,6.0,2.0,2.0
113,88.0,71.0,9.0,0.111111,0.111111,1.44444,0.785185,4.5,5.67778,22.3333,21.7778,28.5556,16.6667,-1.66667,18.6667,-17.0,28.5556,0.416299,-1.63686,0,5.0,0.0,4.0,0.0,0.0,0.0
114,168.0,184.0,9.0,0.0,0.0,4.66667,1.52023,5.83333,1.81046,48.2593,43.8889,58.6667,42.2222,-13.1111,31.2222,-18.1111,58.6667,0.278195,-1.98678,4,0.0,5.0,3.0,4.0,2.0,4.0
115,45.0,89.0,9.0,0.0,0.0,0.777778,0.340741,0.777778,0.474074,2.2963,0.111111,6.44444,0.333333,-6.55556,12.4444,-5.88889,6.44444,0.986111,-2.1239,2,2.0,3.0,3.0,2.0,2.0,2.0
116,186.0,12.0,9.0,0.0,0.0,0.444444,0.272165,2.33333,1.96638,6.25926,3.88889,11.3333,3.55556,-7.11111,15.2222,-8.11111,11.3333,0.687302,-2.05798,6,6.0,5.0,1.0,6.0,5.0,6.0
117,122.0,129.0,9.0,0.0,0.0,2.27778,0.862963,19.8333,11.9445,51.0,46.8889,60.6667,45.4444,-12.3333,29.0,-16.6667,60.6667,0.248092,-1.99724,1,1.0,6.0,1.0,1.0,1.0,1.0
118,23.0,55.0,9.0,0.0,0.0,2.22222,3.67407,1.77778,0.785185,23.4444,21.6667,31.1111,17.5556,-5.33333,23.0,-17.6667,31.1111,0.43507,-1.77116,0,0.0,6.0,0.0,0.0,0.0,0.0
119,32.0,206.0,9.0,0.0,0.111111,2.83333,1.77326,5.61111,2.80806,57.6296,50.4444,72.1111,50.3333,-21.5556,43.4444,-21.8889,72.1111,0.30568,-2.08593,4,3.0,4.0,5.0,6.0,4.0,4.0
120,21.0,90.0,9.0,0.0,0.0,0.666668,0.0444441,0.777779,0.562963,113.481,105.889,128.556,106.0,-22.7778,45.2222,-22.4444,128.556,0.179697,-2.09781,5,1.0,6.0,5.0,0.0,5.0,5.0
121,120.0,136.0,9.0,0.0,0.0,0.611111,0.418519,1.0,0.444444,6.25926,7.77778,7.22222,3.77778,4.55556,2.88889,-7.44444,8.0,0.529541,-0.924607,0,6.0,3.0,4.0,4.0,4.0,0.0
122,57.0,93.0,9.0,0.0,0.0,0.388889,0.389682,0.222222,0.172132,17.9259,13.2222,27.1111,13.4444,-14.1111,27.5556,-13.4444,27.1111,0.511905,-2.11046,6,6.0,1.0,5.0,3.0,6.0,3.0
123,180.0,97.0,9.0,0.0,0.0,0.944443,0.329631,1.0,0.666667,134.37,126.556,145.444,131.111,-23.4444,33.2222,-9.77778,145.444,0.12985,-2.34623,5,5.0,5.0,2.0,5.0,5.0,5.0
124,202.0,182.0,9.0,0.0,0.0,2.55555,1.85792,3.0,2.0548,55.0741,49.5556,68.1111,47.5556,-16.5556,39.1111,-22.5556,68.1111,0.301601,-1.98922,4,6.0,5.0,5.0,4.0,4.0,4.0
125,201.0,161.0,9.0,0.0,0.0,2.55556,0.518519,11.5,96.6555,41.8148,35.7778,51.4444,38.2222,-18.1111,28.8889,-10.7778,51.4444,0.302983,-2.33897,4,1.0,4.0,5.0,4.0,4.0,1.0
126,76.0,19.0,9.0,0.0,0.0,0.944444,0.443052,0.888888,0.58373,114.259,101.0,132.333,109.444,-39.7778,54.2222,-14.4444,132.333,0.236733,-2.37598,5,6.0,1.0,3.0,6.0,5.0,3.0
127,134.0,187.0,9.0,0.0,0.0,1.88889,1.51535,2.11111,1.78471,59.3704,52.6667,74.1111,51.3333,-20.1111,44.2222,-24.1111,74.1111,0.307458,-2.03348,4,4.0,1.0,3.0,4.0,4.0,4.0
128,161.0,138.0,9.0,0.0,0.0,0.222222,0.172133,0.222222,0.272166,1.22222,0.444444,3.22222,0.0,-2.33333,6.0,-3.66667,3.22222,1.0,-1.94917,6,2.0,6.0,6.0,6.0,1.0,5.0
129,94.0,127.0,9.0,0.0,0.0,0.777778,0.501849,0.777778,0.688531,2.74074,0.555556,5.55556,2.11111,-6.55556,8.44444,-1.88889,5.55556,0.915344,-2.40894,2,2.0,3.0,2.0,1.0,1.0,2.0
130,163.0,68.0,9.0,0.0,0.0,1.83333,2.21111,1.55556,0.962963,56.7778,52.0,68.2222,50.1111,-14.3333,34.3333,-20.0,68.2222,0.265053,-1.98431,1,6.0,5.0,1.0,5.0,1.0,2.0
131,125.0,149.0,9.0,0.0,0.0,0.0,0.0,0.0,0.0,0.0,0.0,0.0,0.0,0.0,0.0,0.0,0.0,0.0,0.0,6,0.0,2.0,4.0,4.0,6.0,6.0
132,198.0,183.0,9.0,0.0,0.0,1.05555,1.18165,3.38889,1.59745,54.037,48.8889,66.5556,46.6667,-15.4444,37.5556,-22.1111,66.5556,0.298622,-1.97496,4,3.0,6.0,2.0,4.0,0.0,4.0
133,250.0,160.0,9.0,0.0,0.0,2.11111,1.18519,1.55556,2.74074,42.8148,36.4444,55.3333,36.6667,-19.1111,37.5556,-18.4444,55.3333,0.347142,-2.10232,4,4.0,5.0,4.0,4.0,4.0,4.0
134,75.0,107.0,9.0,0.111111,0.0,1.16667,0.344445,1.77778,1.54074,16.7037,18.7778,19.4444,11.8889,6.22222,8.22222,-14.4444,19.7778,0.399311,-1.13197,0,5.0,0.0,0.0,6.0,0.0,0.0
135,101.0,42.0,9.0,0.0,0.0,1.11111,0.607408,1.16667,0.744442,137.074,130.444,147.444,133.333,-19.8889,31.1111,-11.2222,147.444,0.115302,-2.26361,5,4.0,5.0,5.0,5.0,2.0,5.0
136,156.0,86.0,9.0,0.0,0.0,2.27778,0.389682,0.277778,0.250924,20.4444,15.8889,28.5556,16.8889,-13.6667,24.3333,-10.6667,28.5556,0.444698,-2.17828,6,3.0,5.0,6.0,0.0,6.0,6.0
137,225.0,181.0,9.0,0.0,0.0,1.16667,0.862812,1.83333,1.32916,55.3333,49.0,68.7778,48.2222,-19.0,40.3333,-21.3333,68.7778,0.300006,-2.05319,4,2.0,5.0,4.0,1.0,4.0,4.0
138,174.0,152.0,9.0,0.0,0.0,0.0,0.0,0.0,0.0,0.0,0.0,0.0,0.0,0.0,0.0,0.0,0.0,0.0,0.0,6,6.0,1.0,2.0,6.0,6.0,6.0
139,212.0,152.0,9.0,0.0,0.0,5.0,7.64444,2.38889,3.26296,26.5556,20.3333,37.6667,21.6667,-18.6667,33.3333,-14.6667,37.6667,0.46343,-2.16573,1,1.0,1.0,1.0,1.0,5.0,1.0
140,130.0,32.0,9.0,0.0,0.0,1.11111,1.04704,0.833334,0.836659,59.4815,54.2222,70.8889,53.3333,-15.7778,34.2222,-18.4444,70.8889,0.249001,-2.04242,1,6.0,6.0,1.0,1.0,5.0,1.0
141,49.0,240.0,9.0,0.0,0.111111,3.05556,1.63865,2.05556,1.74377,20.4444,15.2222,18.7778,27.3333,-15.6667,-5.0,20.6667,27.3333,0.445808,2.42079,3,2.0,6.0,5.0,3.0,3.0,3.0
142,37.0,120.0,9.0,0.0,0.0,0.833333,0.344444,1.05556,0.462963,1.92593,0.222222,4.44444,1.11111,-5.11111,7.55556,-2.44444,4.44444,0.962963,-2.29808,2,3.0,6.0,3.0,2.0,2.0,2.0
143,222.0,62.0,9.0,0.0,0.0,0.277778,0.250924,0.666667,0.557773,6.40741,4.11111,11.4444,3.66667,-6.88889,15.1111,-8.22222,11.4444,0.680808,-2.03415,6,6.0,3.0,6.0,6.0,6.0,6.0
144,86.0,187.0,9.0,0.0,0.0,1.11111,0.720082,1.44444,0.750309,13.7407,11.6667,10.3333,19.2222,-6.22222,-10.2222,16.4444,19.2222,0.463329,1.94146,3,5.0,3.0,4.0,3.0,3.0,3.0
145,27.0,112.0,9.0,0.0,0.0,0.222222,0.344265,0.111111,0.272166,0.148148,0.0,0.444444,0.0,-0.444444,0.888889,-0.444444,0.444444,0.222222,-2.0944,2,6.0,6.0,2.0,3.0,2.0,2.0
146,68.0,122.0,9.0,0.0,0.0,2.77778,2.02941,1.55556,1.99629,20.1481,14.2222,31.1111,15.1111,-17.7778,32.8889,-15.1111,31.1111,0.54583,-2.06017,2,4.0,2.0,2.0,2.0,2.0,2.0
147,114.0,238.0,9.0,0.0,0.0,1.66667,1.13529,1.44444,1.06805,13.6296,11.1111,10.6667,19.1111,-7.55556,-8.88889,16.4444,19.1111,0.461459,2.04668,3,2.0,3.0,4.0,2.0,1.0,3.0
148,192.0,157.0,9.0,0.0,0.0,1.05556,0.507408,0.777778,0.162963,18.3333,13.8889,17.2222,23.8889,-13.3333,-3.33333,16.6667,23.8889,0.418184,2.43862,3,3.0,2.0,0.0,3.0,3.0,3.0
149,222.0,189.0,9.0,0.0,0.0,0.833333,1.00554,1.0,1.19257,17.2963,14.5556,14.1111,23.2222,-8.22222,-9.55556,17.7778,23.2222,0.41042,2.06044,3,3.0,0.0,3.0,2.0,3.0,3.0
150,173.0,90.0,9.0,0.0,0.0,0.666667,0.266666,0.833333,0.344444,23.5185,17.3333,34.4444,18.7778,-18.5556,32.7778,-14.2222,34.4444,0.496719,-2.18244,6,1.0,2.0,6.0,6.0,2.0,6.0
151,15.0,123.0,9.0,0.0,0.0,0.444444,0.118518,0.444444,0.118519,4.55556,6.0,5.33333,2.33333,4.33333,2.33333,-6.66667,6.0,0.61164,-0.853547,0,0.0,5.0,1.0,1.0,1.0,6.0
152,121.0,192.0,9.0,0.111111,0.0,3.38889,2.05931,5.94444,2.48924,60.8148,53.4444,76.4444,52.5556,-22.1111,46.8889,-24.7778,76.4444,0.31261,-2.05546,4,4.0,4.0,4.0,2.0,6.0,2.0
153,14.0,95.0,9.0,0.0,0.0,1.33333,0.699206,1.11111,0.620633,2.25926,0.666667,3.88889,2.22222,-4.77778,4.88889,-0.111111,3.88889,0.874074,-2.55272,2,4.0,4.0,2.0,2.0,2.0,2.0
154,208.0,90.0,9.0,0.0,0.0,2.88889,2.56297,0.722222,0.062963,5.14815,2.77778,10.0,2.66667,-7.11111,14.5556,-7.44444,10.0,0.797212,-2.07343,6,3.0,6.0,3.0,6.0,6.0,6.0
155,190.0,105.0,9.0,0.0,0.0,1.88889,2.2963,2.16667,1.67778,45.7407,41.2222,56.3333,39.6667,-13.5556,31.7778,-18.2222,56.3333,0.295992,-1.99608,1,6.0,1.0,1.0,1.0,1.0,1.0
156,35.0,135.0,9.0,0.0,0.0,0.222222,0.118519,0.222222,0.118519,0.222222,0.0,0.666667,0.0,-0.666667,1.33333,-0.666667,0.666667,0.333333,-2.0944,2,3.0,5.0,2.0,0.0,2.0,2.0
157,166.0,180.0,9.0,0.0,0.0,1.44444,1.58519,7.33333,45.9556,31.4444,28.6667,37.7778,27.8889,-8.33333,19.0,-10.6667,37.7778,0.252953,-2.02103,4,6.0,5.0,4.0,1.0,4.0,5.0
158,97.0,123.0,9.0,0.0,0.0,1.55556,1.09629,13.2222,108.741,52.8148,48.0,64.1111,46.3333,-14.4444,33.8889,-19.4444,64.1111,0.280593,-1.99411,1,1.0,1.0,2.0,1.0,2.0,1.0
159,22.0,200.0,9.0,0.0,0.0,2.88889,2.40986,4.83333,2.62255,54.7037,47.8889,69.0,47.2222,-20.4444,42.8889,-22.4444,69.0,0.317362,-2.06566,4,4.0,5.0,4.0,0.0,4.0,4.0
160,1.0,81.0,9.0,0.0,0.0,12.1667,267.456,9.22222,205.363,21.3333,14.0,30.5556,19.4444,-22.0,27.6667,-5.66667,30.5556,0.595282,-2.43841,2,6.0,4.0,5.0,6.0,2.0,2.0
161,118.0,125.0,9.0,0.0,0.0,0.333333,0.298142,0.888889,0.344265,1.14815,0.0,3.11111,0.333333,-3.44444,5.88889,-2.44444,3.11111,1.0,-2.17565,2,3.0,3.0,3.0,2.0,2.0,2.0
162,142.0,119.0,9.0,0.0,0.0,5.27778,0.854184,1.05556,0.611616,45.6296,40.6667,56.0,40.2222,-14.8889,31.1111,-16.2222,56.0,0.28077,-2.06404,1,3.0,4.0,3.0,1.0,1.0,1.0
163,86.0,197.0,9.0,0.111111,0.111111,1.61111,1.45169,1.27778,1.10386,63.2222,56.2222,77.7778,55.6667,-21.0,43.6667,-22.6667,77.7778,0.285333,-2.06802,4,6.0,4.0,3.0,4.0,4.0,3.0
164,94.0,136.0,9.0,0.0,0.0,0.222222,0.0296296,0.222222,0.0296296,2.55556,1.0,5.77778,0.888889,-4.66667,9.66667,-5.0,5.77778,0.84709,-2.07124,6,4.0,5.0,3.0,5.0,6.0,6.0
165,140.0,34.0,9.0,0.0,0.0,0.499999,0.122222,0.888887,0.207408,105.481,91.2222,127.333,97.8889,-42.7778,65.5556,-22.7778,127.333,0.283524,-2.28664,5,5.0,1.0,1.0,6.0,5.0,5.0
166,39.0,138.0,9.0,0.0,0.0,1.11111,0.501848,2.38889,1.63865,54.6296,49.1111,66.7778,48.0,-16.5556,36.4444,-19.8889,66.7778,0.280911,-2.02966,1,1.0,6.0,1.0,1.0,1.0,1.0
167,61.0,104.0,9.0,0.222222,0.0,1.38889,0.729627,1.44444,0.740741,57.3333,52.7778,68.2222,51.0,-13.6667,32.6667,-19.0,68.2222,0.252203,-1.98522,1,6.0,5.0,1.0,1.0,1.0,1.0
168,66.0,160.0,9.0,0.0,0.0,3.0,4.04445,2.77778,0.429629,22.8519,18.2222,31.5556,18.7778,-13.8889,26.1111,-12.2222,31.5556,0.426014,-2.13873,1,1.0,1.0,1.0,1.0,1.0,6.0
169,67.0,32.0,9.0,0.0,0.0,0.944444,1.06284,1.77778,1.31092,126.222,115.111,142.222,121.333,-33.3333,48.0,-14.6667,142.222,0.190625,-2.33375,5,0.0,0.0,5.0,5.0,5.0,5.0
170,42.0,203.0,9.0,0.0,0.0,0.944445,0.64693,6.05556,2.46231,54.5185,48.6667,67.1111,47.7778,-17.5556,37.7778,-20.2222,67.1111,0.289793,-2.04654,4,3.0,2.0,4.0,0.0,4.0,4.0
171,217.0,77.0,9.0,0.0,0.0,1.55556,2.74074,1.66667,0.533333,40.2222,37.2222,48.2222,35.2222,-9.0,24.0,-15.0,48.2222,0.269192,-1.93207,1,2.0,1.0,1.0,1.0,1.0,1.0
172,34.0,242.0,9.0,0.0,0.0,1.61111,1.63865,2.44444,1.10889,14.8148,11.3333,15.6667,17.4444,-10.4444,2.55556,7.88889,17.4444,0.353161,2.83561,3,4.0,0.0,3.0,3.0,5.0,0.0
173,160.0,110.0,9.0,0.0,0.0,0.833333,0.691214,0.444444,0.272165,31.6296,27.2222,39.3333,28.3333,-13.2222,23.1111,-9.88889,39.3333,0.307444,-2.18724,6,2.0,0.0,6.0,5.0,6.0,2.0
174,147.0,92.0,9.0,0.0,0.0,1.11111,0.429631,1.38889,2.24074,23.4444,22.7778,30.0,17.5556,-2.0,19.6667,-17.6667,30.0,0.414356,-1.65393,0,0.0,0.0,0.0,1.0,0.0,0.0
175,10.0,172.0,9.0,0.0,0.0,4.27778,4.38896,6.66667,7.36055,44.7778,40.3333,54.6667,39.3333,-13.3333,29.6667,-16.3333,54.6667,0.278044,-2.05245,4,4.0,4.0,0.0,4.0,4.0,4.0
176,238.0,55.0,9.0,0.0,0.0,0.722224,0.490652,1.0,0.557774,113.667,101.0,132.222,107.778,-38.0,55.6667,-17.6667,132.222,0.235894,-2.3197,5,6.0,2.0,5.0,5.0,5.0,5.0
177,176.0,233.0,9.0,0.111111,0.0,1.44444,1.14827,2.61111,1.90224,12.4815,10.3333,8.33333,18.7778,-6.44444,-12.4444,18.8889,18.7778,0.554881,1.90369,3,3.0,2.0,3.0,3.0,6.0,3.0
178,230.0,113.0,9.0,0.0,0.0,1.11111,0.501849,0.555556,0.544331,21.5926,18.1111,27.8889,18.7778,-10.4444,18.8889,-8.44444,27.8889,0.350082,-2.16363,6,6.0,5.0,6.0,6.0,6.0,6.0
179,245.0,23.0,9.0,0.0,0.0,0.666667,0.365148,1.16667,1.22474,123.0,111.0,139.778,118.222,-36.0,50.3333,-14.3333,139.778,0.205901,-2.35626,5,4.0,4.0,3.0,3.0,5.0,5.0
180,120.0,124.0,9.0,0.0,0.0,9.0,112.578,11.1667,184.522,53.7778,49.0,64.4444,47.8889,-14.3333,32.0,-17.6667,64.4444,0.261246,-2.01738,1,0.0,6.0,1.0,1.0,1.0,1.0
181,229.0,195.0,9.0,0.0,0.0,4.16667,2.27792,4.11111,2.24763,47.7037,42.4444,58.8889,41.7778,-15.7778,33.5556,-17.7778,58.8889,0.290278,-2.0527,4,2.0,4.0,2.0,4.0,4.0,4.0
182,9.0,80.0,9.0,0.0,0.0,2.94444,13.7519,16.6667,71.5111,23.6296,17.3333,31.6667,21.8889,-18.8889,24.1111,-5.22222,31.6667,0.514254,-2.43151,2,2.0,4.0,2.0,2.0,2.0,2.0
183,152.0,155.0,9.0,0.0,0.0,0.5,0.611111,10.7778,131.807,7.2963,5.33333,11.0,5.55556,-5.88889,11.1111,-5.22222,11.0,0.5,-2.11557,6,2.0,2.0,2.0,6.0,4.0,6.0
184,215.0,182.0,9.0,0.0,0.0,2.55556,1.4707,2.72222,1.98233,54.1852,48.5556,67.2222,46.7778,-16.8889,39.1111,-22.2222,67.2222,0.30405,-2.00408,4,4.0,4.0,4.0,1.0,4.0,4.0
185,217.0,122.0,9.0,0.0,0.0,0.333333,0.133333,0.5,0.3,6.0,7.22222,7.33333,3.44444,3.66667,4.0,-7.66667,7.66667,0.551808,-1.05144,0,5.0,4.0,5.0,6.0,0.0,0.0
186,237.0,191.0,9.0,0.0,0.0,1.0,0.311111,1.5,1.01111,7.33333,5.33333,5.44444,11.2222,-6.0,-5.66667,11.6667,11.2222,0.53582,2.12242,3,4.0,5.0,2.0,1.0,3.0,3.0
187,178.0,122.0,9.0,0.0,0.0,0.555555,0.118518,0.777778,0.118519,5.85185,7.33333,6.88889,3.33333,4.44444,3.11111,-7.55556,7.44444,0.549603,-0.942559,0,5.0,0.0,0.0,0.0,0.0,0.0
188,16.0,117.0,9.0,0.0,0.0,0.277778,0.151852,0.5,0.211111,5.88889,6.88889,7.44444,3.33333,3.0,4.66667,-7.66667,7.44444,0.553571,-1.17969,0,6.0,3.0,0.0,5.0,0.0,0.0
189,9.0,80.0,9.0,0.0,0.0,2.94444,13.7519,16.6667,71.5111,23.6296,17.3333,31.6667,21.8889,-18.8889,24.1111,-5.22222,31.6667,0.514254,-2.43151,2,0.0,2.0,2.0,0.0,5.0,2.0
190,188.0,73.0,9.0,0.0,0.0,1.05556,0.928958,2.27778,1.99351,40.1852,35.6667,49.7778,35.1111,-13.5556,28.7778,-15.2222,49.7778,0.297096,-2.05496,1,1.0,4.0,2.0,1.0,3.0,1.0
191,105.0,189.0,9.0,0.0,0.0,2.05556,1.51168,4.44444,3.45554,61.4074,55.0,75.4444,53.7778,-19.2222,42.1111,-22.8889,75.4444,0.285515,-2.03589,4,5.0,6.0,4.0,5.0,4.0,4.0
192,142.0,100.0,9.0,0.0,0.0,0.666667,0.266666,1.38889,0.907407,22.2222,21.7778,28.4444,16.4444,-1.33333,18.6667,-17.3333,28.4444,0.421994,-1.6233,0,0.0,6.0,0.0,0.0,0.0,0.0
193,188.0,88.0,9.0,0.0,0.0,0.666667,0.471405,0.333333,0.298142,7.33333,5.11111,12.2222,4.66667,-6.66667,14.6667,-8.0,12.2222,0.61791,-2.03577,6,6.0,4.0,6.0,0.0,6.0,6.0
194,162.0,237.0,9.0,0.111111,0.0,2.27778,1.14342,2.66667,2.56472,13.2222,10.8889,10.0,18.7778,-7.0,-9.66667,16.6667,18.7778,0.472826,1.99038,3,3.0,2.0,1.0,3.0,3.0,3.0
195,230.0,12.0,9.0,0.0,0.0,0.888888,0.272164,1.61111,0.975626,119.037,107.222,135.333,114.556,-35.4444,48.8889,-13.4444,135.333,0.207675,-2.36887,5,1.0,2.0,5.0,1.0,5.0,2.0
196,112.0,102.0,9.0,0.0,0.0,0.555555,0.207407,1.55556,0.474074,3.37037,0.555556,7.66667,1.88889,-8.44444,12.8889,-4.44444,7.66667,0.940741,-2.27516,2,6.0,2.0,2.0,2.0,2.0,2.0
197,98.0,107.0,9.0,0.0,0.0,4.66667,3.73333,3.94444,17.1296,8.7037,4.88889,14.5556,6.66667,-11.4444,17.5556,-6.11111,14.5556,0.697226,-2.28015,2,2.0,2.0,3.0,1.0,2.0,2.0
198,124.0,191.0,9.0,0.0,0.0,3.5,2.73861,3.27778,2.80013,59.7407,52.8889,74.7778,51.5556,-20.5556,45.1111,-24.5556,74.7778,0.313611,-2.03548,4,1.0,0.0,4.0,4.0,4.0,2.0
199,113.0,34.0,9.0,0.0,0.0,2.0,1.13529,0.833331,0.836659,72.8889,65.0,89.1111,64.5556,-23.6667,48.6667,-25.0,89.1111,0.279176,-2.07815,1,1.0,5.0,4.0,3.0,0.0,1.0
200,48.0,202.0,9.0,0.0,0.111111,3.38889,1.62504,4.83333,4.092,58.0,52.0,71.0,51.0,-18.0,39.0,-21.0,71.0,0.284515,-2.04594,4,4.0,1.0,4.0,5.0,3.0,4.0
201,137.0,182.0,9.0,0.0,0.0,1.83333,3.85556,3.61111,9.21852,34.9259,31.4444,42.8889,30.4444,-10.4444,23.8889,-13.4444,42.8889,0.285756,-2.00112,4,5.0,4.0,2.0,4.0,1.0,4.0
202,197.0,236.0,9.0,0.0,0.0,2.44444,6.82963,3.33333,7.6,16.0741,13.1111,16.6667,18.4444,-8.88889,1.77778,7.11111,18.5556,0.292729,2.7898,3,5.0,3.0,3.0,5.0,2.0,3.0
203,59.0,87.0,9.0,0.0,0.111111,11.1667,84.8778,13.2222,70.0296,17.1111,12.2222,23.4444,15.6667,-14.6667,19.0,-4.33333,23.4444,0.652043,-2.41807,2,6.0,6.0,0.0,1.0,2.0,2.0
204,180.0,186.0,9.0,0.111111,0.0,1.5,1.79815,1.94444,1.78159,49.6296,45.0,61.3333,42.5556,-13.8889,35.1111,-21.2222,61.3333,0.306161,-1.95809,4,0.0,5.0,4.0,4.0,4.0,3.0
205,34.0,83.0,9.0,0.0,0.0,1.44444,0.340741,2.44444,0.429631,19.4444,19.5556,24.4444,14.3333,0.333333,15.0,-15.3333,24.4444,0.410073,-1.50701,0,1.0,0.0,0.0,3.0,5.0,0.0
206,95.0,57.0,9.0,0.0,0.0,1.83333,3.41111,2.11111,1.71852,26.2963,24.6667,34.4444,19.7778,-4.88889,24.4444,-19.5556,34.4444,0.425691,-1.73902,0,5.0,2.0,0.0,0.0,0.0,0.0
207,86.0,197.0,9.0,0.111111,0.111111,1.61111,1.45169,1.27778,1.10386,63.2222,56.2222,77.7778,55.6667,-21.0,43.6667,-22.6667,77.7778,0.285333,-2.06802,4,6.0,1.0,2.0,6.0,4.0,4.0
208,12.0,154.0,9.0,0.0,0.0,3.22222,3.05185,2.33333,3.2,19.7037,14.8889,28.5556,15.6667,-14.4444,26.5556,-12.1111,28.5556,0.479715,-2.14253,1,5.0,5.0,1.0,1.0,1.0,1.0
209,16.0,51.0,9.0,0.0,0.0,0.722223,0.443054,0.833335,0.722649,122.963,110.667,140.778,117.444,-36.8889,53.4444,-16.5556,140.778,0.213813,-2.33046,5,0.0,5.0,3.0,5.0,1.0,5.0
210,63.0,203.0,9.0,0.0,0.0,4.27778,3.79131,3.44444,4.03687,58.4815,52.4444,71.6667,51.3333,-18.1111,39.5556,-21.4444,71.6667,0.287107,-2.03464,4,1.0,4.0,4.0,4.0,3.0,4.0
211,123.0,143.0,9.0,0.0,0.0,0.277778,0.389682,0.277778,0.136083,0.407407,0.0,1.22222,0.0,-1.22222,2.44444,-1.22222,1.22222,0.777778,-2.0944,2,2.0,5.0,4.0,5.0,2.0,2.0
212,17.0,98.0,9.0,0.111111,0.0,0.722222,0.712325,0.666667,0.730297,1.51852,0.333333,2.88889,1.33333,-3.55556,4.11111,-0.555556,2.88889,0.916667,-2.4238,2,2.0,2.0,2.0,2.0,2.0,2.0
213,76.0,134.0,9.0,0.111111,0.0,2.55555,1.44016,1.44444,0.544332,48.9259,41.8889,63.1111,41.7778,-21.1111,42.5556,-21.4444,63.1111,0.341111,-2.08691,1,3.0,2.0,1.0,1.0,5.0,0.0
214,113.0,114.0,9.0,0.0,0.0,0.944445,0.507408,0.333334,0.0888892,25.8148,21.0,34.6667,21.7778,-14.4444,26.5556,-12.1111,34.6667,0.393927,-2.15274,6,5.0,6.0,3.0,6.0,6.0,6.0
215,226.0,110.0,9.0,0.0,0.0,0.333333,0.0888889,0.5,0.211111,1.66667,0.111111,4.44444,0.444444,-4.66667,8.33333,-3.66667,4.44444,0.977778,-2.15598,2,6.0,2.0,2.0,2.0,0.0,2.0
216,58.0,58.0,9.0,0.0,0.0,0.555556,0.403686,0.888891,0.860663,123.0,112.556,137.444,119.0,-31.3333,43.3333,-12.0,137.444,0.180972,-2.36538,5,4.0,0.0,5.0,5.0,5.0,5.0
217,17.0,204.0,9.0,0.0,0.0,2.0,1.28236,2.16667,0.752773,57.2593,50.8889,71.2222,49.6667,-19.1111,41.8889,-22.7778,71.2222,0.302671,-2.03737,4,5.0,2.0,4.0,1.0,4.0,4.0
218,21.0,123.0,9.0,0.0,0.0,0.888888,0.385186,1.0,0.355555,19.2963,15.6667,26.3333,15.8889,-10.8889,21.1111,-10.2222,26.3333,0.408913,-2.11573,1,6.0,1.0,1.0,1.0,1.0,1.0
219,58.0,124.0,9.0,0.111111,0.0,1.11111,1.14074,0.555556,0.474074,1.14815,0.111111,2.77778,0.555556,-3.11111,4.88889,-1.77778,2.77778,0.984127,-2.18129,2,4.0,6.0,2.0,4.0,2.0,2.0
220,102.0,73.0,9.0,0.0,0.0,0.388889,0.0629643,1.61111,1.21852,125.519,115.444,140.556,120.556,-30.2222,45.1111,-14.8889,140.556,0.178636,-2.3074,5,5.0,5.0,5.0,4.0,1.0,5.0
221,99.0,184.0,9.0,0.0,0.0,1.83333,3.27778,7.94444,63.3518,31.5185,27.7778,38.7778,28.0,-11.2222,21.7778,-10.5556,38.7778,0.28045,-2.18312,4,4.0,4.0,3.0,4.0,4.0,5.0
222,142.0,33.0,9.0,0.0,0.0,0.499999,0.623609,0.500001,0.349603,110.593,96.7778,128.667,106.333,-41.4444,54.2222,-12.7778,128.667,0.247776,-2.40802,5,3.0,1.0,5.0,5.0,1.0,5.0
223,134.0,54.0,9.0,0.0,0.0,0.611112,0.646931,1.22222,1.0037,124.37,112.667,141.333,119.111,-35.1111,50.8889,-15.7778,141.333,0.202708,-2.32866,5,5.0,0.0,6.0,2.0,1.0,5.0
224,84.0,200.0,9.0,0.0,0.0,4.72222,2.70322,2.5,1.53116,56.6667,50.6667,70.2222,49.1111,-18.0,40.6667,-22.6667,70.2222,0.300817,-2.01537,4,1.0,4.0,4.0,4.0,4.0,4.0
225,178.0,183.0,9.0,0.111111,0.0,2.72222,2.3983,4.66667,3.69985,55.7407,49.6667,69.6667,47.8889,-18.2222,41.7778,-23.5556,69.6667,0.312366,-2.0052,4,3.0,5.0,0.0,4.0,4.0,4.0
226,196.0,93.0,9.0,0.0,0.0,1.77778,2.56296,1.5,0.922222,5.0,2.0,9.33333,3.66667,-9.0,13.0,-4.0,9.33333,0.80862,-2.32942,2,2.0,2.0,0.0,3.0,2.0,2.0
227,76.0,81.0,9.0,0.111111,0.0,1.88889,1.67407,1.33333,2.4,22.7037,22.3333,28.7778,17.0,-1.11111,18.2222,-17.1111,28.7778,0.409201,-1.60679,0,0.0,0.0,6.0,5.0,0.0,0.0
228,120.0,89.0,9.0,0.111111,0.0,4.0,9.55555,5.83333,11.8555,10.4815,5.77778,17.1111,8.55556,-14.1111,19.8889,-5.77778,17.1111,0.686685,-2.35679,2,5.0,5.0,2.0,2.0,2.0,5.0
229,6.0,81.0,9.0,0.0,0.111111,4.11111,8.74075,5.72222,28.5074,12.4815,7.66667,18.8889,10.8889,-14.4444,19.2222,-4.77778,18.8889,0.628156,-2.38856,2,6.0,3.0,2.0,2.0,5.0,2.0
230,217.0,145.0,9.0,0.0,0.0,0.555556,0.162963,0.722222,0.062963,5.2963,6.33333,6.55556,3.0,3.11111,3.77778,-6.88889,7.0,0.564153,-1.06897,0,6.0,3.0,3.0,0.0,0.0,0.0
231,174.0,59.0,9.0,0.0,0.0,0.833335,0.349603,1.33333,0.8165,122.037,110.556,138.778,116.778,-34.4444,50.2222,-15.7778,138.778,0.203326,-2.32317,5,3.0,4.0,0.0,5.0,5.0,5.0
232,95.0,127.0,9.0,0.0,0.0,0.222222,0.0740741,0.222222,0.0296296,0.62963,0.0,1.88889,0.0,-1.88889,3.77778,-1.88889,1.88889,1.0,-2.0944,2,2.0,0.0,2.0,4.0,2.0,2.0
233,104.0,139.0,9.0,0.0,0.0,0.333333,0.516398,0.333333,0.516398,0.666667,0.0,1.77778,0.222222,-2.0,3.33333,-1.33333,1.77778,1.0,-2.15073,2,3.0,2.0,2.0,6.0,2.0,2.0
234,9.0,130.0,9.0,0.0,0.0,0.0555556,0.0185185,2.61111,6.24075,1.74074,1.0,3.22222,1.0,-2.22222,4.44444,-2.22222,3.22222,0.550926,-2.0944,6,2.0,6.0,4.0,6.0,6.0,6.0
235,18.0,87.0,9.0,0.0,0.0,1.55556,1.96261,1.88889,1.74696,2.92593,1.22222,5.66667,1.88889,-5.11111,8.22222,-3.11111,5.66667,0.862771,-2.22949,2,2.0,1.0,3.0,1.0,2.0,2.0
236,110.0,196.0,9.0,0.0,0.111111,3.66667,1.8619,6.88889,4.86103,52.4815,46.8889,65.0,45.5556,-16.7778,37.5556,-20.7778,65.0,0.29763,-2.0226,4,2.0,3.0,4.0,4.0,4.0,1.0
237,14.0,134.0,9.0,0.0,0.0,0.388889,0.062963,0.388889,0.062963,5.2963,6.77778,6.22222,2.88889,4.44444,2.77778,-7.22222,7.0,0.587302,-0.912631,0,1.0,5.0,0.0,2.0,0.0,0.0
238,79.0,154.0,9.0,0.0,0.0,1.11111,1.58518,0.166667,0.0777778,0.740741,0.444444,1.55556,0.222222,-0.888889,2.44444,-1.55556,1.55556,0.288889,-1.91964,6,6.0,6.0,6.0,6.0,4.0,6.0
239,9.0,72.0,9.0,0.0,0.0,0.777777,0.562961,1.5,0.744447,125.444,114.111,141.111,121.111,-34.0,47.0,-13.0,141.111,0.19129,-2.3662,5,5.0,3.0,5.0,6.0,5.0,3.0
240,78.0,72.0,9.0,0.0,0.0,1.11111,1.00741,1.05556,0.729631,125.556,115.333,140.556,120.778,-30.6667,45.0,-14.3333,140.556,0.17933,-2.32084,5,3.0,5.0,5.0,5.0,5.0,5.0
241,103.0,185.0,9.0,0.0,0.0,1.83333,4.65556,9.88889,94.9185,30.8889,27.7778,37.0,27.8889,-9.33333,18.3333,-9.0,37.5556,0.250444,-2.45058,4,0.0,0.0,3.0,4.0,4.0,4.0
242,37.0,126.0,9.0,0.0,0.0,0.388889,0.062963,0.444445,0.251852,5.77778,7.44444,6.77778,3.11111,5.0,3.0,-8.0,7.44444,0.581349,-0.895807,0,0.0,2.0,2.0,0.0,0.0,0.0
243,29.0,81.0,9.0,0.111111,0.0,2.61111,3.75185,2.72222,3.75185,20.4815,20.1111,26.1111,15.2222,-1.11111,16.8889,-15.7778,26.1111,0.412662,-1.56634,0,1.0,1.0,0.0,4.0,0.0,0.0
244,141.0,17.0,9.0,0.111111,0.222222,3.72222,4.4493,5.0,2.319,44.5926,40.3333,54.0,39.4444,-12.7778,28.2222,-15.4444,54.0,0.268186,-2.03005,1,6.0,4.0,1.0,1.0,1.0,1.0
245,97.0,126.0,9.0,0.0,0.0,1.05556,0.374074,1.0,0.844445,6.48148,7.66667,8.0,3.77778,3.55556,4.55556,-8.11111,8.33333,0.551587,-1.11813,0,0.0,0.0,6.0,0.0,0.0,0.0
246,23.0,142.0,9.0,0.0,0.0,0.388889,0.107407,0.944444,0.374074,5.03704,6.55556,5.77778,2.77778,4.55556,2.22222,-6.77778,6.55556,0.574735,-0.829712,0,4.0,4.0,1.0,1.0,0.0,6.0
247,97.0,75.0,9.0,0.0,0.111111,2.0,1.91111,3.77778,8.29629,24.8519,24.0,31.6667,18.8889,-2.55556,20.4444,-17.8889,31.6667,0.40212,-1.65277,0,3.0,4.0,5.0,0.0,0.0,0.0
248,51.0,111.0,9.0,0.0,0.0,16.2222,16.4434,0.444445,0.344265,34.1111,30.3333,42.2222,29.7778,-11.3333,24.3333,-13.0,42.2222,0.290355,-2.00574,1,4.0,2.0,6.0,2.0,1.0,6.0
249,23.0,25.0,9.0,0.0,0.0,1.11111,0.750305,0.611111,0.64693,70.4444,60.6667,89.0,61.6667,-29.3333,55.6667,-26.3333,89.0,0.318191,-2.13042,1,0.0,0.0,1.0,6.0,1.0,1.0
250,49.0,139.0,9.0,0.0,0.0,0.166667,0.0777778,0.333333,0.0888889,0.444444,0.0,1.33333,0.0,-1.33333,2.66667,-1.33333,1.33333,0.777778,-2.0944,2,5.0,4.0,2.0,2.0,4.0,2.0
251,186.0,218.0,9.0,0.0,0.0,1.16667,0.744444,1.16667,0.655555,13.7037,10.6667,12.6667,17.7778,-9.11111,-3.11111,12.2222,17.7778,0.401347,2.38268,3,3.0,0.0,0.0,3.0,3.0,3.0
252,63.0,179.0,9.0,0.0,0.0,0.666667,0.222222,1.55556,0.562963,11.8148,9.77778,9.44444,16.2222,-6.11111,-7.11111,13.2222,16.2222,0.419762,2.04457,3,4.0,3.0,0.0,3.0,3.0,3.0
253,101.0,137.0,9.0,0.0,0.0,0.444444,0.501848,0.833333,0.809664,1.14815,0.222222,2.66667,0.555556,-2.77778,4.55556,-1.77778,2.66667,0.95,-2.20059,2,2.0,2.0,2.0,1.0,1.0,2.0
254,179.0,63.0,9.0,0.0,0.0,0.999997,0.516398,6.22222,5.67516,105.593,92.6667,123.222,100.889,-38.7778,52.8889,-14.1111,123.222,0.248136,-2.37528,5,0.0,6.0,5.0,5.0,4.0,5.0
255,212.0,234.0,9.0,0.0,0.0,0.444445,0.118518,1.05556,0.285185,7.11111,6.0,4.22222,11.1111,-3.33333,-8.66667,12.0,11.1111,0.621324,1.83826,3,3.0,4.0,2.0,3.0,3.0,1.0
256,71.0,95.0,9.0,0.0,0.0,2.11111,3.62963,2.66667,3.55556,9.51852,4.77778,15.4444,8.33333,-14.2222,17.7778,-3.55556,15.4444,0.698902,-2.44501,2,2.0,1.0,2.0,5.0,2.0,2.0
257,72.0,118.0,9.0,0.0,0.0,0.277778,0.0629629,0.555556,0.118518,5.48148,6.55556,6.66667,3.22222,3.22222,3.55556,-6.77778,7.11111,0.545855,-1.05335,0,5.0,3.0,0.0,4.0,0.0,1.0
258,21.0,216.0,9.0,0.111111,0.0,3.83333,0.699998,0.833333,0.477778,16.5556,13.1111,14.0,22.5556,-10.3333,-7.66667,18.0,22.5556,0.426777,2.20931,3,3.0,3.0,4.0,3.0,3.0,3.0
259,215.0,190.0,9.0,0.111111,0.0,1.38889,1.04172,2.61111,1.8429,19.8889,16.0,17.1111,26.5556,-11.6667,-8.33333,20.0,26.5556,0.403522,2.20441,3,3.0,6.0,2.0,3.0,2.0,3.0
260,38.0,202.0,9.0,0.0,0.0,2.16667,1.06979,8.33333,2.51219,57.3333,50.2222,71.5556,50.2222,-21.3333,42.6667,-21.3333,71.5556,0.302514,-2.09375,4,4.0,5.0,6.0,1.0,4.0,4.0
261,177.0,131.0,9.0,0.0,0.0,0.444444,0.42963,0.777778,0.207407,5.96296,7.55556,6.66667,3.66667,4.77778,2.11111,-6.88889,7.55556,0.515873,-0.804846,0,0.0,4.0,0.0,0.0,0.0,0.0
262,86.0,88.0,9.0,0.111111,0.0,2.05556,1.88518,1.72222,3.39629,21.1481,21.4444,26.3333,15.6667,0.888889,15.5556,-16.4444,26.3333,0.405118,-1.51256,0,1.0,6.0,1.0,5.0,0.0,0.0
263,135.0,185.0,9.0,0.111111,0.0,2.22222,2.81004,2.27778,1.28956,47.963,44.1111,57.3333,42.4444,-11.5556,28.1111,-16.5556,57.3333,0.259189,-1.9821,4,4.0,4.0,1.0,1.0,4.0,4.0
264,188.0,42.0,9.0,0.0,0.0,0.777779,0.54433,1.66667,1.26491,108.926,95.6667,126.222,104.889,-39.7778,51.8889,-12.1111,126.222,0.241934,-2.41039,5,5.0,3.0,5.0,0.0,5.0,5.0
265,250.0,176.0,9.0,0.0,0.111111,1.61111,1.06284,3.44444,1.69531,53.6667,47.1111,67.6667,46.2222,-19.6667,42.0,-22.3333,67.6667,0.318137,-2.05226,4,5.0,3.0,4.0,4.0,1.0,4.0
266,142.0,185.0,9.0,0.111111,0.0,2.27778,1.76908,3.11111,1.16746,47.8148,43.8889,58.2222,41.3333,-11.7778,31.2222,-19.4444,58.2222,0.289144,-1.93792,4,4.0,2.0,4.0,5.0,4.0,4.0
267,174.0,50.0,9.0,0.0,0.0,1.0,0.760115,0.944445,0.952579,107.444,94.6667,125.778,101.889,-38.3333,55.0,-16.6667,125.778,0.247337,-2.3373,5,6.0,6.0,5.0,5.0,5.0,5.0
268,186.0,162.0,9.0,0.0,0.0,1.61111,0.596296,12.3889,66.8185,44.0741,37.4444,54.6667,40.1111,-19.8889,31.7778,-11.8889,54.6667,0.301508,-2.38667,4,0.0,6.0,4.0,0.0,0.0,4.0
269,161.0,73.0,9.0,0.0,0.0,0.833333,0.505524,0.61111,0.389682,43.8519,43.0,48.7778,39.7778,-2.55556,14.7778,-12.2222,48.7778,0.184376,-1.72044,1,5.0,2.0,3.0,1.0,1.0,1.0
270,30.0,124.0,9.0,0.0,0.0,0.611111,0.107407,0.611111,0.107407,6.0,7.44444,7.22222,3.33333,4.33333,3.66667,-8.0,7.77778,0.571649,-0.987873,0,2.0,1.0,0.0,0.0,1.0,0.0
271,29.0,111.0,9.0,0.0,0.0,0.388889,0.240741,0.611111,0.151852,5.40741,6.88889,6.33333,3.0,4.44444,2.77778,-7.22222,6.88889,0.564153,-0.897859,0,3.0,3.0,0.0,5.0,0.0,0.0
272,72.0,191.0,9.0,0.111111,0.0,1.27778,0.507408,3.11111,4.60741,15.1852,12.1111,14.8889,18.5556,-9.22222,-0.888889,10.1111,18.5556,0.35037,2.54533,3,6.0,3.0,3.0,6.0,2.0,3.0
273,121.0,55.0,9.0,0.0,0.0,1.5,2.87777,1.44445,1.18518,103.074,90.0,124.111,95.1111,-39.2222,63.1111,-23.8889,124.111,0.274795,-2.25101,5,5.0,3.0,1.0,5.0,5.0,6.0
274,138.0,203.0,9.0,0.0,0.0,1.66667,1.64655,2.27778,1.87873,11.2593,8.77778,8.11111,16.8889,-7.44444,-9.44444,16.8889,16.8889,0.538945,2.01975,3,0.0,3.0,5.0,3.0,6.0,3.0
275,229.0,147.0,9.0,0.0,0.111111,4.05556,14.063,2.5,1.27778,27.2963,20.8889,38.6667,22.3333,-19.2222,34.1111,-14.8889,38.6667,0.457405,-2.17447,1,0.0,2.0,1.0,1.0,1.0,1.0
276,79.0,58.0,9.0,0.0,0.0,1.05556,0.534027,1.05556,0.680414,109.074,96.3333,126.444,104.444,-38.2222,52.1111,-13.8889,126.444,0.238143,-2.37521,5,4.0,5.0,0.0,0.0,5.0,5.0
277,29.0,195.0,9.0,0.0,0.0,0.444444,0.403687,0.611111,0.680414,16.037,14.4444,13.3333,20.3333,-4.77778,-8.11111,12.8889,20.3333,0.342307,1.94304,3,3.0,1.0,0.0,3.0,6.0,3.0
278,26.0,211.0,9.0,0.0,0.0,1.66667,1.46667,1.66667,1.82222,16.3704,13.7778,14.6667,20.6667,-7.77778,-5.11111,12.8889,20.6667,0.333856,2.23903,3,3.0,3.0,3.0,3.0,3.0,2.0
279,139.0,187.0,9.0,0.0,0.0,2.05556,1.12382,1.83333,1.06979,60.4444,53.6667,74.7778,52.8889,-20.3333,43.0,-22.6667,74.7778,0.292692,-2.05821,4,4.0,4.0,4.0,0.0,4.0,0.0
280,95.0,131.0,9.0,0.0,0.0,0.555555,0.162963,1.33333,0.711111,5.33333,6.88889,6.11111,3.0,4.66667,2.33333,-7.0,7.22222,0.592813,-0.850783,0,2.0,0.0,0.0,0.0,0.0,0.0
281,37.0,76.0,9.0,0.0,0.0,1.77778,0.918519,1.83333,1.81111,8.25926,3.77778,13.3333,7.66667,-13.4444,15.2222,-1.77778,13.3333,0.723011,-2.52021,2,4.0,5.0,2.0,2.0,2.0,4.0
282,235.0,46.0,9.0,0.0,0.0,1.16667,0.62361,1.33333,0.596282,114.63,100.889,132.889,110.111,-41.2222,54.7778,-13.5556,132.889,0.240722,-2.39503,5,4.0,5.0,5.0,5.0,5.0,5.0
283,47.0,96.0,9.0,0.0,0.0,0.944445,0.574134,0.833333,0.752772,61.9259,54.4444,77.0,54.3333,-22.4444,45.2222,-22.7778,77.0,0.297221,-2.08911,1,1.0,3.0,1.0,1.0,1.0,1.0
284,75.0,149.0,9.0,0.0,0.0,0.5,0.122222,1.05556,0.507407,7.51852,5.55556,11.8889,5.11111,-5.88889,13.1111,-7.22222,11.8889,0.578708,-2.01863,0,0.0,0.0,0.0,6.0,0.0,0.0
285,67.0,194.0,9.0,0.0,0.0,3.72222,1.49691,6.44444,3.96466,58.8148,51.7778,72.5556,52.1111,-21.1111,41.2222,-20.1111,72.5556,0.286791,-2.11294,4,0.0,2.0,4.0,4.0,4.0,4.0
286,18.0,145.0,9.0,0.0,0.0,0.388889,0.0185185,0.611111,0.374074,3.92593,5.55556,4.0,2.22222,4.88889,0.222222,-5.11111,5.55556,0.600529,-0.57094,0,5.0,0.0,0.0,0.0,0.0,0.0
287,17.0,64.0,9.0,0.0,0.0,1.44444,1.36296,1.66667,1.42222,18.8889,17.5556,25.1111,14.0,-4.0,18.6667,-14.6667,25.1111,0.441092,-1.75551,0,0.0,4.0,6.0,0.0,0.0,0.0
288,33.0,104.0,9.0,0.111111,0.0,1.55556,0.962963,3.05556,5.04074,20.1852,20.2222,24.8889,15.4444,0.111111,14.1111,-14.2222,24.8889,0.380367,-1.55538,0,0.0,3.0,4.0,0.0,0.0,0.0
289,243.0,41.0,9.0,0.0,0.0,1.0,0.355559,0.277779,0.151852,135.222,128.444,145.889,131.333,-20.3333,32.0,-11.6667,145.889,0.119532,-2.27023,5,5.0,2.0,5.0,5.0,5.0,5.0
290,5.0,118.0,9.0,0.0,0.0,0.222222,0.0740741,0.333333,0.0888889,0.925926,0.0,2.55556,0.222222,-2.77778,4.88889,-2.11111,2.55556,1.0,-2.17128,2,6.0,3.0,2.0,2.0,2.0,2.0
291,202.0,41.0,9.0,0.0,0.0,0.944448,0.772202,1.11111,1.0256,123.037,111.889,139.778,117.444,-33.4444,50.2222,-16.7778,139.778,0.199347,-2.29992,5,6.0,2.0,2.0,5.0,0.0,5.0
292,30.0,56.0,9.0,0.0,0.0,1.55556,0.429629,1.5,1.27778,23.7037,22.1111,31.3333,17.6667,-4.77778,22.8889,-18.1111,31.3333,0.43596,-1.74883,0,0.0,5.0,4.0,0.0,0.0,0.0
293,154.0,249.0,9.0,0.0,0.0,3.5,2.30699,4.55556,3.53815,18.0,14.6667,15.6667,23.6667,-10.0,-7.0,17.0,23.6667,0.398397,2.215,3,1.0,2.0,4.0,3.0,3.0,4.0
294,143.0,186.0,9.0,0.0,0.0,2.33333,2.319,2.77778,2.52689,54.963,49.1111,67.8889,47.8889,-17.5556,38.7778,-21.2222,67.8889,0.296251,-2.02862,4,1.0,2.0,4.0,1.0,4.0,1.0
295,174.0,115.0,9.0,0.0,0.0,2.44444,3.40741,3.66667,12.2667,29.4815,23.1111,40.1111,25.2222,-19.1111,31.8889,-12.7778,40.1111,0.421493,-2.21866,6,6.0,6.0,1.0,0.0,4.0,6.0
296,150.0,144.0,9.0,0.0,0.0,0.555556,0.0740741,0.611111,0.151852,2.51852,0.111111,6.55556,0.888889,-7.22222,12.1111,-4.88889,6.55556,0.986111,-2.21216,2,1.0,4.0,2.0,2.0,2.0,3.0
297,13.0,191.0,9.0,0.0,0.0,3.55556,5.40741,7.77778,40.0296,25.2963,23.5556,29.8889,22.4444,-5.22222,13.7778,-8.55556,30.1111,0.237113,-1.85826,4,4.0,4.0,4.0,4.0,0.0,4.0
298,22.0,114.0,9.0,0.111111,0.0,0.944444,1.16269,1.16667,0.408248,30.4815,24.4444,40.7778,26.2222,-18.1111,30.8889,-12.7778,40.7778,0.400536,-2.20716,6,3.0,6.0,5.0,6.0,6.0,6.0
299,60.0,52.0,9.0,0.0,0.0,0.722223,0.596301,0.777777,0.740744,111.63,101.0,129.222,104.667,-31.8889,52.7778,-20.8889,129.222,0.218379,-2.22968,5,5.0,5.0,5.0,5.0,5.0,5.0
300,254.0,73.0,9.0,0.0,0.0,6.66667,7.86554,9.44444,12.33,34.7037,20.5556,57.3333,26.2222,-42.4444,67.8889,-25.4444,57.3333,0.651133,-2.25556,2,1.0,1.0,1.0,2.0,2.0,2.0
301,244.0,105.0,9.0,0.0,0.0,5.94444,4.92349,1.5,0.809664,22.7037,19.1111,29.5556,19.4444,-10.7778,20.5556,-9.77778,29.5556,0.364499,-2.12555,6,6.0,6.0,6.0,3.0,6.0,6.0
302,39.0,246.0,9.0,0.111111,0.0,2.27778,3.26296,1.83333,2.43333,15.3704,12.5556,13.1111,20.4444,-8.44444,-6.77778,15.2222,20.4444,0.393839,2.17054,3,3.0,3.0,5.0,5.0,3.0,3.0
303,62.0,140.0,9.0,0.0,0.0,2.44444,1.00741,1.38889,0.685185,23.0,17.8889,32.2222,18.8889,-15.3333,27.6667,-12.3333,32.2222,0.444353,-2.16726,1,5.0,0.0,5.0,1.0,1.0,1.0
304,116.0,238.0,9.0,0.0,0.0,1.16667,0.877777,1.05556,2.28518,8.51852,7.44444,5.66667,12.4444,-3.22222,-8.55556,11.7778,12.4444,0.54054,1.84473,3,0.0,3.0,3.0,3.0,6.0,3.0
305,4.0,188.0,9.0,0.0,0.0,1.55556,0.688531,2.33333,0.760116,15.7407,13.3333,14.0,19.8889,-7.22222,-5.22222,12.4444,19.8889,0.342408,2.20467,3,3.0,6.0,3.0,3.0,0.0,0.0
306,147.0,111.0,9.0,0.0,0.0,0.388889,0.151852,0.444445,0.118519,5.66667,7.0,7.0,3.0,4.0,4.0,-8.0,7.33333,0.59127,-1.04143,0,1.0,3.0,5.0,0.0,0.0,6.0
307,145.0,34.0,9.0,0.111111,0.0,0.555557,0.340741,1.88889,1.14074,137.037,131.444,146.667,133.0,-16.7778,28.8889,-12.1111,146.667,0.104539,-2.2,5,4.0,4.0,6.0,1.0,5.0,5.0
308,119.0,181.0,9.0,0.111111,0.0,0.777777,0.750308,3.27778,1.6113,21.4074,16.5556,19.6667,28.0,-14.5556,-5.22222,19.7778,28.0,0.409551,2.37885,3,0.0,0.0,2.0,4.0,3.0,3.0
309,33.0,100.0,9.0,0.0,0.0,0.722222,0.534027,0.666667,0.365148,1.22222,0.111111,2.77778,0.777778,-3.33333,4.66667,-1.33333,2.77778,0.977778,-2.3371,2,2.0,2.0,2.0,2.0,2.0,2.0
310,115.0,182.0,9.0,0.0,0.0,0.555556,1.04704,0.722223,1.14342,17.5926,15.4444,14.0,23.3333,-6.44444,-10.7778,17.2222,23.3333,0.399447,1.93759,3,2.0,5.0,6.0,3.0,3.0,3.0
311,9.0,76.0,9.0,0.0,0.0,1.27778,1.42075,1.66667,1.8619,2.44444,0.888889,4.66667,1.77778,-4.66667,6.66667,-2.0,4.66667,0.872222,-2.3408,2,3.0,4.0,2.0,4.0,2.0,2.0
312,236.0,77.0,9.0,0.0,0.0,22.1667,15.4729,7.72222,8.37302,32.7778,30.2222,37.6667,30.4444,-7.66667,14.6667,-7.0,37.6667,0.225243,-2.12336,1,1.0,3.0,2.0,6.0,1.0,1.0
313,222.0,145.0,9.0,0.0,0.0,0.0,0.0,0.0,0.0,0.0,0.0,0.0,0.0,0.0,0.0,0.0,0.0,0.0,0.0,6,1.0,6.0,6.0,6.0,6.0,6.0
314,201.0,135.0,9.0,0.0,0.0,0.555555,0.296296,0.888889,0.074074,5.51852,7.11111,6.44444,3.0,4.77778,2.77778,-7.55556,7.44444,0.599427,-0.892179,0,2.0,0.0,2.0,0.0,2.0,0.0
315,2.0,245.0,9.0,0.0,0.0,1.88889,2.16296,3.16667,3.27778,6.40741,6.22222,6.0,7.0,-0.555556,-1.22222,1.77778,7.22222,0.191049,1.75665,3,0.0,4.0,0.0,3.0,3.0,3.0
316,22.0,125.0,9.0,0.0,0.0,2.27778,1.80637,2.44444,1.3444,58.2222,50.2222,73.7778,50.6667,-24.0,46.6667,-22.6667,73.7778,0.323908,-2.11272,1,1.0,5.0,1.0,1.0,1.0,1.0
317,7.0,134.0,9.0,0.0,0.0,0.0555556,0.0185185,0.0555556,0.0185185,0.037037,0.0,0.111111,0.0,-0.111111,0.222222,-0.111111,0.111111,0.111111,-2.0944,2,2.0,3.0,2.0,2.0,2.0,2.0
318,41.0,77.0,9.0,0.111111,0.0,1.77778,0.651851,1.61111,1.57407,5.0,1.22222,10.2222,3.55556,-11.3333,15.6667,-4.33333,10.2222,0.891608,-2.35488,2,2.0,1.0,2.0,2.0,2.0,2.0
319,96.0,80.0,9.0,0.111111,0.0,1.55556,4.16296,2.5,1.9,26.0,24.0,34.4444,19.5556,-6.0,25.3333,-19.3333,34.4444,0.432471,-1.77359,0,4.0,6.0,6.0,6.0,0.0,0.0
320,189.0,144.0,9.0,0.0,0.0,0.0,0.0,0.0,0.0,0.0,0.0,0.0,0.0,0.0,0.0,0.0,0.0,0.0,0.0,6,6.0,6.0,4.0,2.0,6.0,6.0
321,62.0,123.0,9.0,0.0,0.0,0.444444,0.207407,0.5,0.122222,5.81482,7.55556,6.66667,3.22222,5.22222,2.55556,-7.77778,7.55556,0.573413,-0.837598,0,2.0,1.0,0.0,4.0,0.0,1.0
322,84.0,62.0,9.0,0.0,0.0,0.722222,0.490653,0.944443,0.772202,61.037,53.4444,76.2222,53.4444,-22.7778,45.5556,-22.7778,76.2222,0.303179,-2.09374,1,1.0,3.0,3.0,1.0,1.0,1.0
323,215.0,219.0,9.0,0.0,0.0,2.55556,2.23772,3.22222,2.49147,13.2222,10.3333,10.2222,19.1111,-8.66667,-9.0,17.6667,19.1111,0.494595,2.0861,3,3.0,0.0,3.0,3.0,3.0,3.0
324,189.0,187.0,9.0,0.0,0.0,1.22222,1.0037,3.05556,2.38902,48.5185,44.1111,59.8889,41.5556,-13.2222,34.1111,-20.8889,59.8889,0.305755,-1.94747,4,1.0,6.0,4.0,2.0,4.0,4.0
325,148.0,116.0,9.0,0.0,0.0,0.5,0.477778,1.16667,0.611111,6.11111,7.11111,7.66667,3.55556,3.0,4.66667,-7.66667,7.77778,0.544733,-1.16325,0,4.0,0.0,3.0,0.0,3.0,0.0
326,165.0,119.0,9.0,0.0,0.0,1.05556,1.57408,1.44444,0.829629,29.4815,23.2222,40.3333,24.8889,-18.7778,32.5556,-13.7778,40.3333,0.425713,-2.18778,6,3.0,6.0,6.0,6.0,6.0,6.0
327,145.0,102.0,9.0,0.0,0.0,0.888889,0.607408,2.61111,1.48519,23.0741,22.1111,29.7778,17.3333,-2.88889,20.1111,-17.2222,29.7778,0.417763,-1.68544,0,0.0,0.0,4.0,0.0,0.0,0.0
328,130.0,189.0,9.0,0.0,0.0,0.888889,0.340741,1.16667,0.922222,12.0,9.44444,10.1111,16.4444,-7.66667,-5.66667,13.3333,16.4444,0.439443,2.19414,3,5.0,4.0,3.0,3.0,3.0,3.0
329,202.0,140.0,9.0,0.0,0.0,0.722222,0.490653,0.444444,0.344265,1.03704,0.777778,1.88889,0.444444,-0.777778,2.55556,-1.77778,1.88889,0.814815,-1.83888,6,6.0,5.0,6.0,1.0,6.0,6.0
330,168.0,187.0,9.0,0.0,0.0,3.5,2.16795,2.83333,1.60208,58.0,52.5556,71.4444,50.0,-16.3333,40.3333,-24.0,71.4444,0.29965,-1.96667,4,2.0,3.0,6.0,2.0,5.0,4.0
331,189.0,39.0,9.0,0.0,0.0,1.05555,0.574136,0.777776,0.583728,124.185,113.889,140.333,118.333,-30.8889,48.4444,-17.5556,140.333,0.188391,-2.26811,5,1.0,5.0,5.0,5.0,5.0,5.0
332,174.0,113.0,9.0,0.0,0.0,2.5,1.01111,1.0,0.933333,31.7778,24.4444,43.7778,27.1111,-22.0,36.0,-14.0,43.7778,0.441507,-2.2388,6,0.0,2.0,6.0,6.0,2.0,6.0
333,221.0,69.0,9.0,0.0,0.0,1.55556,0.807372,0.722223,0.854184,36.963,36.6667,40.2222,34.0,-0.888889,9.77778,-8.88889,40.2222,0.154094,-1.64013,1,2.0,1.0,4.0,1.0,1.0,4.0
334,245.0,176.0,9.0,0.0,0.0,1.0,0.516398,1.0,0.557774,18.4815,15.1111,17.0,23.3333,-10.1111,-4.44444,14.5556,23.3333,0.35207,2.33224,3,3.0,3.0,3.0,3.0,3.0,3.0
335,2.0,98.0,9.0,0.0,0.0,2.0,0.666667,1.05556,0.551853,17.4815,18.3333,20.7778,13.3333,2.55556,9.88889,-12.4444,20.7778,0.356724,-1.36044,0,2.0,1.0,0.0,3.0,0.0,0.0
336,69.0,85.0,9.0,0.111111,0.0,3.11111,8.20741,3.94444,9.44074,21.4444,20.4444,28.1111,15.7778,-3.0,20.0,-17.0,28.1111,0.437404,-1.65988,0,5.0,1.0,0.0,0.0,0.0,0.0
337,31.0,106.0,9.0,0.0,0.0,1.61111,0.72963,0.722222,1.17407,19.1111,19.5556,23.6667,14.1111,1.33333,13.6667,-15.0,23.6667,0.403224,-1.48458,0,1.0,5.0,0.0,2.0,0.0,0.0
338,23.0,55.0,9.0,0.0,0.0,2.22222,3.67407,1.77778,0.785185,23.4444,21.6667,31.1111,17.5556,-5.33333,23.0,-17.6667,31.1111,0.43507,-1.77116,0,1.0,1.0,2.0,0.0,0.0,0.0
339,8.0,226.0,9.0,0.0,0.0,2.88889,1.98513,1.11111,0.45542,18.0,14.0,15.7778,24.2222,-12.0,-6.66667,18.6667,24.2222,0.424404,2.27303,3,1.0,3.0,3.0,5.0,3.0,3.0
340,65.0,70.0,9.0,0.0,0.0,0.666665,0.177776,1.11111,0.562963,112.519,104.0,127.778,105.778,-25.5556,45.7778,-20.2222,127.778,0.186099,-2.17166,5,3.0,5.0,5.0,5.0,5.0,5.0
341,189.0,107.0,9.0,0.0,0.0,2.66667,0.699206,0.833333,0.72265,27.7778,23.4444,35.1111,24.7778,-13.0,22.0,-9.0,35.1111,0.332407,-2.2015,6,6.0,6.0,4.0,6.0,6.0,6.0
342,100.0,155.0,9.0,0.0,0.0,0.5,0.459468,0.833333,0.349603,23.3333,20.0,20.6667,29.3333,-10.0,-8.0,18.0,29.3333,0.31809,2.1694,3,4.0,3.0,3.0,6.0,3.0,3.0
343,249.0,178.0,9.0,0.0,0.0,2.27778,1.76908,5.22222,4.93363,47.963,42.6667,58.8889,42.3333,-15.8889,32.7778,-16.8889,58.8889,0.289863,-2.10254,4,4.0,4.0,4.0,1.0,4.0,4.0
344,82.0,109.0,9.0,0.111111,0.0,0.722223,0.240741,1.33333,0.800001,17.7778,19.2222,21.0,13.1111,4.33333,9.66667,-14.0,21.0,0.376024,-1.27656,0,0.0,4.0,6.0,0.0,5.0,0.0
345,252.0,201.0,9.0,0.0,0.0,4.61111,5.49512,5.55556,5.79527,40.2963,35.7778,49.0,36.1111,-13.5556,26.1111,-12.5556,49.0,0.275368,-2.17583,4,2.0,2.0,4.0,4.0,6.0,4.0
346,76.0,116.0,9.0,0.0,0.0,0.833333,0.433334,0.166667,0.0777777,16.8519,13.5556,23.2222,13.7778,-9.88889,19.1111,-9.22222,23.2222,0.420839,-2.12118,6,4.0,6.0,4.0,6.0,5.0,6.0
347,51.0,141.0,9.0,0.0,0.0,0.555556,0.118518,0.222222,0.0740741,0.703704,0.333333,1.77778,0.0,-1.11111,3.22222,-2.11111,1.77778,0.888889,-1.92122,6,4.0,6.0,6.0,0.0,3.0,6.0
348,73.0,194.0,9.0,0.0,0.0,3.22222,2.33492,4.61111,3.35604,60.7778,53.4444,76.1111,52.7778,-22.0,46.0,-24.0,76.1111,0.309253,-2.06055,4,0.0,4.0,4.0,4.0,4.0,4.0
349,103.0,130.0,9.0,0.0,0.0,0.333333,0.0,0.277778,0.389682,0.777778,0.0,2.33333,0.0,-2.33333,4.66667,-2.33333,2.33333,1.0,-2.0944,2,2.0,2.0,2.0,4.0,2.0,2.0
350,35.0,76.0,9.0,0.0,0.111111,7.77778,192.207,7.83333,201.722,13.5185,8.44444,19.4444,12.6667,-15.2222,17.7778,-2.55556,19.4444,0.637421,-2.52332,2,2.0,2.0,5.0,3.0,2.0,4.0
351,200.0,215.0,9.0,0.0,0.0,1.55556,0.958394,4.72222,2.64505,23.037,17.1111,22.5556,29.4444,-17.7778,-1.44444,19.2222,29.4444,0.420767,2.56105,3,3.0,4.0,5.0,3.0,3.0,3.0
352,216.0,17.0,9.0,0.0,0.0,0.666665,0.5164,1.27778,1.02017,126.148,115.0,141.889,121.556,-33.4444,47.2222,-13.7778,141.889,0.189464,-2.34842,5,5.0,2.0,5.0,1.0,5.0,5.0
353,197.0,144.0,9.0,0.0,0.0,0.944444,0.712325,0.388889,0.490653,0.703704,0.333333,1.66667,0.111111,-1.11111,2.88889,-1.77778,1.66667,0.861111,-1.98694,6,0.0,6.0,6.0,3.0,6.0,6.0
354,23.0,147.0,9.0,0.0,0.0,0.333333,0.133333,0.722222,0.418518,4.59259,4.11111,7.44444,2.22222,-1.44444,8.55556,-7.11111,7.66667,0.698445,-1.56175,0,0.0,3.0,0.0,0.0,0.0,0.0
355,212.0,68.0,9.0,0.111111,0.0,2.88889,2.08344,1.83333,0.936897,37.963,37.5556,41.6667,34.6667,-1.22222,11.1111,-9.88889,41.6667,0.167908,-1.65964,1,4.0,3.0,1.0,1.0,5.0,1.0
356,214.0,108.0,9.0,0.0,0.0,0.666667,0.365148,0.666667,0.298143,16.9259,13.5556,23.4444,13.7778,-10.1111,19.5556,-9.44444,23.4444,0.421675,-2.11765,6,1.0,0.0,3.0,2.0,6.0,6.0
357,228.0,91.0,9.0,0.0,0.0,0.722222,0.196296,1.11111,0.385185,2.62963,0.444444,6.22222,1.22222,-6.55556,10.7778,-4.22222,6.22222,0.939815,-2.22574,2,2.0,2.0,2.0,2.0,2.0,2.0
358,236.0,117.0,9.0,0.0,0.0,0.777779,0.403687,1.27778,0.742868,45.8889,39.5556,58.4444,39.6667,-19.0,37.6667,-18.6667,58.4444,0.330477,-2.09948,1,3.0,5.0,6.0,1.0,6.0,1.0
359,164.0,83.0,9.0,0.111111,0.0,2.5,6.07777,1.55556,0.785184,66.2593,60.2222,79.6667,58.8889,-18.1111,40.2222,-22.1111,79.6667,0.260329,-2.02777,1,2.0,2.0,4.0,4.0,1.0,1.0
360,29.0,184.0,9.0,0.0,0.0,1.61111,1.06284,2.66667,1.89737,13.6296,11.4444,11.3333,18.1111,-6.55556,-6.88889,13.4444,18.1111,0.387663,2.08045,3,5.0,3.0,3.0,6.0,3.0,3.0
361,191.0,107.0,9.0,0.0,0.0,2.05556,1.52631,10.3333,3.01109,29.2222,26.8889,35.8889,24.8889,-7.0,20.0,-13.0,35.8889,0.311552,-1.87716,1,1.0,1.0,1.0,1.0,1.0,1.0
362,244.0,79.0,9.0,0.0,0.0,0.555555,0.118518,1.05555,0.462965,89.4444,73.5556,115.333,79.4444,-47.6667,77.6667,-30.0,115.333,0.362172,-2.24163,5,5.0,0.0,5.0,5.0,3.0,5.0
363,94.0,80.0,9.0,0.0,0.0,2.16667,1.1879,0.833334,0.505525,58.3333,51.2222,72.1111,51.6667,-21.3333,41.3333,-20.0,72.1111,0.290834,-2.11635,1,6.0,0.0,3.0,0.0,1.0,1.0
364,26.0,67.0,9.0,0.111111,0.0,1.0,0.88889,2.44444,3.18518,20.0,19.5556,25.8889,14.5556,-1.33333,17.6667,-16.3333,25.8889,0.436939,-1.6232,0,6.0,1.0,4.0,0.0,0.0,0.0
365,162.0,66.0,9.0,0.0,0.0,2.05556,0.95258,9.22222,7.07316,42.5926,41.0,47.7778,39.0,-4.77778,15.5556,-10.7778,47.7778,0.184999,-1.83808,1,6.0,4.0,1.0,5.0,1.0,0.0
366,252.0,36.0,9.0,0.0,0.0,0.944443,0.1963,1.0,0.222216,135.296,128.556,146.111,131.222,-20.2222,32.4444,-12.2222,146.111,0.12003,-2.24716,5,0.0,5.0,2.0,4.0,5.0,0.0
367,181.0,186.0,9.0,0.111111,0.0,2.94445,2.71143,2.05556,1.67884,48.8148,44.1111,60.4444,41.8889,-14.1111,34.8889,-20.7778,60.4444,0.307027,-1.96851,4,1.0,0.0,4.0,3.0,4.0,0.0
368,7.0,18.0,9.0,0.0,0.0,1.27778,0.729626,0.944445,0.374079,138.63,133.333,147.556,135.0,-15.8889,26.7778,-10.8889,147.556,0.0963522,-2.21461,5,4.0,5.0,2.0,5.0,5.0,5.0
369,242.0,89.0,9.0,0.0,0.0,0.5,0.477778,0.944445,0.551852,1.81481,0.777778,4.11111,0.555556,-3.11111,6.88889,-3.77778,4.11111,0.896296,-2.04226,6,3.0,6.0,6.0,6.0,6.0,2.0
370,53.0,53.0,9.0,0.0,0.0,1.0,0.444444,1.11111,0.429629,113.148,104.333,130.222,104.889,-26.4444,51.2222,-24.7778,130.222,0.200484,-2.11701,5,5.0,1.0,2.0,2.0,5.0,3.0
371,5.0,210.0,9.0,0.0,0.111111,2.16667,1.67,4.44444,2.61336,51.2963,45.4444,64.3333,44.1111,-17.5556,39.1111,-21.5556,64.3333,0.317566,-2.0209,4,2.0,4.0,4.0,0.0,4.0,4.0
372,222.0,244.0,9.0,0.111111,0.0,2.94444,0.640741,2.27778,2.15185,10.3704,9.66667,9.77778,11.6667,-2.11111,-1.77778,3.88889,11.8889,0.226482,2.32339,3,3.0,4.0,0.0,4.0,0.0,3.0
373,74.0,64.0,9.0,0.0,0.0,1.83333,1.20646,2.0,1.11555,56.5926,49.6667,71.0,49.1111,-20.7778,43.2222,-22.4444,71.0,0.313003,-2.06717,1,1.0,4.0,6.0,1.0,0.0,1.0
374,238.0,118.0,9.0,0.0,0.0,0.333333,0.177778,0.777778,0.0740741,5.0,6.22222,6.22222,2.55556,3.66667,3.66667,-7.33333,6.66667,0.617063,-1.0472,0,6.0,0.0,0.0,0.0,3.0,0.0
375,137.0,105.0,9.0,0.0,0.111111,10.7222,16.5074,31.2222,650.43,42.8519,35.7778,52.6667,40.1111,-21.2222,29.4444,-8.22222,52.6667,0.37578,-2.38024,2,0.0,4.0,2.0,2.0,2.0,0.0
376,101.0,80.0,9.0,0.0,0.0,3.55556,1.85185,3.0,3.86667,24.8148,24.3333,31.5556,18.5556,-1.44444,20.2222,-18.7778,31.5556,0.412094,-1.62045,0,5.0,2.0,0.0,1.0,5.0,0.0
377,117.0,224.0,9.0,0.0,0.0,3.05556,2.55966,3.05556,3.02153,20.2593,15.4444,17.7778,27.5556,-14.4444,-7.44444,21.8889,27.5556,0.441516,2.30415,3,4.0,6.0,3.0,3.0,3.0,3.0
378,228.0,22.0,9.0,0.0,0.0,1.11111,0.860663,1.38889,0.975629,49.6667,42.7778,62.8889,43.3333,-20.6667,39.6667,-19.0,62.8889,0.319474,-2.12354,1,2.0,1.0,1.0,0.0,1.0,1.0
379,189.0,79.0,9.0,0.0,0.0,2.72222,2.32963,1.33333,0.755556,41.4074,38.0,49.6667,36.5556,-10.2222,24.7778,-14.5556,49.6667,0.265535,-1.98458,1,0.0,1.0,1.0,0.0,1.0,1.0
380,245.0,249.0,9.0,0.0,0.0,2.0,1.28889,1.5,0.611111,14.7407,10.7778,15.3333,18.1111,-11.8889,1.77778,10.1111,18.1111,0.406212,2.74356,3,0.0,2.0,3.0,3.0,3.0,3.0
381,76.0,249.0,9.0,0.111111,0.0,2.05556,2.06296,2.33333,5.51111,13.3704,12.2222,13.1111,14.7778,-3.44444,-0.777778,4.22222,15.0,0.203249,2.56344,3,4.0,3.0,3.0,3.0,3.0,1.0
382,58.0,25.0,9.0,0.0,0.0,0.77778,0.501848,0.388889,0.327731,112.222,97.7778,131.333,107.556,-43.3333,57.3333,-14.0,131.333,0.25541,-2.39689,5,0.0,2.0,3.0,4.0,5.0,5.0
383,140.0,16.0,9.0,0.0,0.0,0.5,0.344443,0.888891,0.385184,111.815,99.1111,131.111,105.222,-38.1111,57.8889,-19.7778,131.111,0.244021,-2.29393,5,2.0,5.0,5.0,6.0,5.0,5.0
384,217.0,145.0,9.0,0.0,0.0,0.555556,0.162963,0.722222,0.062963,5.2963,6.33333,6.55556,3.0,3.11111,3.77778,-6.88889,7.0,0.564153,-1.06897,0,4.0,2.0,3.0,4.0,4.0,0.0
385,93.0,147.0,9.0,0.0,0.0,3.05556,3.5865,3.55556,3.2157,7.7037,6.44444,9.88889,6.77778,-3.77778,6.55556,-2.77778,9.88889,0.349471,-2.06451,2,2.0,2.0,2.0,6.0,0.0,2.0
386,184.0,145.0,9.0,0.0,0.0,0.944445,0.490654,1.77778,0.934919,3.40741,2.33333,5.77778,2.11111,-3.22222,7.11111,-3.88889,5.77778,0.656614,-2.03651,6,1.0,1.0,1.0,6.0,3.0,6.0
387,92.0,68.0,9.0,0.0,0.0,1.05556,0.151852,0.777779,0.651852,125.778,115.667,141.0,120.667,-30.3333,45.6667,-15.3333,141.0,0.179629,-2.30062,5,1.0,5.0,1.0,5.0,5.0,5.0
388,131.0,86.0,9.0,0.0,0.0,1.38889,1.21852,1.66667,2.57778,24.2963,23.5556,31.3333,18.0,-2.22222,21.1111,-18.8889,31.3333,0.424597,-1.65084,0,1.0,2.0,0.0,4.0,0.0,0.0
389,72.0,32.0,9.0,0.111111,0.111111,3.94444,2.70322,2.27778,1.97109,56.3704,48.5556,72.7778,47.7778,-23.4444,49.2222,-25.7778,72.7778,0.344409,-2.06061,1,1.0,1.0,2.0,0.0,1.0,1.0
390,61.0,92.0,9.0,0.0,0.0,1.27778,1.06284,0.555555,0.620633,17.2593,12.8889,25.7778,13.1111,-13.1111,25.5556,-12.4444,25.7778,0.499695,-2.11184,6,6.0,1.0,6.0,6.0,6.0,6.0
391,200.0,245.0,9.0,0.111111,0.0,1.5,0.922223,1.05556,0.507408,16.1111,11.8889,15.0,21.4444,-12.6667,-3.33333,16.0,21.4444,0.44538,2.43278,3,1.0,1.0,3.0,5.0,6.0,3.0
392,93.0,127.0,9.0,0.0,0.0,1.11111,0.834443,1.0,0.788811,3.81481,1.33333,6.77778,3.33333,-7.44444,8.88889,-1.44444,6.77778,0.827249,-2.47456,2,6.0,6.0,0.0,0.0,2.0,2.0
393,215.0,153.0,9.0,0.0,0.111111,19.6667,8.04447,1.11111,3.8963,8.33333,5.33333,13.4444,6.22222,-9.0,15.3333,-6.33333,13.4444,0.769577,-2.14389,6,6.0,5.0,0.0,6.0,6.0,6.0
394,11.0,200.0,9.0,0.0,0.0,3.16667,3.03132,3.94444,2.48029,53.5556,46.4444,67.3333,46.8889,-21.3333,41.3333,-20.0,67.3333,0.313032,-2.11673,4,1.0,1.0,5.0,4.0,4.0,4.0
395,113.0,132.0,9.0,0.0,0.0,0.444444,0.344265,0.388889,0.534027,1.2963,0.0,3.44444,0.444444,-3.88889,6.44444,-2.55556,3.44444,1.0,-2.20485,2,0.0,3.0,2.0,0.0,2.0,2.0
396,33.0,131.0,9.0,0.0,0.0,0.444444,0.807373,1.0,1.09545,0.740741,0.222222,1.77778,0.222222,-1.55556,3.11111,-1.55556,1.77778,0.407407,-2.0944,2,4.0,0.0,5.0,2.0,2.0,2.0
397,204.0,25.0,9.0,0.0,0.0,0.611111,0.329628,0.833333,0.477775,102.481,88.0,125.667,93.7778,-43.4444,69.5556,-26.1111,125.667,0.299583,-2.25341,5,3.0,0.0,0.0,5.0,5.0,5.0
398,36.0,189.0,9.0,0.0,0.0,1.94444,2.46296,5.83333,21.5889,31.3704,28.4444,38.0,27.6667,-8.77778,19.8889,-11.1111,38.0,0.266302,-2.02035,4,4.0,4.0,2.0,4.0,4.0,4.0
399,142.0,163.0,9.0,0.0,0.0,1.5,0.877778,17.6667,3.2445,40.4444,35.0,48.5556,37.7778,-16.3333,24.3333,-8.0,48.5556,0.268978,-2.39274,4,4.0,4.0,4.0,4.0,4.0,4.0
400,51.0,56.0,9.0,0.0,0.0,0.888887,0.162963,0.722221,0.107408,126.444,116.222,141.667,121.444,-30.6667,45.6667,-15.0,141.667,0.179483,-2.30766,5,3.0,0.0,3.0,5.0,5.0,5.0
401,231.0,124.0,9.0,0.0,0.0,3.44444,14.963,1.83333,6.43334,3.0,1.44444,5.88889,1.66667,-4.66667,8.66667,-4.0,5.88889,0.895369,-2.11894,2,2.0,5.0,2.0,2.0,2.0,3.0
402,222.0,114.0,9.0,0.0,0.0,0.277778,0.0629629,0.444444,0.0740741,5.44444,6.11111,7.33333,2.88889,2.0,5.66667,-7.66667,7.33333,0.603175,-1.31453,0,6.0,2.0,3.0,0.0,0.0,0.0
403,46.0,238.0,9.0,0.0,0.0,1.05556,0.827759,2.16667,1.8227,13.2593,9.66667,12.6667,17.4444,-10.7778,-1.77778,12.5556,17.4444,0.445509,2.50823,3,5.0,2.0,5.0,3.0,3.0,2.0
404,112.0,197.0,9.0,0.0,0.0,4.22222,2.99382,4.94444,3.12279,50.3333,44.6667,62.2222,44.1111,-17.0,35.6667,-18.6667,62.2222,0.296328,-2.07122,4,3.0,6.0,1.0,4.0,4.0,4.0
405,178.0,128.0,9.0,0.0,0.0,0.444444,0.340741,0.888889,0.207407,5.92593,7.88889,6.44444,3.44444,5.88889,1.55556,-7.44444,7.88889,0.563713,-0.7213,0,1.0,6.0,0.0,0.0,0.0,0.0
406,169.0,104.0,9.0,0.0,0.0,1.55556,1.77221,5.61111,2.25503,18.5185,16.0,23.3333,16.2222,-7.55556,14.4444,-6.88889,23.3333,0.314713,-2.11392,6,6.0,6.0,0.0,5.0,5.0,6.0
407,24.0,58.0,9.0,0.0,0.0,0.888889,0.162963,1.38889,2.28519,20.9259,20.0,27.3333,15.4444,-2.77778,19.2222,-16.4444,27.3333,0.434743,-1.68507,0,1.0,0.0,0.0,0.0,0.0,0.0
408,55.0,209.0,9.0,0.111111,0.0,1.83333,1.29529,1.38889,0.998146,12.5185,10.3333,10.3333,16.8889,-6.55556,-6.55556,13.1111,16.8889,0.407904,2.09922,3,3.0,3.0,1.0,3.0,4.0,3.0
409,38.0,94.0,9.0,0.111111,0.0,1.38889,1.04172,0.888888,0.779363,68.1111,61.1111,82.6667,60.5556,-21.0,43.6667,-22.6667,82.6667,0.267258,-2.06854,1,1.0,1.0,4.0,1.0,1.0,1.0
410,112.0,38.0,9.0,0.0,0.0,11.0556,11.0743,1.11111,1.06805,64.6296,58.2222,78.4444,57.2222,-19.2222,41.4444,-22.2222,78.4444,0.271659,-2.03882,1,2.0,1.0,3.0,6.0,1.0,4.0
411,150.0,152.0,9.0,0.0,0.0,0.111111,0.0296296,2.05556,3.57407,1.37037,1.0,2.33333,0.777778,-1.11111,2.88889,-1.77778,2.33333,0.537037,-2.00735,6,1.0,6.0,6.0,6.0,2.0,6.0
412,72.0,222.0,9.0,0.111111,0.0,2.38889,2.64074,1.61111,2.28518,14.963,11.6667,13.1111,20.1111,-9.88889,-5.55556,15.4444,20.1111,0.425441,2.28092,3,3.0,3.0,3.0,0.0,3.0,3.0
413,37.0,114.0,9.0,0.333333,0.0,1.38889,2.01852,3.88889,3.76296,17.2222,19.0,20.1111,12.5556,5.33333,8.66667,-14.0,20.5556,0.393691,-1.17666,0,0.0,0.0,4.0,0.0,0.0,0.0
414,2.0,190.0,9.0,0.0,0.0,2.55556,1.45185,2.5,2.96667,31.6667,28.0,40.1111,26.8889,-11.0,25.3333,-14.3333,40.1111,0.329007,-2.00838,4,0.0,3.0,5.0,3.0,4.0,4.0
415,11.0,108.0,9.0,0.0,0.0,1.33333,0.8,1.38889,0.951852,17.6667,19.0,21.1111,12.8889,4.0,10.3333,-14.3333,21.1111,0.388756,-1.30213,0,0.0,6.0,5.0,0.0,0.0,0.0
416,27.0,62.0,9.0,0.0,0.0,1.11111,0.562964,1.66667,1.33334,125.333,115.778,139.444,120.778,-28.6667,42.3333,-13.6667,139.444,0.169635,-2.31423,5,5.0,5.0,5.0,5.0,5.0,5.0
417,177.0,126.0,9.0,0.0,0.0,0.444444,0.118519,0.611111,0.418519,5.40741,7.66667,5.66667,2.88889,6.77778,0.777778,-7.55556,7.66667,0.623016,-0.612886,0,0.0,0.0,0.0,0.0,0.0,0.0
418,60.0,181.0,9.0,0.111111,0.0,1.66667,1.2,2.66667,2.08889,19.6296,17.1111,17.8889,23.8889,-7.55556,-5.22222,12.7778,23.8889,0.285691,2.18914,3,1.0,3.0,3.0,3.0,3.0,3.0
419,90.0,116.0,9.0,0.0,0.0,1.27778,0.854184,1.33333,1.13529,18.7407,11.7778,29.5556,14.8889,-20.8889,32.4444,-11.5556,29.5556,0.596104,-2.25997,2,3.0,1.0,3.0,2.0,0.0,2.0
420,34.0,13.0,9.0,0.0,0.0,0.22222,0.172131,1.55555,0.54433,70.3704,60.6667,88.1111,62.3333,-29.1111,53.2222,-24.1111,88.1111,0.311437,-2.15499,1,6.0,4.0,1.0,1.0,1.0,1.0
421,123.0,68.0,9.0,0.0,0.0,0.944444,0.574135,0.722224,0.574134,107.37,94.2222,126.333,101.556,-39.4444,56.8889,-17.4444,126.333,0.25416,-2.33321,5,5.0,0.0,5.0,5.0,5.0,5.0
422,197.0,123.0,9.0,0.0,0.0,0.944445,0.951854,3.0,1.55556,44.8148,41.1111,53.7778,39.5556,-11.1111,26.8889,-15.7778,53.7778,0.263275,-1.97833,1,3.0,0.0,1.0,0.0,1.0,1.0
423,233.0,124.0,9.0,0.111111,0.0,2.11111,1.50062,2.05556,0.490655,40.9259,35.7778,51.4444,35.5556,-15.4444,31.5556,-16.1111,51.4444,0.317097,-2.07697,1,0.0,0.0,1.0,1.0,1.0,1.0
424,37.0,124.0,9.0,0.0,0.111111,1.5,1.01111,2.44444,1.8074,54.3333,49.4444,65.2222,48.3333,-14.6667,32.6667,-18.0,65.2222,0.258543,-2.03008,1,5.0,1.0,1.0,1.0,1.0,1.0
425,212.0,160.0,9.0,0.0,0.0,1.44444,1.29386,1.44444,1.77221,23.2593,17.7778,23.4444,28.5556,-16.4444,0.555556,15.8889,28.5556,0.378216,2.6426,3,1.0,1.0,0.0,3.0,3.0,3.0
426,159.0,83.0,9.0,0.0,0.0,0.388889,0.250924,0.277777,0.250924,18.2222,13.3333,26.8889,14.4444,-14.6667,26.0,-11.3333,26.8889,0.50381,-2.17832,6,5.0,6.0,0.0,4.0,6.0,6.0
427,123.0,187.0,9.0,0.0,0.0,2.66667,1.84992,3.44444,1.65552,58.6667,52.5556,72.5556,50.8889,-18.3333,41.6667,-23.3333,72.5556,0.298553,-2.01352,4,0.0,4.0,4.0,3.0,5.0,4.0
428,184.0,145.0,9.0,0.0,0.0,0.722222,0.611616,0.222222,0.272166,0.555556,0.333333,1.22222,0.111111,-0.666667,2.0,-1.33333,1.22222,0.527778,-1.92094,6,0.0,0.0,6.0,6.0,6.0,6.0
429,186.0,90.0,9.0,0.0,0.0,4.44444,1.45551,0.666667,0.471405,10.037,7.55556,15.0,7.55556,-7.44444,14.8889,-7.44444,15.0,0.533928,-2.06703,6,1.0,1.0,1.0,6.0,0.0,6.0
430,18.0,13.0,9.0,0.0,0.0,0.888891,0.207407,1.11111,0.162961,140.259,134.333,149.111,137.333,-17.7778,26.5556,-8.77778,149.111,0.0990602,-2.29238,5,3.0,5.0,5.0,5.0,5.0,5.0
431,128.0,161.0,9.0,0.0,0.0,0.555555,0.251852,0.777778,0.162963,7.14815,5.55556,10.8889,5.0,-4.77778,11.2222,-6.44444,10.8889,0.540918,-1.99631,1,1.0,3.0,1.0,1.0,1.0,1.0
432,140.0,124.0,9.0,0.0,0.0,1.0,0.444445,1.11111,1.05185,2.51852,0.222222,6.11111,1.22222,-6.88889,10.7778,-3.88889,6.11111,0.973765,-2.26746,2,4.0,2.0,2.0,2.0,2.0,2.0
433,70.0,44.0,9.0,0.0,0.111111,2.44444,2.09408,2.33333,2.13958,122.593,112.0,136.889,118.889,-31.7778,42.8889,-11.1111,136.889,0.181821,-2.38466,5,4.0,4.0,2.0,1.0,3.0,5.0
434,26.0,91.0,9.0,0.111111,0.0,2.0,2.17778,2.55556,2.16296,19.7407,19.7778,24.5556,14.8889,0.111111,14.4444,-14.5556,24.5556,0.394157,-1.55225,0,0.0,2.0,0.0,0.0,0.0,0.0
435,25.0,18.0,9.0,0.0,0.0,0.666665,0.0888892,0.555553,0.385184,114.148,102.444,132.333,107.667,-35.1111,54.5556,-19.4444,132.333,0.225725,-2.27845,5,6.0,6.0,5.0,5.0,5.0,5.0
436,47.0,215.0,9.0,0.0,0.0,3.11111,1.78471,3.38889,2.40755,17.1852,14.4444,15.6667,21.4444,-8.22222,-4.55556,12.7778,21.4444,0.341766,2.26609,3,3.0,4.0,3.0,1.0,3.0,4.0
437,174.0,75.0,9.0,0.0,0.0,1.5,0.722648,2.38889,1.08355,41.1111,40.3333,45.6667,37.3333,-2.33333,13.6667,-11.3333,45.6667,0.181732,-1.72228,1,1.0,3.0,1.0,1.0,1.0,1.0
438,67.0,32.0,9.0,0.0,0.0,0.944444,1.06284,1.77778,1.31092,126.222,115.111,142.222,121.333,-33.3333,48.0,-14.6667,142.222,0.190625,-2.33375,5,1.0,2.0,6.0,5.0,5.0,5.0
439,151.0,89.0,9.0,0.0,0.0,8.38889,4.57732,0.722222,0.389682,31.7037,27.3333,41.0,26.7778,-13.1111,27.8889,-14.7778,41.0,0.351273,-2.04654,1,3.0,2.0,1.0,1.0,1.0,0.0
440,89.0,43.0,9.0,0.0,0.0,1.05555,0.32963,0.888889,0.34074,107.148,94.1111,128.222,99.1111,-39.1111,63.2222,-24.1111,128.222,0.266023,-2.24795,5,1.0,4.0,0.0,5.0,5.0,5.0
441,118.0,21.0,9.0,0.0,0.0,4.83333,4.57408,1.27778,1.06284,65.8889,59.3333,79.2222,59.1111,-19.6667,40.0,-20.3333,79.2222,0.25706,-2.07216,1,0.0,1.0,2.0,1.0,1.0,1.0
442,62.0,177.0,9.0,0.0,0.0,1.27778,0.879815,1.66667,0.942809,51.0741,46.3333,63.1111,43.7778,-14.2222,36.1111,-21.8889,63.1111,0.306215,-1.956,4,3.0,1.0,5.0,0.0,4.0,4.0
443,164.0,49.0,9.0,0.0,0.0,1.16667,0.433335,1.5,0.300001,126.185,116.333,141.778,120.444,-29.5556,46.7778,-17.2222,141.778,0.179413,-2.26374,5,5.0,2.0,2.0,2.0,5.0,5.0
444,93.0,67.0,9.0,0.0,0.0,1.72222,1.38911,1.5,1.1879,60.7407,53.0,75.8889,53.3333,-23.2222,45.4444,-22.2222,75.8889,0.303044,-2.1098,1,0.0,1.0,1.0,0.0,1.0,1.0
445,127.0,143.0,9.0,0.0,0.0,1.5,0.122222,0.888889,0.607407,4.18518,0.888889,9.44444,2.22222,-9.88889,15.7778,-5.88889,9.44444,0.915376,-2.25741,2,6.0,2.0,5.0,2.0,1.0,2.0
446,117.0,110.0,9.0,0.0,0.0,2.33333,2.90593,2.27778,1.90224,17.2222,9.22222,29.0,13.4444,-24.0,35.3333,-11.3333,29.0,0.680787,-2.32123,2,4.0,2.0,2.0,3.0,2.0,2.0
447,138.0,133.0,9.0,0.0,0.0,0.666667,0.444444,1.16667,0.211111,6.44444,7.77778,7.88889,3.66667,4.0,4.33333,-8.33333,8.22222,0.558201,-1.07766,0,5.0,6.0,0.0,0.0,6.0,0.0
448,166.0,154.0,9.0,0.0,0.0,0.111111,0.0296296,0.444444,0.0740741,0.703704,0.222222,1.88889,0.0,-1.44444,3.55556,-2.11111,1.88889,1.0,-2.01751,6,6.0,6.0,6.0,6.0,6.0,6.0
449,232.0,175.0,9.0,0.0,0.0,1.16667,0.62361,2.83333,2.16795,15.3704,12.4444,13.5556,20.1111,-8.77778,-5.44444,14.2222,20.1111,0.387412,2.2422,3,2.0,5.0,3.0,3.0,0.0,3.0
450,114.0,242.0,9.0,0.0,0.0,2.72222,2.45327,4.66667,1.92065,24.0741,19.2222,22.4444,30.5556,-14.5556,-4.88889,19.4444,30.5556,0.371695,2.39578,3,3.0,3.0,1.0,5.0,3.0,3.0
451,189.0,68.0,9.0,0.0,0.0,1.11111,0.58373,1.05556,0.534027,6.88889,5.66667,10.3333,4.66667,-3.66667,10.3333,-6.66667,10.3333,0.534151,-1.78025,6,4.0,3.0,5.0,6.0,5.0,6.0
452,170.0,154.0,9.0,0.0,0.0,0.111111,0.172133,0.0555556,0.136083,0.0740741,0.0,0.222222,0.0,-0.222222,0.444444,-0.222222,0.222222,0.222222,-2.0944,6,0.0,1.0,2.0,4.0,1.0,2.0
453,88.0,180.0,9.0,0.0,0.0,1.5,0.936898,3.83333,2.88868,50.4074,45.2222,62.3333,43.6667,-15.5556,35.7778,-20.2222,62.3333,0.300918,-2.00872,4,3.0,2.0,4.0,6.0,4.0,2.0
454,27.0,68.0,9.0,0.0,0.0,1.38889,1.48519,1.77778,5.0963,21.5926,20.4444,28.4444,15.8889,-3.44444,20.5556,-17.1111,28.4444,0.440354,-1.70032,0,3.0,3.0,0.0,0.0,0.0,0.0
455,58.0,109.0,9.0,0.0,0.0,0.888889,0.251852,2.83333,1.67778,4.2963,1.44444,8.44444,3.0,-8.55556,12.4444,-3.88889,8.44444,0.864482,-2.28379,2,1.0,2.0,2.0,3.0,2.0,2.0
456,189.0,141.0,9.0,0.0,0.0,0.0,0.0,0.0,0.0,0.0,0.0,0.0,0.0,0.0,0.0,0.0,0.0,0.0,0.0,6,3.0,0.0,1.0,6.0,6.0,6.0
457,75.0,131.0,9.0,0.0,0.0,0.222222,0.0296296,0.333333,0.0444444,0.518518,0.0,1.55556,0.0,-1.55556,3.11111,-1.55556,1.55556,1.0,-2.0944,2,3.0,6.0,1.0,2.0,2.0,3.0
458,212.0,140.0,9.0,0.0,0.0,3.83333,4.20449,0.666667,0.666667,2.88889,2.66667,3.33333,2.66667,-0.666667,1.33333,-0.666667,3.33333,0.0688833,-2.0944,6,1.0,6.0,6.0,6.0,5.0,6.0
459,245.0,238.0,9.0,0.111111,0.0,1.66667,2.53859,2.33333,2.4404,8.92593,6.33333,6.55556,13.8889,-7.77778,-7.11111,14.8889,13.8889,0.597015,2.12606,3,4.0,3.0,6.0,3.0,3.0,3.0
460,219.0,80.0,9.0,0.0,0.0,1.27778,0.32963,0.666667,0.933332,39.7037,36.3333,48.2222,34.5556,-10.1111,25.5556,-15.4444,48.2222,0.282964,-1.96265,1,5.0,1.0,1.0,6.0,1.0,1.0
461,214.0,195.0,9.0,0.0,0.0,0.833333,0.65828,2.0,0.966091,46.5556,41.1111,57.3333,41.2222,-16.3333,32.3333,-16.0,57.3333,0.290299,-2.10138,4,3.0,1.0,4.0,4.0,4.0,4.0
462,107.0,21.0,9.0,0.0,0.0,0.666662,0.516398,1.16667,0.408248,126.778,115.778,141.889,122.667,-33.0,45.3333,-12.3333,141.889,0.184022,-2.37037,5,2.0,2.0,5.0,5.0,5.0,6.0
463,113.0,123.0,9.0,0.111111,0.0,1.44444,0.620633,1.94444,1.7181,59.3333,51.8889,73.7778,52.3333,-22.3333,43.3333,-21.0,73.7778,0.299164,-2.11194,1,1.0,2.0,1.0,1.0,1.0,1.0
464,197.0,236.0,9.0,0.0,0.0,2.44444,6.82963,3.33333,7.6,16.0741,13.1111,16.6667,18.4444,-8.88889,1.77778,7.11111,18.5556,0.292729,2.7898,3,2.0,4.0,6.0,3.0,3.0,3.0
465,83.0,133.0,9.0,0.111111,0.0,2.33333,2.13957,1.16667,1.06979,48.6667,41.5556,62.5556,41.8889,-21.3333,41.6667,-20.3333,62.5556,0.339145,-2.11179,1,2.0,1.0,6.0,1.0,1.0,4.0
466,20.0,122.0,9.0,0.0,0.0,1.55555,1.18634,1.77778,1.48574,60.7407,51.5556,78.2222,52.4444,-27.5556,52.4444,-24.8889,78.2222,0.342363,-2.12842,1,1.0,5.0,1.0,5.0,5.0,1.0
467,139.0,95.0,9.0,0.0,0.0,3.61111,2.52469,7.05556,5.72486,46.8519,42.8889,56.3333,41.3333,-11.8889,28.4444,-16.5556,56.3333,0.264571,-1.9708,1,3.0,1.0,0.0,0.0,3.0,1.0
468,252.0,27.0,9.0,0.0,0.0,1.27778,0.596293,0.999997,0.577774,136.296,130.333,145.556,133.0,-17.8889,27.7778,-9.88889,145.556,0.10447,-2.26413,5,2.0,6.0,5.0,3.0,5.0,5.0
469,117.0,137.0,9.0,0.0,0.0,0.222222,0.0740741,0.666667,0.177778,3.11111,1.55556,6.33333,1.44444,-4.66667,9.66667,-5.0,6.33333,0.772487,-2.07507,6,0.0,3.0,6.0,6.0,6.0,6.0
470,231.0,13.0,9.0,0.0,0.0,1.27778,0.574135,1.0,1.05409,118.667,106.556,135.778,113.667,-36.3333,51.3333,-15.0,135.778,0.215088,-2.3519,5,5.0,0.0,2.0,3.0,3.0,5.0
471,14.0,71.0,9.0,0.0,0.0,13.0556,10.3825,21.8889,16.5364,31.8519,25.5556,40.2222,29.7778,-18.8889,25.1111,-6.22222,40.2222,0.395671,-2.40182,2,4.0,3.0,4.0,2.0,2.0,2.0
472,180.0,224.0,9.0,0.0,0.0,3.72222,3.70741,3.61111,5.61852,15.1852,11.6667,13.3333,20.5556,-10.5556,-5.55556,16.1111,20.5556,0.443375,2.29826,3,0.0,4.0,2.0,1.0,3.0,3.0
473,181.0,162.0,9.0,0.0,0.0,2.66667,7.15555,13.3889,9.66294,42.1852,36.4444,51.3333,38.7778,-17.2222,27.4444,-10.2222,51.3333,0.285523,-2.32748,4,1.0,4.0,1.0,0.0,4.0,4.0
474,84.0,86.0,9.0,0.0,0.0,0.833335,0.691214,1.16667,0.691214,105.778,92.8889,124.111,100.333,-38.6667,55.0,-16.3333,124.111,0.251552,-2.34379,5,2.0,3.0,5.0,4.0,5.0,5.0
475,134.0,93.0,9.0,0.0,0.0,0.388889,0.250924,0.888889,0.544331,20.9259,16.6667,29.5556,16.5556,-12.7778,25.8889,-13.1111,29.5556,0.44338,-2.08608,6,0.0,2.0,6.0,6.0,6.0,6.0
476,197.0,121.0,9.0,0.0,0.0,21.6667,17.3628,0.944444,0.904721,41.037,37.4444,49.4444,36.2222,-10.7778,25.2222,-14.4444,49.4444,0.280578,-1.99554,1,2.0,1.0,2.0,1.0,0.0,1.0
477,201.0,34.0,9.0,0.0,0.0,4.27778,3.05808,0.444445,0.403687,13.7407,9.77778,20.8889,10.5556,-11.8889,21.4444,-9.55556,20.8889,0.544858,-2.16287,6,2.0,6.0,6.0,6.0,6.0,2.0
478,163.0,151.0,9.0,0.0,0.0,3.83333,11.0556,1.55556,2.25185,30.4815,23.1111,42.7778,25.5556,-22.1111,36.8889,-14.7778,42.7778,0.457448,-2.21963,1,2.0,5.0,5.0,1.0,1.0,3.0
479,54.0,134.0,9.0,0.0,0.0,0.222222,0.0296296,0.0555556,0.0185185,0.518518,0.0,1.55556,0.0,-1.55556,3.11111,-1.55556,1.55556,1.0,-2.0944,6,1.0,2.0,6.0,5.0,6.0,6.0
480,54.0,126.0,9.0,0.0,0.0,0.666667,0.311111,0.5,0.166667,1.40741,0.0,3.66667,0.555556,-4.22222,6.77778,-2.55556,3.66667,1.0,-2.22994,2,2.0,2.0,6.0,6.0,2.0,2.0
481,225.0,58.0,9.0,0.0,0.0,0.333334,0.421637,0.444445,0.344265,8.33333,5.55556,14.1111,5.33333,-8.33333,17.3333,-9.0,14.1111,0.622222,-2.06856,6,4.0,6.0,6.0,5.0,6.0,6.0
482,3.0,21.0,9.0,0.0,0.0,0.444445,0.607407,1.22222,0.118518,130.148,120.778,143.222,126.444,-28.1111,39.2222,-11.1111,143.222,0.15668,-2.35718,5,5.0,3.0,5.0,5.0,5.0,3.0
483,147.0,69.0,9.0,0.0,0.0,2.05556,2.90741,1.88889,2.56296,25.6667,23.4444,34.4444,19.1111,-6.66667,26.3333,-19.6667,34.4444,0.44486,-1.79139,0,1.0,4.0,1.0,0.0,3.0,1.0
484,170.0,121.0,9.0,0.0,0.0,2.16667,1.83485,2.72222,1.92546,32.3704,28.6667,40.5556,27.8889,-11.1111,24.5556,-13.4444,40.5556,0.313427,-2.02427,1,0.0,0.0,1.0,1.0,1.0,1.0
485,124.0,101.0,9.0,0.0,0.111111,3.38889,27.9741,6.44444,59.4963,10.1852,5.77778,15.5556,9.22222,-13.2222,16.1111,-2.88889,15.5556,0.700087,-2.44804,2,2.0,3.0,2.0,4.0,2.0,2.0
486,212.0,94.0,9.0,0.0,0.0,1.72222,2.37407,1.22222,0.962962,15.6296,10.5556,24.8889,11.4444,-15.2222,27.7778,-12.5556,24.8889,0.57666,-2.15947,6,6.0,3.0,5.0,3.0,6.0,5.0
487,170.0,88.0,9.0,0.0,0.0,0.722222,0.389681,0.833333,0.459468,22.3333,18.2222,29.3333,19.4444,-12.3333,21.0,-8.66667,29.3333,0.378615,-2.20829,6,6.0,0.0,6.0,1.0,0.0,6.0
488,161.0,89.0,9.0,0.0,0.0,4.66667,5.11642,0.166667,0.278887,3.11111,2.88889,3.77778,2.66667,-0.666667,2.0,-1.33333,3.77778,0.0976431,-1.89048,6,6.0,6.0,6.0,6.0,3.0,4.0
489,223.0,161.0,9.0,0.0,0.0,1.38889,3.04074,9.0,31.0222,42.037,36.0,52.2222,37.8889,-18.1111,30.5556,-12.4444,52.2222,0.308416,-2.28229,4,4.0,4.0,4.0,0.0,4.0,4.0
490,46.0,131.0,9.0,0.0,0.0,0.277778,0.062963,1.77778,1.85185,1.40741,0.777778,2.77778,0.666667,-1.88889,4.11111,-2.22222,2.77778,0.77037,-2.05134,6,6.0,3.0,3.0,2.0,6.0,6.0
491,96.0,138.0,9.0,0.0,0.0,0.722222,0.64693,0.944444,0.712326,1.14815,0.111111,2.77778,0.555556,-3.11111,4.88889,-1.77778,2.77778,0.977778,-2.21924,2,5.0,2.0,0.0,3.0,2.0,2.0
492,18.0,142.0,9.0,0.0,0.0,0.777778,0.651852,0.277778,0.151852,0.555556,0.111111,1.33333,0.222222,-1.33333,2.33333,-1.0,1.33333,0.416667,-2.15956,2,4.0,5.0,2.0,2.0,2.0,2.0
493,227.0,132.0,9.0,0.0,0.0,6.66667,1.38243,1.33333,1.01105,38.7778,33.2222,49.2222,33.8889,-16.6667,31.3333,-14.6667,49.2222,0.325768,-2.12952,1,0.0,4.0,1.0,4.0,1.0,1.0
494,2.0,89.0,9.0,0.0,0.0,1.22222,1.76296,2.55556,3.4963,18.963,18.7778,23.8889,14.2222,-0.555556,14.7778,-14.2222,23.8889,0.402507,-1.54421,0,5.0,0.0,2.0,0.0,2.0,0.0
495,177.0,130.0,9.0,0.0,0.0,0.0555556,0.136083,0.222222,0.272166,1.18519,0.666667,2.88889,0.0,-1.55556,5.11111,-3.55556,2.88889,1.0,-1.86115,6,6.0,0.0,6.0,3.0,6.0,6.0
496,228.0,191.0,9.0,0.0,0.0,1.44444,0.620633,2.33333,1.19257,49.2222,44.0,60.5556,43.1111,-15.6667,34.0,-18.3333,60.5556,0.289582,-2.04052,4,3.0,4.0,4.0,6.0,4.0,4.0
497,189.0,142.0,9.0,0.0,0.0,0.0,0.0,0.0,0.0,0.0,0.0,0.0,0.0,0.0,0.0,0.0,0.0,0.0,0.0,6,3.0,6.0,0.0,4.0,6.0,6.0
498,116.0,211.0,9.0,0.0,0.0,1.72222,1.12963,1.61111,1.70741,13.7407,11.1111,12.3333,17.7778,-7.88889,-4.22222,12.1111,17.7778,0.375346,2.29204,3,4.0,3.0,6.0,3.0,1.0,3.0
499,173.0,186.0,9.0,0.0,0.111111,3.22222,2.1152,5.5,3.50713,53.4444,48.2222,65.8889,46.2222,-15.6667,37.3333,-21.6667,65.8889,0.298302,-1.98825,4,0.0,6.0,1.0,4.0,4.0,4.0
500,21.0,64.0,9.0,0.0,0.0,16.2778,12.9485,20.2222,17.6291,31.0,24.6667,38.0,30.3333,-19.0,21.0,-2.0,38.0,0.400746,-2.59382,2,3.0,5.0,0.0,2.0,2.0,2.0
501,86.0,179.0,9.0,0.0,0.0,2.0,1.28236,3.55556,3.07439,50.5556,45.7778,62.1111,43.7778,-14.3333,34.6667,-20.3333,62.1111,0.296547,-1.97866,4,2.0,4.0,4.0,4.0,4.0,4.0
502,118.0,180.0,9.0,0.0,0.0,1.94444,1.48199,3.11111,1.08866,48.5556,44.1111,59.0,42.5556,-13.3333,31.3333,-18.0,59.0,0.278822,-1.99604,4,5.0,4.0,4.0,4.0,4.0,2.0
503,73.0,105.0,9.0,0.0,0.0,2.11111,1.09629,1.16667,0.522222,58.6296,53.3333,70.3333,52.2222,-15.8889,35.1111,-19.2222,70.3333,0.259048,-2.03224,1,3.0,1.0,1.0,6.0,1.0,1.0
504,80.0,40.0,9.0,0.0,0.0,0.611111,0.574132,0.722223,0.772203,110.704,96.2222,129.0,106.889,-43.4444,54.8889,-11.4444,129.0,0.254051,-2.43469,5,5.0,5.0,5.0,5.0,5.0,2.0
505,241.0,218.0,9.0,0.0,0.0,1.77778,3.4963,1.66667,1.02222,8.44444,5.44444,7.33333,12.5556,-9.0,-3.33333,12.3333,12.5556,0.569266,2.36144,3,3.0,4.0,5.0,1.0,3.0,3.0
506,174.0,96.0,9.0,0.222222,0.0,2.22222,0.68853,0.944444,0.879816,55.1481,54.1111,61.0,50.3333,-3.11111,17.5556,-14.4444,61.0,0.174579,-1.72047,1,4.0,0.0,1.0,1.0,0.0,1.0
507,19.0,55.0,9.0,0.0,0.0,1.44444,2.82963,1.27778,0.862964,21.037,20.5556,26.6667,15.8889,-1.44444,16.8889,-15.4444,26.6667,0.404791,-1.63442,0,3.0,6.0,4.0,1.0,0.0,0.0
508,8.0,79.0,9.0,0.0,0.0,1.27778,2.28518,2.11111,0.518519,16.8148,17.3333,21.0,12.1111,1.55556,12.5556,-14.1111,21.0,0.422337,-1.45311,0,5.0,6.0,3.0,5.0,0.0,0.0
509,44.0,233.0,9.0,0.0,0.0,2.22222,2.14649,2.11111,1.32777,14.4815,12.5556,11.3333,19.5556,-5.77778,-9.44444,15.2222,19.5556,0.422174,1.9504,3,5.0,2.0,3.0,3.0,3.0,3.0
510,160.0,110.0,9.0,0.0,0.0,0.833333,0.691214,0.444444,0.272165,31.6296,27.2222,39.3333,28.3333,-13.2222,23.1111,-9.88889,39.3333,0.307444,-2.18724,6,6.0,0.0,1.0,6.0,6.0,6.0
511,225.0,222.0,9.0,0.111111,0.0,1.5,0.477778,1.77778,1.71852,14.0,10.7778,13.6667,17.5556,-9.66667,-1.0,10.6667,17.5556,0.385727,2.55731,3,2.0,1.0,4.0,3.0,3.0,3.0
512,201.0,183.0,9.0,0.0,0.0,1.88889,1.91679,2.33333,1.78886,52.6296,47.4444,65.1111,45.3333,-15.5556,37.4444,-21.8889,65.1111,0.30372,-1.98191,4,4.0,5.0,4.0,4.0,4.0,4.0
513,240.0,190.0,9.0,0.0,0.0,1.55556,0.750309,1.33333,1.09545,20.1111,15.8889,17.5556,26.8889,-12.6667,-7.66667,20.3333,26.8889,0.409309,2.25223,3,2.0,3.0,3.0,0.0,3.0,6.0
514,170.0,36.0,9.0,0.0,0.0,1.11111,0.340743,1.83333,1.45556,103.037,89.5556,125.222,94.3333,-40.4444,66.5556,-26.1111,125.222,0.284654,-2.23235,5,1.0,1.0,3.0,5.0,5.0,5.0
515,8.0,102.0,9.0,0.0,0.0,1.88889,1.85185,1.94444,3.26296,17.9259,18.5556,21.8889,13.3333,1.88889,11.8889,-13.7778,21.8889,0.390329,-1.44704,0,3.0,0.0,0.0,0.0,5.0,0.0
516,37.0,104.0,9.0,0.0,0.0,7.83333,9.71311,22.1111,21.6186,18.6296,14.8889,23.4444,17.5556,-11.2222,14.4444,-3.22222,23.4444,0.607613,-2.42507,2,2.0,6.0,2.0,2.0,2.0,2.0
517,202.0,208.0,9.0,0.0,0.0,1.72222,1.3963,1.83333,3.05555,19.2593,15.5556,17.6667,24.5556,-11.1111,-4.77778,15.8889,24.5556,0.368866,2.39677,3,3.0,4.0,3.0,4.0,3.0,3.0
518,172.0,31.0,9.0,0.0,0.0,0.722221,0.418517,0.666664,0.71111,136.407,130.778,145.444,133.0,-16.8889,27.1111,-10.2222,145.444,0.10071,-2.2515,5,4.0,3.0,2.0,1.0,5.0,5.0
519,79.0,44.0,9.0,0.0,0.0,4.88889,3.20185,2.11111,1.12875,58.6667,50.1111,75.5556,50.3333,-25.6667,50.6667,-25.0,75.5556,0.339917,-2.10265,1,1.0,1.0,5.0,2.0,1.0,1.0
520,203.0,120.0,9.0,0.0,0.0,3.33333,3.91111,4.27778,9.26296,49.4074,44.8889,59.3333,44.0,-13.5556,29.7778,-16.2222,59.3333,0.263467,-2.03524,1,3.0,1.0,6.0,1.0,1.0,1.0
521,43.0,141.0,9.0,0.0,0.0,0.444444,0.172133,0.166667,0.182574,0.777778,0.0,2.33333,0.0,-2.33333,4.66667,-2.33333,2.33333,1.0,-2.0944,6,0.0,4.0,1.0,6.0,6.0,6.0
522,31.0,62.0,9.0,0.0,0.0,1.83333,0.833334,1.83333,0.966668,21.1852,20.5556,27.2222,15.7778,-1.88889,18.1111,-16.2222,27.2222,0.419469,-1.65012,0,4.0,3.0,1.0,0.0,0.0,0.0
523,26.0,120.0,9.0,0.0,0.0,0.777778,1.27407,0.833333,1.05556,1.33333,0.111111,3.33333,0.555556,-3.66667,6.0,-2.33333,3.33333,0.984127,-2.17877,2,1.0,2.0,2.0,2.0,2.0,2.0
524,107.0,146.0,9.0,0.0,0.0,1.88889,1.00741,2.11111,1.31852,21.3704,16.7778,29.6667,17.6667,-13.7778,24.8889,-11.1111,29.6667,0.432786,-2.16497,1,4.0,3.0,1.0,1.0,1.0,1.0
525,156.0,32.0,9.0,0.0,0.0,0.777774,0.162964,2.61111,1.04074,136.296,129.778,146.333,132.778,-19.5556,30.1111,-10.5556,146.333,0.113055,-2.28076,5,6.0,5.0,5.0,5.0,5.0,5.0
526,156.0,154.0,9.0,0.0,0.0,0.277778,0.327731,0.777778,0.544331,1.74074,1.0,3.55556,0.666667,-2.22222,5.44444,-3.22222,3.55556,0.838889,-1.9882,6,1.0,6.0,6.0,6.0,6.0,0.0
527,96.0,84.0,9.0,0.0,0.0,1.5,1.27778,1.61111,2.28519,23.8519,23.5556,30.0,18.0,-0.888889,18.4444,-17.5556,30.0,0.398791,-1.59887,0,2.0,0.0,0.0,5.0,0.0,0.0
528,101.0,197.0,9.0,0.0,0.0,3.55556,7.54074,4.94444,6.41852,21.2593,17.4444,18.7778,27.5556,-11.4444,-7.44444,18.8889,27.5556,0.394886,2.24309,3,6.0,3.0,3.0,1.0,3.0,2.0
529,193.0,125.0,9.0,0.0,0.0,5.05556,2.55096,1.94444,1.87873,37.4444,32.3333,47.5556,32.4444,-15.3333,30.3333,-15.0,47.5556,0.321825,-2.10069,1,5.0,5.0,1.0,3.0,1.0,1.0
530,106.0,193.0,9.0,0.0,0.0,1.05556,0.952579,0.888889,0.620633,14.4444,11.6667,12.5556,19.1111,-8.33333,-5.66667,14.0,19.1111,0.388863,2.21005,3,6.0,4.0,4.0,3.0,3.0,3.0
531,244.0,82.0,9.0,0.0,0.0,0.611111,1.02017,2.72222,2.53348,15.5185,11.6667,22.4444,12.4444,-11.5556,20.7778,-9.22222,22.4444,0.481601,-2.17063,6,5.0,4.0,6.0,3.0,3.0,6.0
532,85.0,225.0,9.0,0.0,0.0,1.5,1.00554,1.61111,1.28956,16.1852,14.4444,12.7778,21.3333,-5.22222,-10.2222,15.4444,21.3333,0.401151,1.89102,3,0.0,1.0,1.0,3.0,2.0,3.0
533,77.0,199.0,9.0,0.0,0.0,2.66667,1.8619,4.66667,3.02582,57.0,50.5556,71.0,49.4444,-19.3333,42.0,-22.6667,71.0,0.303497,-2.04087,4,6.0,0.0,4.0,2.0,4.0,4.0
534,61.0,197.0,9.0,0.0,0.0,1.44444,1.51535,2.61111,1.92546,49.5926,44.2222,61.5556,43.0,-16.1111,35.8889,-19.7778,61.5556,0.302925,-2.02227,4,6.0,0.0,4.0,4.0,6.0,4.0
535,162.0,14.0,9.0,0.0,0.0,0.944445,0.53403,0.611113,0.712327,112.741,99.0,130.667,108.556,-41.2222,53.7778,-12.5556,130.667,0.242294,-2.40897,5,5.0,5.0,6.0,5.0,5.0,5.0
536,8.0,39.0,9.0,0.111111,0.0,1.38889,1.12963,1.83333,0.699999,113.37,102.556,132.0,105.556,-32.4444,55.8889,-23.4444,132.0,0.222954,-2.19816,5,2.0,5.0,5.0,1.0,5.0,5.0
537,47.0,189.0,9.0,0.0,0.0,2.27778,4.55185,5.88889,14.6074,29.6296,26.7778,36.5556,25.5556,-8.55556,20.7778,-12.2222,36.5556,0.297413,-1.95457,4,3.0,0.0,4.0,4.0,4.0,0.0
538,195.0,161.0,9.0,0.0,0.0,2.11111,1.80741,10.5,91.3222,41.4815,36.0,51.1111,37.3333,-16.4444,28.8889,-12.4444,51.2222,0.294706,-2.31651,4,5.0,5.0,1.0,5.0,4.0,4.0
539,29.0,195.0,9.0,0.0,0.0,0.444444,0.403687,0.611111,0.680414,16.037,14.4444,13.3333,20.3333,-4.77778,-8.11111,12.8889,20.3333,0.342307,1.94304,3,1.0,0.0,2.0,3.0,3.0,3.0
540,38.0,112.0,9.0,0.0,0.0,0.555556,0.385185,1.0,0.0888888,6.22222,7.0,8.11111,3.55556,2.33333,5.66667,-8.0,8.11111,0.559171,-1.27399,0,2.0,6.0,2.0,0.0,0.0,0.0
541,250.0,131.0,9.0,0.0,0.0,0.0,0.0,0.0,0.0,0.0,0.0,0.0,0.0,0.0,0.0,0.0,0.0,0.0,0.0,6,4.0,6.0,0.0,6.0,6.0,6.0
542,169.0,186.0,9.0,0.0,0.222222,2.33333,1.65999,5.5,2.51882,49.4444,44.6667,61.1111,42.5556,-14.3333,35.0,-20.6667,61.1111,0.303448,-1.97439,4,3.0,4.0,5.0,3.0,2.0,4.0
543,237.0,191.0,9.0,0.0,0.0,1.0,0.311111,1.5,1.01111,7.33333,5.33333,5.44444,11.2222,-6.0,-5.66667,11.6667,11.2222,0.53582,2.12242,3,4.0,4.0,2.0,2.0,3.0,3.0
544,189.0,144.0,9.0,0.0,0.0,0.0,0.0,0.0,0.0,0.0,0.0,0.0,0.0,0.0,0.0,0.0,0.0,0.0,0.0,6,3.0,5.0,6.0,6.0,6.0,6.0
545,58.0,125.0,9.0,0.0,0.0,2.16667,1.11056,1.05556,0.90472,18.5556,11.1111,30.6667,13.8889,-22.3333,36.3333,-14.0,30.6667,0.638455,-2.24196,2,2.0,4.0,2.0,2.0,1.0,2.0
546,175.0,14.0,9.0,0.0,0.0,0.888888,0.807371,1.22222,0.779361,113.815,100.111,132.111,109.222,-41.1111,54.8889,-13.7778,132.111,0.24216,-2.39111,5,1.0,6.0,1.0,2.0,1.0,5.0
547,18.0,138.0,9.0,0.0,0.0,0.888889,0.562963,0.833333,0.3,5.74074,7.33333,6.55556,3.33333,4.77778,2.44444,-7.22222,7.33333,0.543871,-0.862108,0,0.0,0.0,6.0,3.0,0.0,0.0
548,70.0,60.0,9.0,0.0,0.0,0.944445,1.3963,2.16667,1.36667,23.7778,22.4444,31.0,17.8889,-4.0,21.6667,-17.6667,31.0,0.420823,-1.71313,0,2.0,3.0,1.0,0.0,1.0,0.0
549,147.0,34.0,9.0,0.0,0.0,4.61111,4.15487,0.777779,0.779362,47.5926,41.1111,60.0,41.6667,-19.4444,37.2222,-17.7778,60.0,0.317542,-2.12287,1,1.0,2.0,3.0,1.0,1.0,3.0
550,200.0,189.0,9.0,0.0,0.0,1.11111,1.08866,3.16667,1.00554,49.6667,45.1111,60.8889,43.0,-13.6667,33.6667,-20.0,60.8889,0.29381,-1.97322,4,2.0,6.0,4.0,1.0,4.0,4.0
551,54.0,91.0,9.0,0.0,0.0,1.44444,1.54074,0.833333,0.255556,3.25926,0.555556,8.0,1.22222,-8.11111,14.2222,-6.11111,8.0,0.944811,-2.18672,2,2.0,2.0,2.0,2.0,5.0,2.0
552,90.0,134.0,9.0,0.0,0.0,0.388889,0.0185185,0.944444,0.151852,2.11111,1.0,4.66667,0.666667,-3.33333,7.66667,-4.33333,4.66667,0.881481,-2.01314,6,6.0,6.0,6.0,6.0,6.0,2.0
553,191.0,119.0,9.0,0.0,0.0,1.11111,1.29386,0.944446,0.772202,39.8519,36.2222,48.2222,35.1111,-10.8889,25.1111,-14.2222,48.2222,0.271717,-2.006,1,0.0,1.0,6.0,3.0,1.0,1.0
554,207.0,115.0,9.0,0.0,0.0,1.05556,0.32963,0.166667,0.0333333,1.22222,0.444444,2.88889,0.333333,-2.33333,5.0,-2.66667,2.88889,0.933333,-2.06554,6,6.0,5.0,4.0,6.0,6.0,6.0
555,239.0,174.0,9.0,0.0,0.0,2.0,1.4453,1.38889,0.854183,57.8519,50.4444,73.2222,49.8889,-22.2222,46.1111,-23.8889,73.2222,0.320261,-2.06905,4,1.0,4.0,4.0,4.0,4.0,4.0
556,187.0,80.0,9.0,0.0,0.0,1.33333,0.711111,1.33333,0.711109,40.5185,37.7778,47.6667,36.1111,-8.22222,21.4444,-13.2222,47.6667,0.24473,-1.9427,1,0.0,6.0,2.0,1.0,5.0,1.0
557,150.0,152.0,9.0,0.0,0.0,0.111111,0.0296296,2.05556,3.57407,1.37037,1.0,2.33333,0.777778,-1.11111,2.88889,-1.77778,2.33333,0.537037,-2.00735,6,6.0,6.0,3.0,6.0,6.0,6.0
558,155.0,40.0,9.0,0.0,0.0,1.88889,2.07275,0.0555555,0.136083,1.25926,1.22222,1.55556,1.0,-0.111111,0.888889,-0.777778,1.55556,0.116667,-1.5708,6,4.0,2.0,6.0,4.0,6.0,6.0
559,216.0,78.0,9.0,0.0,0.0,1.33333,0.355555,4.33333,6.35555,36.1111,31.3333,46.0,31.0,-14.3333,29.6667,-15.3333,46.0,0.33971,-2.05383,1,5.0,1.0,0.0,1.0,1.0,0.0
