x_0,x_1,x_2,x_3,x_4,x_5,x_6,x_7,x_8,x_9,x_10,x_11,x_12,x_13,x_14,x_15,x_16,x_17,x_18,y,y_1,y_2,y_3,y_4
0,92.0,44.0,9.0,0.111111,0.0,0.722223,0.574135,1.16667,1.04881,123.815,113.444,138.111,119.889,-31.1111,42.8889,-11.7778,138.111,0.178428,-2.36728,5,5.0,0.0,1.0,6.0
1,192.0,157.0,9.0,0.0,0.0,1.05556,0.507408,0.777778,0.162963,18.3333,13.8889,17.2222,23.8889,-13.3333,-3.33333,16.6667,23.8889,0.418184,2.43862,3,2.0,3.0,3.0,0.0
2,57.0,117.0,9.0,0.0,0.0,0.444445,0.207407,0.388889,0.0629629,6.33333,7.66667,7.44444,3.88889,4.0,3.33333,-7.33333,8.0,0.510362,-0.983947,0,0.0,0.0,3.0,0.0
3,121.0,113.0,9.0,0.0,0.0,1.72222,1.52963,2.94444,1.52963,20.2593,20.0,25.4444,15.3333,-0.777778,15.5556,-14.7778,25.4444,0.396589,-1.58561,0,2.0,0.0,6.0,1.0
4,164.0,83.0,9.0,0.111111,0.0,2.5,6.07777,1.55556,0.785184,66.2593,60.2222,79.6667,58.8889,-18.1111,40.2222,-22.1111,79.6667,0.260329,-2.02777,1,1.0,3.0,2.0,4.0
5,196.0,134.0,9.0,0.0,0.0,0.555556,0.251852,0.777778,0.296296,6.07407,7.44444,7.11111,3.66667,4.11111,3.11111,-7.22222,7.77778,0.529982,-0.966318,0,0.0,2.0,5.0,4.0
6,34.0,196.0,9.0,0.0,0.0,1.38889,2.01852,2.38889,1.21852,15.7037,12.4444,15.1111,19.5556,-9.77778,-1.77778,11.5556,19.5556,0.365232,2.51177,3,3.0,5.0,3.0,3.0
7,123.0,68.0,9.0,0.0,0.0,0.944444,0.574135,0.722224,0.574134,107.37,94.2222,126.333,101.556,-39.4444,56.8889,-17.4444,126.333,0.25416,-2.33321,5,1.0,5.0,1.0,3.0
8,19.0,63.0,9.0,0.0,0.0,1.27778,1.57407,2.11111,3.0963,20.9259,19.6667,27.7778,15.3333,-3.77778,20.5556,-16.7778,27.7778,0.44725,-1.72683,0,5.0,3.0,0.0,2.0
9,225.0,181.0,9.0,0.0,0.0,1.16667,0.862812,1.83333,1.32916,55.3333,49.0,68.7778,48.2222,-19.0,40.3333,-21.3333,68.7778,0.300006,-2.05319,4,6.0,4.0,5.0,4.0
10,231.0,49.0,9.0,0.0,0.0,0.555556,0.385186,0.666669,0.266668,120.704,108.111,139.333,114.667,-37.7778,55.8889,-18.1111,139.333,0.223879,-2.31548,5,3.0,5.0,5.0,5.0
11,161.0,136.0,9.0,0.0,0.0,0.611111,0.196296,0.444444,0.074074,5.62963,7.11111,6.44444,3.33333,4.44444,2.44444,-6.88889,7.22222,0.535714,-0.896533,0,0.0,0.0,0.0,6.0
12,145.0,155.0,9.0,0.0,0.111111,4.94444,35.6185,9.94444,121.396,11.2963,7.77778,17.5556,8.55556,-10.5556,18.7778,-8.22222,17.5556,0.747294,-2.14053,6,3.0,2.0,6.0,2.0
13,18.0,209.0,9.0,0.0,0.111111,2.61111,0.712326,4.55556,2.67222,48.7778,43.0,60.7778,42.5556,-17.3333,36.0,-18.6667,60.7778,0.302982,-2.06698,4,4.0,6.0,4.0,4.0
14,134.0,148.0,9.0,0.0,0.0,0.111111,0.172133,0.0555556,0.136083,0.037037,0.0,0.111111,0.0,-0.111111,0.222222,-0.111111,0.111111,0.111111,-2.0944,6,5.0,6.0,6.0,5.0
15,29.0,125.0,9.0,0.0,0.0,0.388889,0.062963,0.666667,0.177778,5.85185,7.22222,6.88889,3.44444,4.11111,3.11111,-7.22222,7.33333,0.529762,-0.944272,0,5.0,0.0,1.0,0.0
16,46.0,131.0,9.0,0.0,0.0,0.277778,0.062963,1.77778,1.85185,1.40741,0.777778,2.77778,0.666667,-1.88889,4.11111,-2.22222,2.77778,0.77037,-2.05134,6,2.0,6.0,4.0,5.0
17,252.0,137.0,9.0,0.0,0.0,0.888889,0.544331,0.611111,0.712325,0.740741,0.333333,1.77778,0.111111,-1.22222,3.11111,-1.88889,1.77778,0.75,-2.00761,6,6.0,2.0,6.0,6.0
18,217.0,122.0,9.0,0.0,0.0,0.333333,0.133333,0.5,0.3,6.0,7.22222,7.33333,3.44444,3.66667,4.0,-7.66667,7.66667,0.551808,-1.05144,0,3.0,4.0,4.0,5.0
19,59.0,96.0,9.0,0.0,0.0,0.611111,0.418521,0.611112,0.240741,111.593,103.444,128.111,103.222,-24.4444,49.5556,-25.1111,128.111,0.197734,-2.08595,5,5.0,0.0,5.0,2.0
20,60.0,116.0,9.0,0.0,0.0,0.722223,0.389682,0.777777,0.344266,23.4074,19.3333,31.4444,19.4444,-12.2222,24.1111,-11.8889,31.4444,0.392149,-2.10498,6,1.0,6.0,4.0,4.0
21,226.0,69.0,9.0,0.0,0.111111,19.1111,991.718,20.4444,1039.54,23.8148,19.2222,29.3333,22.8889,-13.7778,16.5556,-2.77778,29.3333,0.508994,-2.48898,2,2.0,2.0,0.0,3.0
22,67.0,71.0,9.0,0.0,0.0,1.66667,0.888891,1.5,0.299998,125.963,115.556,140.889,121.444,-31.2222,44.7778,-13.5556,140.889,0.179672,-2.33976,5,5.0,2.0,5.0,3.0
23,253.0,192.0,9.0,0.0,0.0,2.16667,2.00832,2.55556,1.5444,47.5185,42.3333,59.2222,41.0,-15.5556,35.1111,-19.5556,59.2222,0.307473,-2.02023,4,1.0,4.0,4.0,4.0
24,68.0,127.0,9.0,0.0,0.0,1.05556,0.975629,1.27778,0.827759,16.3704,10.8889,26.4444,11.7778,-16.4444,30.2222,-13.7778,26.4444,0.601444,-2.03581,2,1.0,2.0,5.0,2.0
25,187.0,89.0,9.0,0.0,0.0,1.77778,1.74695,0.944444,0.800463,5.03704,2.88889,9.55556,2.66667,-6.44444,13.5556,-7.11111,9.55556,0.740904,-2.06534,6,2.0,6.0,6.0,6.0
26,186.0,130.0,9.0,0.0,0.0,0.5,0.122222,0.388889,0.151852,5.33333,6.88889,6.22222,2.88889,4.66667,2.66667,-7.33333,7.0,0.587963,-0.889024,0,3.0,2.0,3.0,0.0
27,229.0,104.0,9.0,0.0,0.0,0.5,0.547722,2.83333,2.04124,19.7778,16.3333,26.1111,16.8889,-10.3333,19.0,-8.66667,26.1111,0.375532,-2.15064,6,0.0,6.0,1.0,6.0
28,199.0,144.0,9.0,0.0,0.0,0.333333,0.516398,0.333333,0.365148,0.444444,0.111111,1.11111,0.111111,-1.0,2.0,-1.0,1.11111,0.740741,-2.0944,6,6.0,0.0,3.0,6.0
29,137.0,190.0,9.0,0.0,0.0,2.05556,0.742868,2.27778,1.40502,60.4444,53.4444,75.5556,52.3333,-21.0,45.3333,-24.3333,75.5556,0.308799,-2.04362,4,2.0,0.0,4.0,0.0
30,78.0,99.0,9.0,0.0,0.0,1.61111,8.01852,3.05556,14.7741,4.14815,1.11111,9.0,2.33333,-9.11111,14.5556,-5.44444,9.0,0.9109,-2.25567,2,5.0,2.0,2.0,2.0
31,44.0,50.0,9.0,0.0,0.0,1.16667,0.960323,1.05556,0.389682,65.1111,57.3333,80.3333,57.6667,-23.3333,45.6667,-22.3333,80.3333,0.290165,-2.10778,1,1.0,1.0,1.0,1.0
32,9.0,130.0,9.0,0.0,0.0,0.0555556,0.0185185,2.61111,6.24075,1.74074,1.0,3.22222,1.0,-2.22222,4.44444,-2.22222,3.22222,0.550926,-2.0944,6,6.0,3.0,6.0,6.0
33,159.0,210.0,9.0,0.0,0.0,1.5,1.36667,1.55556,2.16296,12.963,9.44444,12.0,17.4444,-10.5556,-2.88889,13.4444,17.4444,0.460437,2.42875,3,3.0,3.0,6.0,1.0
34,49.0,116.0,9.0,0.0,0.0,1.33333,0.311111,2.11111,1.31852,3.0,0.888889,6.0,2.11111,-6.33333,9.0,-2.66667,6.0,0.875529,-2.31301,2,3.0,1.0,5.0,6.0
35,77.0,135.0,9.0,0.0,0.0,2.94444,1.97109,1.77778,0.958394,47.3704,41.0,60.6667,40.4444,-19.1111,39.8889,-20.7778,60.6667,0.33466,-2.06346,1,5.0,3.0,5.0,1.0
36,10.0,112.0,9.0,0.0,0.0,0.333333,0.421637,0.5,0.182574,0.444444,0.0,1.22222,0.111111,-1.33333,2.33333,-1.0,1.22222,0.666667,-2.15191,2,2.0,2.0,0.0,5.0
37,140.0,19.0,9.0,0.111111,0.0,1.05555,0.551851,1.88889,1.98518,110.296,97.6667,130.222,103.0,-37.8889,59.7778,-21.8889,130.222,0.249895,-2.26433,5,3.0,4.0,5.0,1.0
38,137.0,182.0,9.0,0.0,0.0,1.83333,3.85556,3.61111,9.21852,34.9259,31.4444,42.8889,30.4444,-10.4444,23.8889,-13.4444,42.8889,0.285756,-2.00112,4,0.0,4.0,1.0,3.0
39,254.0,57.0,9.0,0.0,0.0,0.94444,0.77407,1.38889,1.04074,135.778,129.444,146.667,131.222,-19.0,32.6667,-13.6667,146.667,0.118733,-2.18742,5,3.0,5.0,5.0,0.0
40,85.0,56.0,9.0,0.0,0.0,1.33333,0.4,1.27778,1.84074,26.4444,23.3333,36.0,20.0,-9.33333,28.6667,-19.3333,36.0,0.442788,-1.86318,0,0.0,0.0,3.0,4.0
41,133.0,96.0,9.0,0.111111,0.0,1.0,1.02222,2.77778,3.36296,21.8889,22.1111,27.3333,16.2222,0.666667,16.3333,-17.0,27.3333,0.406451,-1.53069,0,6.0,0.0,5.0,1.0
42,27.0,50.0,9.0,0.0,0.0,1.05556,0.462963,1.0,0.488889,23.037,21.6667,30.0,17.4444,-4.11111,20.8889,-16.7778,30.0,0.418746,-1.74125,0,4.0,0.0,2.0,0.0
43,117.0,137.0,9.0,0.0,0.0,0.222222,0.0740741,0.666667,0.177778,3.11111,1.55556,6.33333,1.44444,-4.66667,9.66667,-5.0,6.33333,0.772487,-2.07507,6,6.0,0.0,5.0,6.0
44,35.0,167.0,9.0,0.0,0.0,1.61111,0.928959,1.5,1.13039,19.037,16.7778,15.6667,24.6667,-6.77778,-10.1111,16.8889,24.6667,0.365503,1.97157,3,3.0,3.0,3.0,1.0
45,127.0,120.0,9.0,0.0,0.0,0.5,0.477778,0.722222,0.596296,1.51852,0.111111,4.11111,0.333333,-4.22222,7.77778,-3.55556,4.11111,0.984127,-2.13309,2,2.0,2.0,2.0,3.0
46,117.0,246.0,9.0,0.0,0.0,2.27778,5.61852,2.66667,5.86667,15.4444,12.0,14.3333,20.0,-10.3333,-3.33333,13.6667,20.0,0.395955,2.39569,3,0.0,3.0,2.0,0.0
47,224.0,34.0,9.0,0.0,0.0,1.33333,0.966091,1.0,0.632455,123.222,111.444,140.0,118.222,-35.3333,50.3333,-15.0,140.0,0.20392,-2.34338,5,0.0,4.0,6.0,1.0
48,101.0,197.0,9.0,0.0,0.0,3.55556,7.54074,4.94444,6.41852,21.2593,17.4444,18.7778,27.5556,-11.4444,-7.44444,18.8889,27.5556,0.394886,2.24309,3,1.0,6.0,3.0,3.0
49,210.0,232.0,9.0,0.0,0.0,1.83333,1.20646,1.5,1.7224,8.81481,6.55556,7.22222,12.6667,-6.77778,-4.77778,11.5556,12.6667,0.491388,2.20132,3,2.0,3.0,6.0,1.0
50,118.0,125.0,9.0,0.0,0.0,0.333333,0.298142,0.888889,0.344265,1.14815,0.0,3.11111,0.333333,-3.44444,5.88889,-2.44444,3.11111,1.0,-2.17565,2,4.0,2.0,3.0,2.0
51,220.0,36.0,9.0,0.0,0.0,0.944443,0.800462,1.05556,0.854182,114.037,100.778,132.444,108.889,-39.7778,55.2222,-15.4444,132.444,0.239085,-2.36224,5,2.0,5.0,5.0,3.0
52,181.0,27.0,9.0,0.0,0.0,0.722221,0.462964,0.5,0.255555,138.074,132.556,146.556,135.111,-16.5556,25.4444,-8.88889,146.556,0.0962632,-2.26453,5,5.0,4.0,3.0,5.0
53,30.0,251.0,9.0,0.0,0.0,2.44444,1.88169,8.0,1.60554,20.6667,21.4444,17.7778,22.7778,2.33333,-8.66667,6.33333,22.7778,0.231417,1.28706,3,6.0,5.0,3.0,3.0
54,214.0,121.0,9.0,0.0,0.0,0.277778,0.062963,0.111111,0.0740741,1.14815,0.0,3.33333,0.111111,-3.44444,6.55556,-3.11111,3.33333,1.0,-2.13264,2,2.0,4.0,2.0,2.0
55,32.0,95.0,9.0,0.0,0.0,1.27778,1.04074,2.22222,3.0963,3.14815,0.777778,7.44444,1.22222,-7.11111,12.8889,-5.77778,7.44444,0.919597,-2.15196,2,5.0,2.0,6.0,2.0
56,146.0,124.0,9.0,0.0,0.0,0.5,0.166667,0.388889,0.107407,6.03704,7.44444,7.33333,3.33333,4.22222,3.88889,-8.11111,7.66667,0.563492,-1.02473,0,0.0,3.0,6.0,0.0
57,91.0,120.0,9.0,0.0,0.0,1.38889,0.928958,0.611111,0.772202,16.8519,11.2222,25.7778,13.5556,-16.8889,26.7778,-9.88889,25.7778,0.562158,-2.23082,2,4.0,2.0,2.0,6.0
58,170.0,62.0,9.0,0.0,0.0,0.0,0.0,0.0,0.0,0.0,0.0,0.0,0.0,0.0,0.0,0.0,0.0,0.0,0.0,6,6.0,1.0,5.0,6.0
59,218.0,147.0,9.0,0.0,0.0,0.0,0.0,0.0,0.0,0.0,0.0,0.0,0.0,0.0,0.0,0.0,0.0,0.0,0.0,6,5.0,2.0,6.0,6.0
60,76.0,134.0,9.0,0.111111,0.0,2.55555,1.44016,1.44444,0.544332,48.9259,41.8889,63.1111,41.7778,-21.1111,42.5556,-21.4444,63.1111,0.341111,-2.08691,1,5.0,3.0,2.0,1.0
61,25.0,138.0,9.0,0.111111,0.0,1.27778,1.14342,0.722222,0.490653,5.18518,2.0,9.33333,4.22222,-9.55556,12.4444,-2.88889,9.33333,0.790011,-2.40681,2,6.0,1.0,0.0,4.0
62,88.0,91.0,9.0,0.0,0.0,1.05556,0.827758,0.722221,0.772203,104.889,92.5556,123.444,98.6667,-37.0,55.6667,-18.6667,123.444,0.250204,-2.30049,5,5.0,3.0,3.0,2.0
63,249.0,154.0,9.0,0.0,0.111111,4.22222,18.163,1.72222,3.17407,4.2963,2.55556,7.66667,2.66667,-5.22222,10.1111,-4.88889,7.66667,0.815344,-2.09581,6,6.0,6.0,6.0,6.0
64,94.0,136.0,9.0,0.0,0.0,0.222222,0.0296296,0.222222,0.0296296,2.55556,1.0,5.77778,0.888889,-4.66667,9.66667,-5.0,5.77778,0.84709,-2.07124,6,6.0,5.0,6.0,5.0
65,215.0,235.0,9.0,0.0,0.0,1.38889,1.06284,1.05556,0.490653,9.18519,6.77778,8.0,12.7778,-7.22222,-3.55556,10.7778,12.7778,0.482192,2.31076,3,1.0,3.0,2.0,1.0
66,103.0,216.0,9.0,0.0,0.0,0.888889,0.651852,2.16667,1.14444,14.5556,10.8889,13.6667,19.1111,-11.0,-2.66667,13.6667,19.1111,0.431696,2.44755,3,0.0,3.0,3.0,3.0
67,31.0,88.0,9.0,0.111111,0.0,0.888889,0.607407,2.16667,1.98889,5.25926,1.55556,10.1111,4.11111,-11.1111,14.5556,-3.44444,10.1111,0.851379,-2.39666,2,3.0,2.0,4.0,1.0
68,37.0,120.0,9.0,0.0,0.0,0.833333,0.344444,1.05556,0.462963,1.92593,0.222222,4.44444,1.11111,-5.11111,7.55556,-2.44444,4.44444,0.962963,-2.29808,2,2.0,2.0,6.0,3.0
69,73.0,103.0,9.0,0.0,0.0,1.27778,0.32963,1.11111,1.54074,18.3333,19.2222,22.5556,13.2222,2.66667,12.6667,-15.3333,22.5556,0.410306,-1.39741,0,0.0,6.0,6.0,0.0
70,30.0,91.0,9.0,0.0,0.0,3.38889,6.46296,3.27778,9.04074,6.25926,2.44444,12.1111,4.22222,-11.4444,17.5556,-6.11111,12.1111,0.823021,-2.28274,2,2.0,0.0,4.0,2.0
71,33.0,132.0,9.0,0.111111,0.0,1.05556,0.998147,1.72222,0.998146,1.96296,0.666667,4.22222,1.0,-3.88889,6.77778,-2.88889,4.22222,0.676888,-2.15243,2,2.0,0.0,1.0,2.0
72,238.0,61.0,9.0,0.0,0.0,0.666667,0.471405,0.722222,0.490653,8.77778,5.88889,14.3333,6.11111,-8.66667,16.6667,-8.0,14.3333,0.588823,-2.12184,6,6.0,3.0,2.0,6.0
73,2.0,88.0,9.0,0.0,0.0,3.61111,7.21852,2.5,5.85556,7.77778,3.55556,13.3333,6.44444,-12.6667,16.6667,-4.0,13.3333,0.754703,-2.39449,2,2.0,1.0,2.0,2.0
74,238.0,59.0,9.0,0.0,0.0,0.833335,0.459466,1.05556,0.680412,121.704,109.222,139.0,116.889,-37.4444,51.8889,-14.4444,139.0,0.214204,-2.36422,5,4.0,0.0,6.0,4.0
75,23.0,237.0,9.0,0.0,0.0,1.66667,2.44444,1.77778,2.07408,5.85185,4.22222,4.55556,8.77778,-4.88889,-3.88889,8.77778,8.77778,0.541266,2.18053,3,0.0,4.0,3.0,4.0
76,26.0,67.0,9.0,0.111111,0.0,1.0,0.88889,2.44444,3.18518,20.0,19.5556,25.8889,14.5556,-1.33333,17.6667,-16.3333,25.8889,0.436939,-1.6232,0,6.0,0.0,6.0,2.0
77,58.0,109.0,9.0,0.0,0.0,0.888889,0.251852,2.83333,1.67778,4.2963,1.44444,8.44444,3.0,-8.55556,12.4444,-3.88889,8.44444,0.864482,-2.28379,2,2.0,2.0,2.0,2.0
78,35.0,76.0,9.0,0.0,0.111111,7.77778,192.207,7.83333,201.722,13.5185,8.44444,19.4444,12.6667,-15.2222,17.7778,-2.55556,19.4444,0.637421,-2.52332,2,2.0,2.0,2.0,5.0
79,215.0,190.0,9.0,0.111111,0.0,1.38889,1.04172,2.61111,1.8429,19.8889,16.0,17.1111,26.5556,-11.6667,-8.33333,20.0,26.5556,0.403522,2.20441,3,4.0,3.0,6.0,2.0
80,28.0,188.0,9.0,0.0,0.0,1.44444,1.4963,5.11111,19.0074,29.963,26.8889,36.4444,26.5556,-9.22222,19.4444,-10.2222,36.4444,0.275863,-2.08357,4,3.0,5.0,4.0,4.0
81,238.0,55.0,9.0,0.0,0.0,0.722224,0.490652,1.0,0.557774,113.667,101.0,132.222,107.778,-38.0,55.6667,-17.6667,132.222,0.235894,-2.3197,5,4.0,6.0,3.0,5.0
82,77.0,177.0,9.0,0.0,0.0,1.33333,1.33333,2.16667,1.97484,48.4074,44.2222,59.3333,41.6667,-12.5556,32.7778,-20.2222,59.3333,0.297431,-1.94042,4,4.0,2.0,4.0,2.0
83,19.0,28.0,9.0,0.0,0.0,1.16667,1.27802,1.11111,1.18634,111.519,96.1111,131.222,107.222,-46.2222,59.1111,-12.8889,131.222,0.267544,-2.42599,5,1.0,5.0,5.0,5.0
84,205.0,190.0,9.0,0.0,0.0,1.27778,0.998145,1.61111,1.12382,49.4815,44.7778,60.6667,43.0,-14.1111,33.5556,-19.4444,60.6667,0.290788,-1.9876,4,4.0,4.0,2.0,5.0
85,64.0,74.0,9.0,0.0,0.0,1.33333,0.577777,1.38889,0.907407,21.1481,21.0,26.8889,15.5556,-0.444444,17.2222,-16.7778,26.8889,0.419204,-1.55423,0,0.0,0.0,0.0,0.0
86,249.0,87.0,9.0,0.0,0.0,14.3889,327.263,13.3889,62.0185,31.7037,28.2222,39.4444,27.4444,-10.4444,23.2222,-12.7778,39.4444,0.312482,-2.01338,1,1.0,0.0,2.0,4.0
87,212.0,81.0,9.0,0.0,0.0,0.72222,0.107409,0.833332,0.0777789,92.1852,77.2222,118.444,80.8889,-44.8889,78.7778,-33.8889,118.444,0.347902,-2.1874,5,5.0,6.0,6.0,1.0
88,64.0,49.0,9.0,0.0,0.0,0.944447,0.240742,0.722225,0.41852,108.889,97.1111,128.889,100.667,-35.3333,60.0,-24.6667,128.889,0.246491,-2.21166,5,2.0,0.0,6.0,5.0
89,158.0,151.0,9.0,0.0,0.0,0.388889,0.389682,4.44444,4.04237,19.0,15.2222,18.3333,23.4444,-11.3333,-2.0,13.3333,23.4444,0.352606,2.50525,3,2.0,3.0,3.0,4.0
90,149.0,64.0,9.0,0.0,0.0,1.5,1.14444,1.38889,0.462963,24.0741,22.6667,31.8889,17.6667,-4.22222,23.4444,-19.2222,31.8889,0.446354,-1.72489,0,3.0,0.0,0.0,0.0
91,121.0,113.0,9.0,0.0,0.0,1.72222,1.52963,2.94444,1.52963,20.2593,20.0,25.4444,15.3333,-0.777778,15.5556,-14.7778,25.4444,0.396589,-1.58561,0,4.0,5.0,2.0,6.0
92,79.0,48.0,9.0,0.0,0.0,1.05555,0.9963,0.999999,0.355556,107.889,94.7778,129.111,99.7778,-39.3333,63.6667,-24.3333,129.111,0.265899,-2.24704,5,3.0,5.0,4.0,2.0
93,14.0,146.0,9.0,0.111111,0.0,0.888889,0.474074,1.11111,0.740741,10.5926,8.0,15.6667,8.11111,-7.77778,15.2222,-7.44444,15.6667,0.487864,-2.10891,1,6.0,6.0,3.0,1.0
94,39.0,124.0,9.0,0.0,0.111111,5.33333,4.77494,6.5,4.54484,7.59259,4.11111,12.8889,5.77778,-10.4444,15.8889,-5.44444,12.8889,0.772152,-2.26575,2,2.0,2.0,3.0,2.0
95,250.0,160.0,9.0,0.0,0.0,2.11111,1.18519,1.55556,2.74074,42.8148,36.4444,55.3333,36.6667,-19.1111,37.5556,-18.4444,55.3333,0.347142,-2.10232,4,3.0,4.0,5.0,2.0
96,51.0,111.0,9.0,0.0,0.0,16.2222,16.4434,0.444445,0.344265,34.1111,30.3333,42.2222,29.7778,-11.3333,24.3333,-13.0,42.2222,0.290355,-2.00574,1,1.0,5.0,2.0,5.0
97,9.0,80.0,9.0,0.0,0.0,2.94444,13.7519,16.6667,71.5111,23.6296,17.3333,31.6667,21.8889,-18.8889,24.1111,-5.22222,31.6667,0.514254,-2.43151,2,6.0,2.0,4.0,2.0
98,227.0,195.0,9.0,0.111111,0.0,2.5,2.23855,3.5,2.88868,47.7407,42.7778,58.5556,41.8889,-14.8889,32.4444,-17.5556,58.5556,0.284495,-2.03896,4,1.0,4.0,3.0,2.0
99,79.0,62.0,9.0,0.0,0.0,0.555556,0.385184,0.888887,0.607405,110.185,100.667,127.111,102.778,-28.5556,50.7778,-22.2222,127.111,0.208013,-2.17815,5,6.0,4.0,1.0,1.0
100,117.0,224.0,9.0,0.0,0.0,3.05556,2.55966,3.05556,3.02153,20.2593,15.4444,17.7778,27.5556,-14.4444,-7.44444,21.8889,27.5556,0.441516,2.30415,3,3.0,3.0,2.0,3.0
101,117.0,44.0,9.0,0.0,0.0,1.27778,0.240742,1.33333,0.31111,106.0,93.0,126.778,98.2222,-39.0,62.3333,-23.3333,126.778,0.266391,-2.25558,5,3.0,5.0,5.0,0.0
102,149.0,163.0,9.0,0.0,0.0,2.61111,12.1518,14.0,48.8889,41.6667,35.4444,51.3333,38.2222,-18.6667,29.0,-10.3333,51.3333,0.297547,-2.38444,4,4.0,3.0,5.0,2.0
103,167.0,57.0,9.0,0.0,0.0,0.944447,0.374073,0.77778,0.696297,98.5926,84.0,121.556,90.2222,-43.7778,68.8889,-25.1111,121.556,0.308813,-2.2644,5,5.0,2.0,2.0,0.0
104,26.0,137.0,9.0,0.0,0.0,0.0555556,0.0185185,0.111111,0.0296296,0.259259,0.0,0.777778,0.0,-0.777778,1.55556,-0.777778,0.777778,0.777778,-2.0944,2,2.0,2.0,0.0,5.0
105,170.0,121.0,9.0,0.0,0.0,2.16667,1.83485,2.72222,1.92546,32.3704,28.6667,40.5556,27.8889,-11.1111,24.5556,-13.4444,40.5556,0.313427,-2.02427,1,1.0,0.0,0.0,1.0
106,247.0,174.0,9.0,0.111111,0.0,3.11111,2.68052,3.16667,1.5456,56.1852,49.4444,70.8889,48.2222,-20.2222,44.1111,-23.8889,70.8889,0.323021,-2.03735,4,4.0,3.0,1.0,1.0
107,165.0,119.0,9.0,0.0,0.0,1.05556,1.57408,1.44444,0.829629,29.4815,23.2222,40.3333,24.8889,-18.7778,32.5556,-13.7778,40.3333,0.425713,-2.18778,6,5.0,4.0,6.0,6.0
108,159.0,111.0,9.0,0.0,0.0,0.444445,0.074074,0.611111,0.151852,5.92593,7.66667,6.88889,3.22222,5.22222,2.88889,-8.11111,7.66667,0.581349,-0.872666,0,0.0,0.0,6.0,6.0
109,35.0,107.0,9.0,0.0,0.0,10.2222,14.9676,9.83333,17.5471,9.51852,7.33333,12.2222,9.0,-6.55556,8.11111,-1.55556,12.2222,0.674956,-2.49296,2,2.0,4.0,3.0,6.0
110,81.0,79.0,9.0,0.0,0.0,0.444445,0.074074,0.888889,0.651853,45.8148,42.8889,53.8889,40.6667,-8.77778,24.2222,-15.4444,53.8889,0.245206,-1.91889,1,1.0,5.0,5.0,1.0
111,149.0,185.0,9.0,0.0,0.0,1.55556,1.06805,3.05556,1.92546,49.3333,45.3333,59.5556,43.1111,-12.0,30.6667,-18.6667,59.5556,0.275889,-1.95277,4,1.0,6.0,0.0,4.0
112,239.0,143.0,9.0,0.0,0.0,0.333333,0.0444445,0.666667,0.133333,4.51852,6.11111,5.44444,2.0,4.77778,2.77778,-7.55556,6.11111,0.674074,-0.87829,0,0.0,0.0,6.0,3.0
113,97.0,126.0,9.0,0.0,0.0,1.05556,0.374074,1.0,0.844445,6.48148,7.66667,8.0,3.77778,3.55556,4.55556,-8.11111,8.33333,0.551587,-1.11813,0,0.0,0.0,1.0,6.0
114,209.0,11.0,9.0,0.0,0.0,0.833333,0.255559,2.16667,3.85555,141.556,135.111,150.111,139.444,-19.3333,25.6667,-6.33333,150.111,0.0998358,-2.40159,5,6.0,5.0,5.0,4.0
115,2.0,63.0,9.0,0.0,0.0,1.22222,0.562963,1.5,0.700001,18.0741,17.2222,23.6667,13.3333,-2.55556,16.7778,-14.2222,23.6667,0.435021,-1.68385,0,0.0,5.0,0.0,2.0
116,26.0,120.0,9.0,0.0,0.0,0.777778,1.27407,0.833333,1.05556,1.33333,0.111111,3.33333,0.555556,-3.66667,6.0,-2.33333,3.33333,0.984127,-2.17877,2,2.0,2.0,3.0,2.0
117,91.0,115.0,9.0,0.111111,0.0,1.72222,1.44074,3.88889,2.82963,19.9259,20.5556,24.1111,15.1111,1.88889,12.5556,-14.4444,24.1111,0.375321,-1.44096,0,0.0,3.0,2.0,6.0
118,103.0,216.0,9.0,0.0,0.0,1.5,0.566667,0.833333,1.18889,7.07407,5.11111,5.0,11.1111,-5.88889,-6.22222,12.1111,11.1111,0.593124,2.0793,3,5.0,3.0,1.0,3.0
119,243.0,166.0,9.0,0.0,0.0,0.611111,0.329629,0.722222,0.32963,13.3704,11.2222,12.1111,16.7778,-6.44444,-3.77778,10.2222,16.7778,0.330513,2.26428,3,4.0,1.0,3.0,3.0
120,183.0,91.0,9.0,0.0,0.0,2.66667,0.894427,0.5,0.547722,14.4444,11.0,21.0,11.3333,-10.3333,19.6667,-9.33333,21.0,0.476783,-2.12846,6,3.0,0.0,6.0,6.0
121,54.0,133.0,9.0,0.0,0.0,4.38889,1.70511,1.27778,1.21868,21.4444,19.8889,25.7778,18.6667,-4.66667,13.0,-8.33333,25.7778,0.270271,-1.90381,1,2.0,2.0,3.0,3.0
122,151.0,114.0,9.0,0.0,0.0,0.611111,0.196296,1.0,0.533333,6.22222,7.55556,7.44444,3.66667,4.0,3.66667,-7.66667,7.88889,0.537919,-1.0108,0,5.0,0.0,3.0,4.0
123,78.0,72.0,9.0,0.0,0.0,1.11111,1.00741,1.05556,0.729631,125.556,115.333,140.556,120.778,-30.6667,45.0,-14.3333,140.556,0.17933,-2.32084,5,5.0,3.0,5.0,3.0
124,93.0,236.0,9.0,0.111111,0.0,1.77778,2.6963,2.0,0.933333,12.5185,9.55556,10.7778,17.2222,-8.88889,-5.22222,14.1111,17.2222,0.447247,2.2672,3,4.0,2.0,3.0,4.0
125,1.0,189.0,9.0,0.0,0.0,1.38889,0.462963,12.3889,84.5963,23.5926,21.1111,29.3333,20.3333,-7.44444,17.2222,-9.77778,29.3333,0.233097,-2.01975,4,4.0,4.0,1.0,5.0
126,13.0,15.0,9.0,0.111111,0.0,1.22222,0.886108,1.22222,1.0256,68.963,59.3333,86.8889,60.6667,-28.8889,53.7778,-24.8889,86.8889,0.316905,-2.14532,1,1.0,6.0,5.0,1.0
127,61.0,92.0,9.0,0.0,0.0,1.27778,1.06284,0.555555,0.620633,17.2593,12.8889,25.7778,13.1111,-13.1111,25.5556,-12.4444,25.7778,0.499695,-2.11184,6,2.0,6.0,2.0,6.0
128,21.0,122.0,9.0,0.0,0.0,0.444444,0.403687,0.444444,0.403687,0.555556,0.0,1.22222,0.444444,-1.66667,2.0,-0.333333,1.22222,0.555556,-2.44456,2,6.0,2.0,2.0,2.0
129,200.0,13.0,9.0,0.0,0.0,1.77778,1.85792,0.277778,0.250924,9.2963,6.11111,15.8889,5.88889,-9.55556,19.7778,-10.2222,15.8889,0.632739,-2.07413,6,4.0,6.0,1.0,6.0
130,89.0,221.0,9.0,0.0,0.0,1.38889,1.48518,1.44444,1.58519,14.0741,10.6667,12.4444,19.1111,-10.2222,-4.88889,15.1111,19.1111,0.446012,2.31721,3,3.0,3.0,1.0,5.0
131,140.0,116.0,9.0,0.111111,0.0,1.77778,1.22323,0.555555,0.501848,46.8148,42.3333,56.5556,41.5556,-13.4444,29.2222,-15.7778,56.5556,0.264563,-2.03862,1,1.0,6.0,1.0,1.0
132,168.0,13.0,9.0,0.111111,0.0,1.33333,0.444445,1.33333,0.400002,130.407,119.667,145.444,126.111,-32.2222,45.1111,-12.8889,145.444,0.177191,-2.35524,5,6.0,1.0,5.0,5.0
133,107.0,129.0,9.0,0.0,0.0,0.555556,0.562963,0.888889,0.874074,6.66667,8.44444,7.55556,4.0,5.33333,2.66667,-8.0,8.44444,0.530556,-0.843904,0,0.0,0.0,3.0,1.0
134,99.0,149.0,9.0,0.0,0.0,3.66667,4.57777,2.11111,1.58518,21.3704,16.6667,30.0,17.4444,-14.1111,25.8889,-11.7778,30.0,0.445172,-2.14179,1,4.0,6.0,1.0,1.0
135,80.0,116.0,9.0,0.0,0.0,1.5,1.63333,1.55556,0.874074,21.7037,21.2222,27.5556,16.3333,-1.44444,17.5556,-16.1111,27.5556,0.407364,-1.63224,0,4.0,2.0,4.0,6.0
136,118.0,85.0,9.0,0.0,0.0,3.27778,4.41852,2.27778,6.81852,8.18519,3.55556,14.8889,6.11111,-13.8889,20.1111,-6.22222,14.8889,0.774121,-2.32909,2,2.0,2.0,2.0,2.0
137,76.0,138.0,9.0,0.0,0.222222,3.22222,3.87967,5.5,2.42899,16.5185,9.88889,24.7778,14.8889,-19.8889,24.7778,-4.88889,24.7778,0.60922,-2.43954,2,4.0,2.0,4.0,3.0
138,151.0,163.0,9.0,0.0,0.0,2.05556,2.28519,18.1667,41.9889,40.0,34.5556,48.0,37.4444,-16.3333,24.0,-7.66667,48.1111,0.263846,-2.51749,4,3.0,2.0,6.0,4.0
139,41.0,150.0,9.0,0.0,0.0,1.77778,1.94074,2.16667,1.5,20.7407,16.2222,29.2222,16.7778,-13.5556,25.4444,-11.8889,29.2222,0.441573,-2.13488,1,1.0,3.0,1.0,6.0
140,96.0,130.0,9.0,0.0,0.0,0.555555,0.45542,1.22222,0.655461,2.40741,0.444444,5.0,1.77778,-5.88889,7.77778,-1.88889,5.0,0.931217,-2.36622,2,4.0,2.0,3.0,1.0
141,129.0,176.0,9.0,0.0,0.0,1.44444,0.655462,2.72222,1.5408,22.7407,19.4444,19.7778,29.0,-9.88889,-8.88889,18.7778,29.0,0.335021,2.1269,3,0.0,3.0,3.0,4.0
142,180.0,179.0,9.0,0.0,0.0,2.27778,2.50741,4.55556,7.27407,35.4815,31.3333,44.1111,31.0,-12.4444,25.8889,-13.4444,44.1111,0.301166,-2.0752,4,1.0,4.0,1.0,5.0
143,103.0,237.0,9.0,0.0,0.0,1.0,0.444444,0.555555,0.474074,8.0,6.55556,5.66667,11.7778,-4.33333,-7.0,11.3333,11.7778,0.522999,1.9465,3,4.0,4.0,3.0,3.0
144,151.0,163.0,9.0,0.0,0.0,2.05556,2.28519,18.1667,41.9889,40.0,34.5556,48.0,37.4444,-16.3333,24.0,-7.66667,48.1111,0.263846,-2.51749,4,1.0,4.0,4.0,5.0
145,114.0,102.0,9.0,0.0,0.0,1.11111,1.22963,1.16667,0.877778,4.03704,1.0,8.44444,2.66667,-9.11111,13.2222,-4.11111,8.44444,0.891218,-2.31611,2,2.0,2.0,0.0,6.0
146,41.0,139.0,9.0,0.0,0.0,0.0555556,0.0185185,0.111111,0.0296296,1.2963,0.0,3.88889,0.0,-3.88889,7.77778,-3.88889,3.88889,1.0,-2.0944,6,5.0,6.0,6.0,1.0
147,206.0,64.0,9.0,0.0,0.0,0.0555555,0.136083,0.277778,0.136083,5.7037,3.66667,10.3333,3.11111,-6.11111,13.8889,-7.77778,10.3333,0.69798,-2.01543,6,1.0,4.0,2.0,6.0
148,48.0,192.0,9.0,0.0,0.0,1.22222,1.00741,2.88889,4.82963,9.96296,8.66667,7.44444,13.7778,-3.88889,-7.55556,11.4444,13.7778,0.476236,1.90846,3,0.0,3.0,6.0,3.0
149,37.0,114.0,9.0,0.333333,0.0,1.38889,2.01852,3.88889,3.76296,17.2222,19.0,20.1111,12.5556,5.33333,8.66667,-14.0,20.5556,0.393691,-1.17666,0,0.0,0.0,2.0,4.0
150,116.0,35.0,9.0,0.0,0.0,0.833333,0.781735,0.888888,0.544333,125.185,113.778,141.333,120.444,-34.2222,48.4444,-14.2222,141.333,0.194853,-2.34664,5,5.0,4.0,5.0,0.0
151,3.0,78.0,9.0,0.0,0.111111,14.8333,356.167,43.3333,662.355,79.6667,70.7778,91.4444,76.7778,-26.6667,35.3333,-8.66667,91.4444,0.269733,-2.41165,2,2.0,2.0,6.0,2.0
152,51.0,237.0,9.0,0.111111,0.0,2.55556,2.53567,2.33333,1.22927,14.1481,11.1111,13.0,18.3333,-9.11111,-3.44444,12.5556,18.3333,0.397985,2.37843,3,3.0,3.0,3.0,3.0
153,112.0,18.0,9.0,0.0,0.0,0.833333,0.691216,0.5,0.278888,113.778,102.333,130.111,108.889,-34.3333,49.0,-14.6667,130.111,0.213257,-2.34084,5,5.0,0.0,5.0,0.0
154,95.0,131.0,9.0,0.0,0.0,0.555555,0.162963,1.33333,0.711111,5.33333,6.88889,6.11111,3.0,4.66667,2.33333,-7.0,7.22222,0.592813,-0.850783,0,1.0,0.0,0.0,1.0
155,254.0,159.0,9.0,0.0,0.0,3.55556,7.54074,14.8333,152.7,36.6296,31.3333,46.2222,32.3333,-15.8889,28.7778,-12.8889,46.2222,0.294845,-2.31687,4,4.0,4.0,4.0,3.0
156,150.0,113.0,9.0,0.0,0.0,0.5,0.255556,0.777778,0.207407,5.59259,7.11111,6.66667,3.0,4.55556,3.22222,-7.77778,7.11111,0.579365,-0.942558,0,6.0,0.0,4.0,4.0
157,191.0,119.0,9.0,0.0,0.0,1.11111,1.29386,0.944446,0.772202,39.8519,36.2222,48.2222,35.1111,-10.8889,25.1111,-14.2222,48.2222,0.271717,-2.006,1,1.0,0.0,1.0,6.0
158,115.0,156.0,9.0,0.0,0.0,0.388889,0.389682,1.05556,0.64693,24.2593,17.2222,26.0,29.5556,-21.1111,5.22222,15.8889,29.5556,0.417328,2.84342,3,1.0,1.0,4.0,0.0
159,10.0,223.0,9.0,0.111111,0.0,1.5,1.06979,3.55556,2.94895,15.037,13.7778,12.8889,18.4444,-3.77778,-6.44444,10.2222,18.4444,0.330665,1.91095,3,6.0,3.0,4.0,1.0
160,100.0,115.0,9.0,0.111111,0.0,0.777778,0.162963,0.722222,0.32963,2.74074,0.333333,6.22222,1.66667,-7.22222,10.4444,-3.22222,6.22222,0.954365,-2.32187,2,2.0,2.0,4.0,2.0
161,78.0,201.0,9.0,0.0,0.0,2.83333,2.65623,5.0,4.07158,56.4444,51.4444,68.6667,49.2222,-15.0,36.6667,-21.6667,68.6667,0.28043,-1.96946,4,4.0,4.0,4.0,1.0
162,35.0,132.0,9.0,0.0,0.0,0.5,0.0777779,0.222222,0.162963,5.37037,7.11111,6.11111,2.88889,5.22222,2.22222,-7.44444,7.11111,0.593254,-0.808383,0,0.0,0.0,4.0,0.0
163,169.0,190.0,9.0,0.0,0.0,3.11111,1.80944,2.88889,2.09408,52.5556,46.8889,65.0,45.7778,-17.0,37.3333,-20.3333,65.0,0.297059,-2.03483,4,4.0,4.0,4.0,0.0
164,68.0,109.0,9.0,0.0,0.0,1.5,3.23333,1.11111,1.8963,1.96296,0.333333,4.77778,0.777778,-4.88889,8.44444,-3.55556,4.77778,0.969136,-2.14653,2,2.0,5.0,4.0,4.0
165,51.0,15.0,9.0,0.0,0.0,0.722226,0.285185,1.22222,0.785184,132.222,123.0,145.333,128.333,-27.6667,39.3333,-11.6667,145.333,0.153616,-2.34104,5,3.0,2.0,5.0,2.0
166,171.0,187.0,9.0,0.0,0.111111,2.94445,1.73098,2.66667,2.43128,48.3704,43.3333,60.1111,41.6667,-15.1111,35.2222,-20.1111,60.1111,0.306725,-1.99855,4,4.0,4.0,4.0,5.0
167,239.0,93.0,9.0,0.0,0.0,3.44444,13.4963,1.05556,0.862962,14.4074,9.88889,22.8889,10.4444,-13.5556,25.4444,-11.8889,22.8889,0.577002,-2.13749,6,6.0,5.0,0.0,2.0
168,209.0,249.0,9.0,0.0,0.0,2.44444,2.38519,2.88889,3.80741,8.55556,8.0,7.55556,10.1111,-1.66667,-3.0,4.66667,10.1111,0.309022,1.91742,3,6.0,3.0,0.0,5.0
169,138.0,21.0,9.0,0.0,0.0,0.666665,0.760117,1.0,0.516396,127.296,116.222,143.111,122.556,-33.2222,47.4444,-14.2222,143.111,0.187853,-2.33938,5,5.0,5.0,1.0,0.0
170,77.0,135.0,9.0,0.0,0.0,0.222222,0.0296296,0.222222,0.0296296,0.777778,0.0,2.33333,0.0,-2.33333,4.66667,-2.33333,2.33333,1.0,-2.0944,6,3.0,6.0,1.0,6.0
171,132.0,223.0,9.0,0.0,0.0,2.11111,0.720082,1.77778,0.93492,16.5185,13.2222,13.4444,22.8889,-9.88889,-9.22222,19.1111,22.8889,0.433125,2.11955,3,6.0,3.0,4.0,3.0
172,67.0,136.0,9.0,0.0,0.0,6.72222,3.70835,2.66667,3.19722,15.5185,9.0,25.3333,12.2222,-19.5556,29.4444,-9.88889,25.3333,0.660813,-2.30751,2,3.0,2.0,1.0,2.0
173,86.0,197.0,9.0,0.111111,0.111111,1.61111,1.45169,1.27778,1.10386,63.2222,56.2222,77.7778,55.6667,-21.0,43.6667,-22.6667,77.7778,0.285333,-2.06802,4,4.0,5.0,1.0,1.0
174,231.0,233.0,9.0,0.0,0.0,1.44444,0.740741,1.16667,0.344444,12.5926,8.88889,11.8889,17.0,-11.1111,-2.11111,13.2222,17.0,0.478222,2.49158,3,3.0,3.0,4.0,2.0
175,205.0,83.0,9.0,0.0,0.0,24.5556,688.074,8.33333,121.244,23.2963,19.7778,28.5556,21.5556,-10.5556,15.7778,-5.22222,28.5556,0.504161,-2.32134,2,2.0,2.0,5.0,4.0
176,210.0,153.0,9.0,0.0,0.0,0.0,0.0,0.0,0.0,0.0,0.0,0.0,0.0,0.0,0.0,0.0,0.0,0.0,0.0,6,5.0,2.0,6.0,6.0
177,209.0,191.0,9.0,0.0,0.111111,3.05556,2.30378,5.72222,6.07149,48.2222,43.8889,58.6667,42.1111,-13.0,31.3333,-18.3333,58.6667,0.279764,-1.9649,4,2.0,4.0,4.0,2.0
178,99.0,184.0,9.0,0.0,0.0,1.83333,3.27778,7.94444,63.3518,31.5185,27.7778,38.7778,28.0,-11.2222,21.7778,-10.5556,38.7778,0.28045,-2.18312,4,5.0,4.0,4.0,1.0
179,137.0,163.0,9.0,0.0,0.0,1.44444,0.785186,18.8889,5.54076,39.2963,33.7778,47.5556,36.5556,-16.5556,24.7778,-8.22222,47.5556,0.284813,-2.39521,4,4.0,1.0,4.0,3.0
180,89.0,43.0,9.0,0.0,0.0,1.05555,0.32963,0.888889,0.34074,107.148,94.1111,128.222,99.1111,-39.1111,63.2222,-24.1111,128.222,0.266023,-2.24795,5,6.0,0.0,5.0,0.0
181,7.0,34.0,9.0,0.0,0.0,2.0,3.68889,1.5,2.03333,20.3333,18.2222,27.8889,14.8889,-6.33333,22.6667,-16.3333,27.8889,0.466345,-1.82315,0,0.0,0.0,0.0,2.0
182,152.0,98.0,9.0,0.0,0.0,7.0,3.8873,1.05556,0.772202,28.7778,24.8889,37.1111,24.3333,-11.6667,25.0,-13.3333,37.1111,0.346398,-2.04294,1,0.0,1.0,1.0,1.0
183,210.0,47.0,9.0,0.0,0.0,0.5,0.211113,0.666667,0.488889,97.1111,82.5556,121.444,87.3333,-43.6667,73.0,-29.3333,121.444,0.320097,-2.22322,5,0.0,5.0,0.0,0.0
184,214.0,161.0,9.0,0.0,0.0,3.72222,0.729634,11.5,18.9222,40.4444,35.3333,49.6667,36.3333,-15.3333,27.6667,-12.3333,49.6667,0.298056,-2.19894,4,0.0,5.0,0.0,6.0
185,8.0,21.0,9.0,0.111111,0.0,0.611112,0.443054,2.05556,1.21868,125.593,113.444,142.444,120.889,-36.4444,50.5556,-14.1111,142.444,0.203582,-2.36253,5,5.0,5.0,3.0,4.0
186,33.0,149.0,9.0,0.0,0.0,0.555556,0.251852,0.722222,0.151852,5.44444,4.11111,8.66667,3.55556,-4.0,9.66667,-5.66667,8.66667,0.578339,-1.9857,0,6.0,0.0,6.0,6.0
187,1.0,81.0,9.0,0.0,0.0,12.1667,267.456,9.22222,205.363,21.3333,14.0,30.5556,19.4444,-22.0,27.6667,-5.66667,30.5556,0.595282,-2.43841,2,2.0,2.0,1.0,0.0
188,106.0,136.0,9.0,0.0,0.0,0.333333,0.177778,0.388889,0.107407,0.703704,0.111111,1.88889,0.111111,-1.77778,3.55556,-1.77778,1.88889,0.962963,-2.0944,2,2.0,2.0,3.0,6.0
189,235.0,249.0,9.0,0.0,0.111111,1.61111,2.42594,2.66667,1.50554,22.8519,19.7778,21.2222,27.5556,-9.22222,-4.88889,14.1111,27.5556,0.28661,2.28263,3,5.0,3.0,3.0,3.0
190,43.0,137.0,9.0,0.0,0.0,0.166667,0.0777778,1.38889,1.75185,1.66667,0.666667,3.77778,0.555556,-3.0,6.33333,-3.33333,3.77778,0.917989,-2.07124,6,4.0,6.0,6.0,6.0
191,88.0,89.0,9.0,0.0,0.0,0.777777,0.385185,3.66667,4.04444,22.3333,21.6667,28.4444,16.8889,-2.0,18.3333,-16.3333,28.4444,0.403687,-1.62559,0,0.0,0.0,5.0,3.0
192,201.0,191.0,9.0,0.0,0.0,1.0,0.760117,2.94444,1.02017,49.1852,44.6667,59.7778,43.1111,-13.5556,31.7778,-18.2222,59.7778,0.278886,-1.99899,4,4.0,4.0,2.0,2.0
193,7.0,134.0,9.0,0.0,0.0,0.0555556,0.0185185,0.0555556,0.0185185,0.037037,0.0,0.111111,0.0,-0.111111,0.222222,-0.111111,0.111111,0.111111,-2.0944,2,3.0,2.0,3.0,2.0
194,203.0,133.0,9.0,0.0,0.0,0.0555556,0.136083,0.0555556,0.136083,0.296296,0.0,0.888889,0.0,-0.888889,1.77778,-0.888889,0.888889,0.888889,-2.0944,6,6.0,5.0,0.0,6.0
195,104.0,112.0,9.0,0.0,0.0,0.611111,0.250924,1.05556,0.712325,59.1481,52.2222,73.3333,51.8889,-20.7778,42.5556,-21.7778,73.3333,0.293681,-2.07846,1,4.0,1.0,3.0,1.0
196,183.0,105.0,9.0,0.0,0.0,2.11111,1.14074,0.777776,0.651852,65.5556,60.0,78.7778,57.8889,-16.6667,39.6667,-23.0,78.7778,0.264986,-1.98948,1,1.0,3.0,1.0,5.0
197,238.0,86.0,9.0,0.0,0.0,0.444444,0.0296296,0.333333,0.0444444,12.0,7.55556,20.4444,8.0,-13.3333,25.3333,-12.0,20.4444,0.629503,-2.12836,6,6.0,5.0,6.0,6.0
198,19.0,133.0,9.0,0.0,0.0,0.0,0.0,0.0,0.0,0.0,0.0,0.0,0.0,0.0,0.0,0.0,0.0,0.0,0.0,2,2.0,2.0,3.0,6.0
199,124.0,183.0,9.0,0.0,0.0,1.77778,0.429629,2.27778,4.1963,18.1852,14.2222,17.1111,23.2222,-11.8889,-3.22222,15.1111,23.2222,0.389882,2.42802,3,2.0,3.0,3.0,2.0
200,248.0,103.0,9.0,0.0,0.0,0.944443,0.574134,1.11111,0.93492,35.6296,30.7778,45.2222,30.8889,-14.5556,28.7778,-14.2222,45.2222,0.323915,-2.10261,1,5.0,4.0,0.0,2.0
201,45.0,108.0,9.0,0.0,0.111111,25.5,12.7954,27.2778,15.931,49.8148,41.7778,61.1111,46.5556,-24.1111,33.8889,-9.77778,61.1111,0.358975,-2.36049,2,2.0,2.0,2.0,2.0
202,170.0,159.0,9.0,0.111111,0.0,2.27778,1.42075,1.61111,1.18165,20.5185,20.3333,22.3333,18.8889,-0.555556,5.44444,-4.88889,22.3333,0.15128,-1.59668,1,1.0,2.0,2.0,1.0
203,235.0,86.0,9.0,0.0,0.0,0.277778,0.0185185,0.277778,0.062963,12.3333,7.77778,21.1111,8.11111,-13.6667,26.3333,-12.6667,21.1111,0.630928,-2.12015,6,4.0,6.0,6.0,0.0
204,190.0,105.0,9.0,0.0,0.0,1.88889,2.2963,2.16667,1.67778,45.7407,41.2222,56.3333,39.6667,-13.5556,31.7778,-18.2222,56.3333,0.295992,-1.99608,1,1.0,6.0,0.0,1.0
205,101.0,121.0,9.0,0.111111,0.0,0.666667,0.843274,1.5,0.888194,3.40741,1.11111,6.0,3.11111,-6.88889,7.77778,-0.888889,6.0,0.843518,-2.51916,2,4.0,2.0,1.0,2.0
206,251.0,24.0,9.0,0.0,0.0,1.16667,0.966665,1.61111,0.418519,121.63,110.778,137.778,116.333,-32.5556,48.4444,-15.8889,137.778,0.195977,-2.30791,5,6.0,3.0,5.0,6.0
207,182.0,197.0,9.0,0.111111,0.0,2.16667,0.691215,2.38889,1.58348,12.8519,10.4444,12.7778,15.3333,-7.22222,-0.222222,7.44444,15.3333,0.322069,2.62821,3,0.0,3.0,3.0,5.0
208,37.0,130.0,9.0,0.0,0.0,0.777778,0.962963,1.27778,0.951852,1.62963,1.11111,3.0,0.777778,-1.55556,4.11111,-2.55556,3.0,0.855556,-1.95982,6,0.0,1.0,2.0,3.0
209,162.0,94.0,9.0,0.0,0.0,9.61111,39.2629,0.555556,0.251852,15.3704,10.6667,23.7778,11.6667,-14.1111,25.2222,-11.1111,23.7778,0.599594,-2.14276,6,5.0,0.0,6.0,5.0
210,206.0,12.0,9.0,0.0,0.0,2.61111,1.48199,4.5,3.35824,11.4444,8.44444,17.6667,8.22222,-9.0,18.6667,-9.66667,17.6667,0.543775,-2.06448,6,5.0,6.0,6.0,6.0
211,26.0,67.0,9.0,0.111111,0.0,1.0,0.88889,2.44444,3.18518,20.0,19.5556,25.8889,14.5556,-1.33333,17.6667,-16.3333,25.8889,0.436939,-1.6232,0,0.0,5.0,2.0,4.0
212,197.0,236.0,9.0,0.0,0.0,2.44444,6.82963,3.33333,7.6,16.0741,13.1111,16.6667,18.4444,-8.88889,1.77778,7.11111,18.5556,0.292729,2.7898,3,6.0,3.0,3.0,3.0
213,8.0,199.0,9.0,0.0,0.0,1.66667,0.788811,1.38889,0.712325,15.0,13.3333,11.7778,19.8889,-5.0,-9.66667,14.6667,19.8889,0.408885,1.9053,3,1.0,6.0,3.0,3.0
214,201.0,125.0,9.0,0.0,0.0,1.0,0.444444,9.94444,103.752,42.8148,39.1111,51.7778,37.5556,-11.1111,26.8889,-15.7778,51.7778,0.270638,-1.97302,1,1.0,0.0,6.0,1.0
215,112.0,35.0,9.0,0.0,0.0,1.11111,1.22963,1.44444,0.829631,127.556,117.444,142.556,122.667,-30.3333,45.0,-14.6667,142.556,0.176083,-2.31105,5,5.0,2.0,5.0,3.0
216,248.0,13.0,9.0,0.0,0.0,0.777779,0.207408,1.11111,0.296294,104.111,88.2222,128.444,95.6667,-47.6667,73.0,-25.3333,128.444,0.313159,-2.28708,5,6.0,0.0,5.0,0.0
217,76.0,106.0,9.0,0.0,0.0,1.83333,3.54444,2.22222,3.71852,3.66667,1.0,7.88889,2.11111,-8.0,12.6667,-4.66667,7.88889,0.903571,-2.25554,2,2.0,2.0,5.0,0.0
218,130.0,145.0,9.0,0.0,0.0,0.0,0.0,0.0,0.0,0.0,0.0,0.0,0.0,0.0,0.0,0.0,0.0,0.0,0.0,6,6.0,6.0,5.0,6.0
219,83.0,53.0,9.0,0.0,0.0,0.555555,0.455419,0.722223,0.490652,123.444,112.333,138.222,119.778,-33.3333,44.3333,-11.0,138.222,0.187217,-2.39327,5,5.0,1.0,5.0,5.0
220,223.0,161.0,9.0,0.0,0.0,1.38889,3.04074,9.0,31.0222,42.037,36.0,52.2222,37.8889,-18.1111,30.5556,-12.4444,52.2222,0.308416,-2.28229,4,4.0,4.0,4.0,3.0
221,97.0,186.0,9.0,0.0,0.0,1.16667,0.691215,1.16667,1.00554,15.5926,13.8889,11.7778,21.1111,-5.11111,-11.4444,16.5556,21.1111,0.442661,1.86365,3,4.0,3.0,3.0,3.0
222,233.0,211.0,9.0,0.111111,0.0,2.66667,6.08889,1.66667,1.73333,15.4444,12.4444,15.2222,18.6667,-9.0,-0.666667,9.66667,18.6667,0.335421,2.55496,3,5.0,3.0,3.0,0.0
223,137.0,105.0,9.0,0.0,0.111111,10.7222,16.5074,31.2222,650.43,42.8519,35.7778,52.6667,40.1111,-21.2222,29.4444,-8.22222,52.6667,0.37578,-2.38024,2,6.0,1.0,5.0,2.0
224,21.0,90.0,9.0,0.0,0.0,0.666668,0.0444441,0.777779,0.562963,113.481,105.889,128.556,106.0,-22.7778,45.2222,-22.4444,128.556,0.179697,-2.09781,5,2.0,1.0,6.0,5.0
225,19.0,62.0,9.0,0.0,0.0,11.2222,0.8861,0.666667,0.365146,62.8148,53.7778,80.0,54.6667,-27.1111,51.5556,-24.4444,80.0,0.329364,-2.12621,1,1.0,0.0,0.0,2.0
226,239.0,137.0,9.0,0.0,0.0,1.77778,1.36083,3.44444,1.08866,40.8519,39.8889,45.3333,37.3333,-2.88889,13.4444,-10.5556,45.3333,0.176066,-1.75799,1,0.0,4.0,3.0,2.0
227,35.0,62.0,9.0,0.0,0.0,0.777779,0.518519,1.22222,1.05185,21.2222,20.7778,27.2222,15.6667,-1.33333,18.0,-16.6667,27.2222,0.423121,-1.6204,0,0.0,0.0,0.0,0.0
228,187.0,89.0,9.0,0.0,0.0,3.0,1.60555,1.11111,1.06805,8.44444,6.33333,13.0,6.0,-6.33333,13.6667,-7.33333,13.0,0.548545,-2.04388,6,4.0,0.0,6.0,6.0
229,204.0,161.0,9.0,0.0,0.0,1.27778,0.507408,9.22222,73.0963,44.0741,38.0,54.5556,39.6667,-18.2222,31.4444,-13.2222,54.5556,0.308104,-2.23829,4,0.0,4.0,2.0,4.0
230,238.0,162.0,9.0,0.222222,0.0,0.944445,0.712326,2.66667,0.730297,19.0,15.7778,17.3333,23.8889,-9.66667,-5.0,14.6667,23.8889,0.34003,2.29142,3,5.0,5.0,5.0,4.0
231,233.0,197.0,9.0,0.0,0.111111,3.88889,2.78621,2.0,1.26491,49.7407,44.3333,61.4444,43.4444,-16.2222,35.1111,-18.8889,61.4444,0.294656,-2.0434,4,2.0,5.0,2.0,2.0
232,7.0,90.0,9.0,0.0,0.0,1.27778,0.854184,2.44444,2.01843,4.66667,2.55556,5.77778,5.66667,-6.33333,3.33333,3.0,6.22222,0.665344,-3.04418,2,2.0,0.0,2.0,6.0
233,134.0,187.0,9.0,0.0,0.0,1.88889,1.51535,2.11111,1.78471,59.3704,52.6667,74.1111,51.3333,-20.1111,44.2222,-24.1111,74.1111,0.307458,-2.03348,4,1.0,4.0,1.0,2.0
234,38.0,112.0,9.0,0.0,0.0,0.555556,0.385185,1.0,0.0888888,6.22222,7.0,8.11111,3.55556,2.33333,5.66667,-8.0,8.11111,0.559171,-1.27399,0,0.0,0.0,6.0,3.0
235,200.0,250.0,9.0,0.0,0.0,2.27778,1.42075,1.44444,1.0256,9.22222,6.55556,7.33333,13.7778,-8.0,-5.66667,13.6667,13.7778,0.56339,2.19294,3,3.0,1.0,0.0,3.0
236,36.0,21.0,9.0,0.0,0.0,0.999997,0.799994,1.33333,0.488889,129.852,120.667,142.556,126.333,-27.5556,38.1111,-10.5556,142.556,0.153497,-2.36488,5,1.0,5.0,5.0,5.0
237,76.0,19.0,9.0,0.0,0.0,0.944444,0.443052,0.888888,0.58373,114.259,101.0,132.333,109.444,-39.7778,54.2222,-14.4444,132.333,0.236733,-2.37598,5,5.0,6.0,2.0,2.0
238,83.0,117.0,9.0,0.0,0.0,1.83333,1.3784,0.722222,0.490653,17.1111,14.5556,23.0,13.7778,-7.66667,17.6667,-10.0,23.0,0.402203,-2.00514,6,6.0,3.0,4.0,6.0
239,18.0,138.0,9.0,0.0,0.0,0.888889,0.562963,0.833333,0.3,5.74074,7.33333,6.55556,3.33333,4.77778,2.44444,-7.22222,7.33333,0.543871,-0.862108,0,0.0,0.0,1.0,6.0
240,131.0,214.0,9.0,0.0,0.0,0.777778,0.651852,1.27778,0.240741,6.81482,5.0,4.77778,10.6667,-5.44444,-6.11111,11.5556,10.6667,0.568162,2.05833,3,1.0,3.0,4.0,0.0
241,147.0,125.0,9.0,0.0,0.0,6.38889,3.92381,1.33333,0.760117,43.2222,37.2222,55.0,37.4444,-18.0,35.3333,-17.3333,55.0,0.324639,-2.09647,1,1.0,6.0,3.0,1.0
242,206.0,233.0,9.0,0.0,0.0,1.38889,1.5408,1.72222,0.827759,26.8148,21.8889,25.1111,33.4444,-14.7778,-5.11111,19.8889,33.4444,0.345755,2.38935,3,0.0,1.0,3.0,2.0
243,185.0,85.0,9.0,0.0,0.0,9.27778,81.4852,2.83333,9.1889,49.1481,45.0,59.5556,42.8889,-12.4444,31.2222,-18.7778,59.5556,0.278726,-1.95422,1,1.0,2.0,1.0,1.0
244,104.0,41.0,9.0,0.0,0.0,0.388889,0.327731,0.833333,0.586896,112.111,99.0,129.333,108.0,-39.3333,51.6667,-12.3333,129.333,0.234493,-2.40455,5,2.0,4.0,5.0,1.0
245,96.0,92.0,9.0,0.111111,0.0,3.33333,2.97778,1.77778,0.651851,22.8889,21.7778,29.7778,17.1111,-3.33333,20.6667,-17.3333,29.7778,0.422223,-1.68265,0,6.0,6.0,3.0,1.0
246,116.0,192.0,9.0,0.111111,0.0,6.05556,2.82384,4.33333,3.06232,57.0741,50.3333,72.1111,48.7778,-20.2222,45.1111,-24.8889,72.1111,0.324017,-2.02475,4,1.0,4.0,4.0,5.0
247,217.0,130.0,9.0,0.0,0.0,2.33333,2.53333,1.44444,0.474074,21.3704,15.7778,31.8889,16.4444,-16.7778,31.5556,-14.7778,31.8889,0.505441,-2.13492,1,2.0,4.0,1.0,1.0
248,63.0,122.0,9.0,0.0,0.0,0.0,0.0,0.0,0.0,0.333333,0.0,1.0,0.0,-1.0,2.0,-1.0,1.0,1.0,-2.0944,2,4.0,2.0,0.0,2.0
249,103.0,174.0,9.0,0.111111,0.0,1.44444,1.16746,1.66667,1.26491,23.1852,20.6667,19.8889,29.0,-7.55556,-9.88889,17.4444,29.0,0.32797,2.0337,3,4.0,3.0,5.0,5.0
250,42.0,135.0,9.0,0.0,0.0,0.388889,0.151852,0.444444,0.162963,2.40741,1.33333,5.11111,0.777778,-3.22222,8.11111,-4.88889,5.11111,0.849735,-1.97219,6,4.0,4.0,1.0,6.0
251,120.0,89.0,9.0,0.111111,0.0,4.0,9.55555,5.83333,11.8555,10.4815,5.77778,17.1111,8.55556,-14.1111,19.8889,-5.77778,17.1111,0.686685,-2.35679,2,2.0,4.0,5.0,2.0
252,47.0,89.0,9.0,0.0,0.0,0.555556,0.172133,3.61111,3.83792,14.2222,10.2222,22.1111,10.3333,-12.0,23.6667,-11.6667,22.1111,0.548825,-2.10731,6,2.0,6.0,6.0,6.0
253,93.0,231.0,9.0,0.0,0.0,2.44444,2.42963,2.66667,3.15556,12.2963,8.77778,11.1111,17.0,-10.5556,-3.55556,14.1111,17.0,0.485216,2.39131,3,1.0,3.0,5.0,3.0
254,192.0,40.0,9.0,0.0,0.0,1.22222,0.207408,1.33333,0.488891,124.63,114.444,140.556,118.889,-30.5556,47.7778,-17.2222,140.556,0.185749,-2.27022,5,5.0,5.0,5.0,1.0
255,147.0,92.0,9.0,0.0,0.0,1.11111,0.429631,1.38889,2.24074,23.4444,22.7778,30.0,17.5556,-2.0,19.6667,-17.6667,30.0,0.414356,-1.65393,0,2.0,0.0,0.0,0.0
256,60.0,52.0,9.0,0.0,0.0,0.722223,0.596301,0.777777,0.740744,111.63,101.0,129.222,104.667,-31.8889,52.7778,-20.8889,129.222,0.218379,-2.22968,5,6.0,5.0,5.0,5.0
257,233.0,154.0,9.0,0.0,0.0,3.72222,11.6185,0.666666,0.577778,33.0,25.1111,46.5556,27.3333,-23.6667,40.6667,-17.0,46.5556,0.458785,-2.20265,1,1.0,2.0,1.0,1.0
258,219.0,133.0,9.0,0.0,0.0,0.833333,0.300001,0.444445,0.0296297,9.85185,6.22222,16.6667,6.66667,-10.8889,20.4444,-9.55556,16.6667,0.627269,-2.13874,6,1.0,2.0,1.0,6.0
259,229.0,124.0,9.0,0.0,0.0,0.888889,0.074074,0.888889,0.340741,5.88889,7.11111,7.11111,3.44444,3.66667,3.66667,-7.33333,7.55556,0.545855,-1.03766,0,6.0,0.0,2.0,0.0
260,134.0,104.0,9.0,0.0,0.0,2.38889,1.84074,2.66667,3.55556,21.7778,20.8889,28.3333,16.1111,-2.66667,19.6667,-17.0,28.3333,0.430399,-1.66975,0,0.0,0.0,3.0,5.0
261,232.0,149.0,9.0,0.0,0.0,0.0,0.0,0.0,0.0,0.0,0.0,0.0,0.0,0.0,0.0,0.0,0.0,0.0,0.0,6,6.0,3.0,6.0,6.0
262,188.0,182.0,9.0,0.0,0.0,1.61111,0.742868,4.16667,2.12655,58.0,51.8889,72.4444,49.6667,-18.3333,43.3333,-25.0,72.4444,0.314281,-1.99159,4,2.0,4.0,4.0,6.0
263,115.0,183.0,9.0,0.0,0.0,0.777778,0.385185,2.0,1.46667,18.1111,14.0,17.3333,23.0,-12.3333,-2.33333,14.6667,23.0,0.392364,2.4832,3,2.0,3.0,1.0,6.0
264,226.0,110.0,9.0,0.0,0.0,0.333333,0.0888889,0.5,0.211111,1.66667,0.111111,4.44444,0.444444,-4.66667,8.33333,-3.66667,4.44444,0.977778,-2.15598,2,2.0,4.0,3.0,5.0
265,44.0,162.0,9.0,0.0,0.0,0.888888,0.455421,1.94444,1.35674,24.5185,19.5556,24.1111,29.8889,-14.8889,-1.22222,16.1111,29.8889,0.347032,2.55739,3,0.0,3.0,3.0,6.0
266,83.0,133.0,9.0,0.111111,0.0,2.33333,2.13957,1.16667,1.06979,48.6667,41.5556,62.5556,41.8889,-21.3333,41.6667,-20.3333,62.5556,0.339145,-2.11179,1,1.0,3.0,1.0,5.0
267,35.0,112.0,9.0,0.111111,0.0,0.888889,0.296297,0.555556,0.162963,16.1852,12.1111,23.8889,12.5556,-12.2222,23.1111,-10.8889,23.8889,0.492526,-2.13331,6,5.0,6.0,6.0,6.0
268,49.0,95.0,9.0,0.0,0.0,1.66667,5.91111,3.0,3.28889,5.18518,2.22222,9.44444,3.88889,-8.88889,12.7778,-3.88889,9.44444,0.794108,-2.32646,2,2.0,2.0,3.0,2.0
269,208.0,154.0,9.0,0.0,0.111111,11.6667,125.867,0.944444,0.685184,8.7037,5.88889,13.8889,6.33333,-8.44444,15.5556,-7.11111,13.8889,0.771517,-2.06692,6,6.0,4.0,6.0,6.0
270,14.0,28.0,9.0,0.0,0.0,0.555553,0.0740745,1.22222,0.429626,110.481,97.8889,131.111,102.444,-37.7778,61.8889,-24.1111,131.111,0.253299,-2.23887,5,2.0,4.0,5.0,2.0
271,124.0,101.0,9.0,0.0,0.111111,3.38889,27.9741,6.44444,59.4963,10.1852,5.77778,15.5556,9.22222,-13.2222,16.1111,-2.88889,15.5556,0.700087,-2.44804,2,2.0,2.0,4.0,2.0
272,67.0,32.0,9.0,0.0,0.0,0.944444,1.06284,1.77778,1.31092,126.222,115.111,142.222,121.333,-33.3333,48.0,-14.6667,142.222,0.190625,-2.33375,5,5.0,1.0,3.0,6.0
273,90.0,134.0,9.0,0.0,0.0,0.388889,0.0185185,0.944444,0.151852,2.11111,1.0,4.66667,0.666667,-3.33333,7.66667,-4.33333,4.66667,0.881481,-2.01314,6,6.0,6.0,6.0,6.0
274,152.0,18.0,9.0,0.0,0.0,0.777777,0.455422,0.555557,0.272164,112.111,97.2222,130.444,108.667,-44.6667,55.0,-10.3333,130.444,0.254668,-2.45498,5,5.0,1.0,6.0,5.0
275,225.0,91.0,9.0,0.0,0.0,0.666667,0.355556,0.666667,0.311111,3.66667,1.11111,8.0,1.88889,-7.66667,13.0,-5.33333,8.0,0.867813,-2.21774,2,5.0,2.0,4.0,2.0
276,189.0,141.0,9.0,0.0,0.0,0.0,0.0,0.0,0.0,0.0,0.0,0.0,0.0,0.0,0.0,0.0,0.0,0.0,0.0,6,6.0,4.0,0.0,1.0
277,48.0,173.0,9.0,0.0,0.0,1.16667,1.06979,1.44444,1.64204,19.2222,16.4444,16.4444,24.7778,-8.33333,-8.33333,16.6667,24.7778,0.349656,2.09956,3,0.0,2.0,5.0,3.0
278,204.0,156.0,9.0,0.0,0.0,0.5,0.278886,2.0,0.557773,23.7037,17.3333,25.4444,28.3333,-19.1111,5.22222,13.8889,28.3333,0.389034,2.86493,3,1.0,3.0,3.0,3.0
279,70.0,197.0,9.0,0.0,0.111111,2.72222,2.01568,5.27778,3.27561,54.8519,48.8889,68.0,47.6667,-17.8889,39.4444,-21.5556,68.0,0.298704,-2.03351,4,4.0,3.0,4.0,2.0
280,160.0,110.0,9.0,0.0,0.0,0.833333,0.691214,0.444444,0.272165,31.6296,27.2222,39.3333,28.3333,-13.2222,23.1111,-9.88889,39.3333,0.307444,-2.18724,6,4.0,6.0,0.0,1.0
281,206.0,57.0,9.0,0.0,0.0,1.05556,0.196297,0.888889,0.340743,122.333,111.333,139.0,116.667,-33.0,50.0,-17.0,139.0,0.198924,-2.29717,5,2.0,3.0,5.0,1.0
282,207.0,97.0,9.0,0.0,0.0,0.888889,0.651852,0.777778,0.474074,2.62963,0.555556,5.88889,1.44444,-6.22222,9.77778,-3.55556,5.88889,0.915344,-2.26902,2,5.0,2.0,4.0,2.0
283,188.0,190.0,9.0,0.0,0.0,1.94444,0.975629,2.05556,1.10387,48.8889,44.2222,60.0,42.4444,-14.0,33.3333,-19.3333,60.0,0.292307,-1.98631,4,4.0,6.0,6.0,4.0
284,82.0,120.0,9.0,0.0,0.0,5.66667,46.9333,5.94444,60.063,6.96296,3.33333,12.7778,4.77778,-10.8889,17.4444,-6.55556,12.7778,0.822893,-2.24013,2,4.0,2.0,1.0,2.0
285,155.0,80.0,9.0,0.0,0.0,0.999999,0.177779,1.44445,0.696294,96.3333,82.4444,119.333,87.2222,-41.6667,69.0,-27.3333,119.333,0.309059,-2.22871,5,5.0,2.0,5.0,5.0
286,145.0,33.0,9.0,0.0,0.0,0.888889,0.272163,0.888888,0.620634,124.556,113.222,140.889,119.556,-34.0,49.0,-15.0,140.889,0.196297,-2.33354,5,1.0,5.0,2.0,2.0
287,47.0,189.0,9.0,0.0,0.0,2.27778,4.55185,5.88889,14.6074,29.6296,26.7778,36.5556,25.5556,-8.55556,20.7778,-12.2222,36.5556,0.297413,-1.95457,4,4.0,4.0,0.0,3.0
288,216.0,78.0,9.0,0.0,0.0,1.33333,0.355555,4.33333,6.35555,36.1111,31.3333,46.0,31.0,-14.3333,29.6667,-15.3333,46.0,0.33971,-2.05383,1,1.0,5.0,1.0,0.0
289,202.0,71.0,9.0,0.0,0.0,0.944444,0.574134,0.777777,0.45542,38.3704,37.8889,42.1111,35.1111,-1.44444,11.2222,-9.77778,42.1111,0.166047,-1.67592,1,1.0,6.0,0.0,5.0
290,107.0,226.0,9.0,0.0,0.0,1.55556,3.0963,3.55556,2.56296,7.85185,5.77778,6.55556,11.2222,-6.22222,-3.88889,10.1111,11.2222,0.526881,2.2594,3,4.0,3.0,4.0,4.0
291,75.0,90.0,9.0,0.111111,0.0,4.16667,3.00185,2.83333,2.77088,48.2222,41.2222,61.4444,42.0,-21.0,39.6667,-18.6667,61.4444,0.327632,-2.13186,1,1.0,2.0,5.0,1.0
292,197.0,182.0,9.0,0.0,0.0,2.22222,1.25904,3.44444,2.82581,55.8519,50.1111,69.1111,48.3333,-17.2222,39.7778,-22.5556,69.1111,0.300643,-2.00156,4,4.0,4.0,0.0,0.0
293,120.0,17.0,9.0,0.0,0.0,1.38889,0.551851,1.88889,1.14073,129.556,118.778,143.556,126.333,-32.3333,42.0,-9.66667,143.556,0.172628,-2.41297,5,1.0,0.0,5.0,4.0
294,94.0,13.0,9.0,0.0,0.0,1.05555,0.507406,1.66666,1.24444,141.593,134.889,149.889,140.0,-20.1111,24.8889,-4.77778,149.889,0.100091,-2.44927,5,4.0,0.0,5.0,6.0
295,186.0,12.0,9.0,0.0,0.0,0.444444,0.272165,2.33333,1.96638,6.25926,3.88889,11.3333,3.55556,-7.11111,15.2222,-8.11111,11.3333,0.687302,-2.05798,6,6.0,1.0,6.0,5.0
296,196.0,95.0,9.0,0.0,0.0,1.72222,1.12382,1.33333,1.26491,7.62963,6.77778,10.7778,5.33333,-2.55556,9.44444,-6.88889,10.7778,0.512566,-1.74926,6,6.0,6.0,6.0,6.0
297,69.0,136.0,9.0,0.0,0.0,3.11111,2.81003,2.77778,3.16696,19.4444,16.8889,25.7778,15.6667,-7.66667,19.0,-11.3333,26.6667,0.425293,-1.61572,2,2.0,2.0,2.0,6.0
298,245.0,176.0,9.0,0.0,0.0,1.0,0.516398,1.0,0.557774,18.4815,15.1111,17.0,23.3333,-10.1111,-4.44444,14.5556,23.3333,0.35207,2.33224,3,3.0,3.0,3.0,3.0
299,184.0,91.0,9.0,0.0,0.0,1.22222,0.385186,0.388889,0.107408,24.0741,17.7778,34.8889,19.5556,-18.8889,32.4444,-13.5556,34.8889,0.48999,-2.20242,6,6.0,5.0,0.0,4.0
300,120.0,136.0,9.0,0.0,0.0,0.611111,0.418519,1.0,0.444444,6.25926,7.77778,7.22222,3.77778,4.55556,2.88889,-7.44444,8.0,0.529541,-0.924607,0,0.0,0.0,5.0,1.0
301,33.0,100.0,9.0,0.0,0.0,0.722222,0.534027,0.666667,0.365148,1.22222,0.111111,2.77778,0.777778,-3.33333,4.66667,-1.33333,2.77778,0.977778,-2.3371,2,0.0,2.0,2.0,2.0
302,197.0,121.0,9.0,0.0,0.0,21.6667,17.3628,0.944444,0.904721,41.037,37.4444,49.4444,36.2222,-10.7778,25.2222,-14.4444,49.4444,0.280578,-1.99554,1,5.0,1.0,4.0,1.0
303,117.0,147.0,9.0,0.0,0.0,0.611111,0.107407,0.777778,0.562963,6.77778,5.44444,11.0,3.88889,-4.0,12.6667,-8.66667,11.0,0.643678,-1.78339,0,0.0,0.0,0.0,0.0
304,10.0,172.0,9.0,0.0,0.0,4.27778,4.38896,6.66667,7.36055,44.7778,40.3333,54.6667,39.3333,-13.3333,29.6667,-16.3333,54.6667,0.278044,-2.05245,4,4.0,4.0,4.0,0.0
305,193.0,125.0,9.0,0.0,0.0,5.05556,2.55096,1.94444,1.87873,37.4444,32.3333,47.5556,32.4444,-15.3333,30.3333,-15.0,47.5556,0.321825,-2.10069,1,1.0,5.0,5.0,1.0
306,123.0,152.0,9.0,0.0,0.0,0.0,0.0,0.0,0.0,0.0,0.0,0.0,0.0,0.0,0.0,0.0,0.0,0.0,0.0,6,6.0,6.0,6.0,6.0
307,112.0,201.0,9.0,0.0,0.0,2.83333,1.29529,3.11111,1.78471,21.2963,16.6667,20.3333,26.8889,-13.8889,-2.88889,16.7778,26.8889,0.381912,2.46794,3,4.0,3.0,3.0,3.0
308,80.0,95.0,9.0,0.0,0.0,1.22222,1.00741,0.944444,0.551851,21.4074,21.3333,26.6667,16.2222,-0.222222,15.7778,-15.5556,26.6667,0.390436,-1.56733,0,1.0,0.0,0.0,0.0
309,143.0,114.0,9.0,0.0,0.0,1.5,0.809664,0.388889,0.389682,27.1852,23.0,34.4444,24.1111,-12.5556,21.7778,-9.22222,34.4444,0.331888,-2.19642,6,6.0,5.0,6.0,6.0
310,186.0,89.0,9.0,0.0,0.0,0.611111,0.196296,1.05556,0.285185,22.6667,16.4444,33.5556,18.0,-18.6667,32.6667,-14.0,33.5556,0.509462,-2.18815,6,2.0,6.0,6.0,6.0
311,97.0,46.0,9.0,0.0,0.0,1.66667,1.61933,2.22222,1.40897,62.3333,53.2222,79.1111,54.6667,-27.3333,50.3333,-23.0,79.1111,0.326719,-2.1523,1,1.0,1.0,4.0,1.0
312,204.0,177.0,9.0,0.0,0.0,1.77778,10.6963,8.33333,27.3334,32.8889,29.0,40.6667,29.0,-11.6667,23.3333,-11.6667,40.6667,0.28109,-2.10084,4,0.0,0.0,0.0,0.0
313,168.0,70.0,9.0,0.0,0.0,0.833333,0.611112,0.388889,0.107408,55.037,51.5556,64.8889,48.6667,-10.4444,29.5556,-19.1111,64.8889,0.249829,-1.90796,1,1.0,6.0,5.0,1.0
314,151.0,89.0,9.0,0.0,0.0,8.38889,4.57732,0.722222,0.389682,31.7037,27.3333,41.0,26.7778,-13.1111,27.8889,-14.7778,41.0,0.351273,-2.04654,1,4.0,1.0,3.0,4.0
315,242.0,81.0,9.0,0.0,0.0,22.3889,189.441,15.1667,110.878,41.9259,33.1111,55.5556,37.1111,-26.4444,40.8889,-14.4444,55.5556,0.420176,-2.27446,2,2.0,2.0,3.0,3.0
316,199.0,97.0,9.0,0.111111,0.0,2.72222,1.25462,0.5,0.182574,47.8148,46.0,54.1111,43.3333,-5.44444,18.8889,-13.4444,54.1111,0.199351,-1.83678,1,1.0,5.0,3.0,1.0
317,200.0,189.0,9.0,0.0,0.0,1.11111,1.08866,3.16667,1.00554,49.6667,45.1111,60.8889,43.0,-13.6667,33.6667,-20.0,60.8889,0.29381,-1.97322,4,2.0,4.0,6.0,5.0
318,66.0,160.0,9.0,0.0,0.0,3.0,4.04445,2.77778,0.429629,22.8519,18.2222,31.5556,18.7778,-13.8889,26.1111,-12.2222,31.5556,0.426014,-2.13873,1,1.0,1.0,1.0,0.0
319,75.0,67.0,9.0,0.0,0.0,1.44444,1.00741,1.83333,1.54445,22.2593,22.5556,27.8889,16.3333,0.888889,16.8889,-17.7778,27.8889,0.414836,-1.52477,0,1.0,0.0,6.0,2.0
320,191.0,119.0,9.0,0.0,0.0,1.11111,1.29386,0.944446,0.772202,39.8519,36.2222,48.2222,35.1111,-10.8889,25.1111,-14.2222,48.2222,0.271717,-2.006,1,1.0,6.0,4.0,1.0
321,37.0,196.0,9.0,0.0,0.0,1.27778,0.998146,1.33333,0.816497,13.3704,11.5556,10.4444,18.1111,-5.44444,-8.77778,14.2222,18.1111,0.430243,1.95677,3,5.0,1.0,6.0,3.0
322,11.0,108.0,9.0,0.0,0.0,1.33333,0.8,1.38889,0.951852,17.6667,19.0,21.1111,12.8889,4.0,10.3333,-14.3333,21.1111,0.388756,-1.30213,0,2.0,0.0,6.0,5.0
323,86.0,193.0,9.0,0.0,0.0,3.27778,1.65216,2.22222,1.80944,61.4074,53.6667,76.5556,54.0,-23.2222,45.4444,-22.2222,76.5556,0.299579,-2.10937,4,4.0,4.0,4.0,4.0
324,183.0,139.0,9.0,0.0,0.0,0.166667,0.182574,0.222222,0.272166,1.37037,0.888889,3.22222,0.0,-1.44444,5.55556,-4.11111,3.22222,1.0,-1.80307,6,3.0,6.0,6.0,5.0
325,101.0,137.0,9.0,0.0,0.0,0.444444,0.501848,0.833333,0.809664,1.14815,0.222222,2.66667,0.555556,-2.77778,4.55556,-1.77778,2.66667,0.95,-2.20059,2,6.0,2.0,3.0,2.0
326,96.0,141.0,9.0,0.0,0.0,1.55556,0.740741,0.444444,0.118518,4.96296,3.11111,8.77778,3.0,-5.55556,11.4444,-5.88889,8.77778,0.66524,-2.07507,6,0.0,1.0,3.0,6.0
327,236.0,102.0,9.0,0.0,0.0,1.05556,0.0629629,1.77778,1.22963,51.7037,46.2222,64.3333,44.5556,-16.4444,37.8889,-21.4444,64.3333,0.307007,-2.00985,1,6.0,1.0,6.0,1.0
328,84.0,65.0,9.0,0.0,0.0,0.722221,0.374072,2.0,0.711109,125.667,115.333,141.667,120.0,-31.0,48.0,-17.0,141.667,0.185658,-2.27374,5,2.0,3.0,5.0,1.0
329,175.0,188.0,9.0,0.0,0.0,3.0,2.57337,2.33333,1.29957,55.7778,49.6667,69.1111,48.5556,-18.3333,40.0,-21.6667,69.1111,0.296294,-2.03967,4,5.0,6.0,4.0,5.0
330,45.0,188.0,9.0,0.0,0.0,2.44444,2.74074,3.11111,7.54074,33.3333,29.6667,41.3333,29.0,-11.0,24.0,-13.0,41.3333,0.299865,-2.04072,4,3.0,4.0,6.0,6.0
331,47.0,215.0,9.0,0.0,0.0,3.11111,1.78471,3.38889,2.40755,17.1852,14.4444,15.6667,21.4444,-8.22222,-4.55556,12.7778,21.4444,0.341766,2.26609,3,1.0,3.0,3.0,3.0
332,73.0,194.0,9.0,0.0,0.0,3.22222,2.33492,4.61111,3.35604,60.7778,53.4444,76.1111,52.7778,-22.0,46.0,-24.0,76.1111,0.309253,-2.06055,4,2.0,1.0,4.0,3.0
333,52.0,66.0,9.0,0.111111,0.0,1.16667,0.255557,1.83333,2.12223,114.222,106.889,128.778,107.0,-22.0,43.6667,-21.6667,128.778,0.174128,-2.09899,5,5.0,3.0,5.0,6.0
334,182.0,186.0,9.0,0.111111,0.0,3.66667,2.04396,1.77778,1.24127,48.4444,43.7778,59.8889,41.6667,-14.0,34.3333,-20.3333,59.8889,0.304522,-1.97306,4,6.0,3.0,0.0,4.0
335,196.0,129.0,9.0,0.0,0.0,0.833333,0.433333,0.666667,0.177778,6.33333,7.88889,7.33333,3.77778,4.66667,3.0,-7.66667,8.22222,0.540123,-0.932783,0,2.0,1.0,1.0,2.0
336,231.0,123.0,9.0,0.0,0.0,0.666667,0.0888889,0.388889,0.151852,5.81482,7.11111,6.88889,3.44444,3.88889,3.22222,-7.11111,7.33333,0.531746,-0.988413,0,0.0,0.0,4.0,0.0
337,77.0,78.0,9.0,0.0,0.0,2.22222,2.34074,2.0,5.86667,24.5926,24.0,31.2222,18.5556,-1.77778,19.8889,-18.1111,31.2222,0.401965,-1.61045,0,4.0,3.0,1.0,0.0
338,150.0,158.0,9.0,0.0,0.0,2.16667,1.63333,1.38889,0.418518,8.44444,7.0,12.2222,6.11111,-4.33333,11.3333,-7.0,12.2222,0.503086,-1.94345,1,1.0,1.0,5.0,1.0
339,120.0,124.0,9.0,0.0,0.0,9.0,112.578,11.1667,184.522,53.7778,49.0,64.4444,47.8889,-14.3333,32.0,-17.6667,64.4444,0.261246,-2.01738,1,5.0,0.0,6.0,1.0
340,230.0,180.0,9.0,0.111111,0.0,1.11111,0.518518,1.94444,1.26296,13.8519,9.66667,13.1111,18.7778,-12.5556,-2.22222,14.7778,18.7778,0.486883,2.48792,3,3.0,3.0,3.0,2.0
341,19.0,90.0,9.0,0.0,0.0,1.38889,1.88519,1.11111,2.11852,3.40741,0.888889,7.88889,1.44444,-7.55556,13.4444,-5.88889,7.88889,0.904321,-2.16608,2,2.0,2.0,2.0,2.0
342,141.0,68.0,9.0,0.0,0.0,1.44444,1.00741,2.16667,0.877779,27.1852,24.2222,36.8889,20.4444,-8.88889,29.1111,-20.2222,36.8889,0.445652,-1.84852,0,4.0,5.0,4.0,0.0
343,48.0,83.0,9.0,0.0,0.0,2.27778,4.01852,2.33333,1.68889,6.25926,2.22222,11.8889,4.66667,-12.1111,16.8889,-4.77778,11.8889,0.82735,-2.345,2,1.0,0.0,4.0,1.0
344,42.0,57.0,9.0,0.0,0.0,1.38889,0.975628,0.999999,0.365148,65.7037,59.4444,79.4444,58.2222,-18.7778,41.2222,-22.4444,79.4444,0.266776,-2.0307,1,1.0,4.0,6.0,1.0
345,124.0,191.0,9.0,0.0,0.0,3.5,2.73861,3.27778,2.80013,59.7407,52.8889,74.7778,51.5556,-20.5556,45.1111,-24.5556,74.7778,0.313611,-2.03548,4,2.0,3.0,4.0,4.0
346,185.0,84.0,9.0,0.0,0.0,0.611111,0.490653,0.499999,0.459468,23.2593,18.6667,31.3333,19.7778,-13.7778,24.2222,-10.4444,31.3333,0.404099,-2.18486,6,6.0,6.0,6.0,6.0
347,247.0,50.0,9.0,0.0,0.0,0.444443,0.272166,0.777779,0.344264,121.185,109.222,138.889,115.444,-35.8889,53.1111,-17.2222,138.889,0.213538,-2.31231,5,5.0,6.0,6.0,4.0
348,3.0,106.0,9.0,0.0,0.0,0.222222,0.172133,0.111111,0.172133,0.555556,0.0,1.66667,0.0,-1.66667,3.33333,-1.66667,1.66667,1.0,-2.0944,2,4.0,0.0,0.0,3.0
349,219.0,134.0,9.0,0.0,0.0,0.277778,0.107407,0.666667,0.444444,4.74074,6.44444,5.22222,2.55556,5.11111,1.44444,-6.55556,6.44444,0.603704,-0.730465,0,0.0,4.0,4.0,1.0
350,68.0,80.0,9.0,0.0,0.0,1.16667,0.166666,1.72222,1.70741,111.074,102.889,127.333,103.0,-24.5556,48.7778,-24.2222,127.333,0.198052,-2.0987,5,5.0,0.0,5.0,4.0
351,184.0,44.0,9.0,0.0,0.0,0.500001,0.122222,1.0,0.755557,99.0,85.0,121.444,90.5556,-42.0,67.3333,-25.3333,121.444,0.300019,-2.25454,5,5.0,0.0,5.0,0.0
352,104.0,137.0,9.0,0.0,0.0,0.277778,0.151852,0.277778,0.151852,3.7037,2.11111,7.11111,1.88889,-4.77778,10.2222,-5.44444,7.11111,0.731922,-2.05845,6,5.0,4.0,1.0,6.0
353,116.0,245.0,9.0,0.111111,0.0,1.38889,0.551851,2.22222,3.94074,14.2222,11.1111,13.1111,18.4444,-9.33333,-3.33333,12.6667,18.4444,0.389695,2.39543,3,5.0,3.0,3.0,3.0
354,129.0,188.0,9.0,0.0,0.0,3.66667,2.01108,4.61111,2.40755,61.0741,53.7778,76.0,53.4444,-21.8889,44.7778,-22.8889,76.0,0.30013,-2.0791,4,4.0,4.0,1.0,1.0
355,168.0,77.0,9.0,0.0,0.0,0.888889,1.27408,1.55556,1.58518,59.5556,54.2222,71.3333,53.1111,-16.0,35.3333,-19.3333,71.3333,0.255329,-2.03087,1,1.0,2.0,1.0,6.0
356,45.0,149.0,9.0,0.0,0.0,2.5,3.32222,0.666666,0.266666,16.8148,13.4444,23.7778,13.2222,-10.1111,20.8889,-10.7778,23.7778,0.453341,-2.06925,1,1.0,5.0,0.0,1.0
357,200.0,215.0,9.0,0.0,0.0,1.55556,0.958394,4.72222,2.64505,23.037,17.1111,22.5556,29.4444,-17.7778,-1.44444,19.2222,29.4444,0.420767,2.56105,3,2.0,3.0,3.0,5.0
358,202.0,193.0,9.0,0.0,0.0,1.11111,0.750308,3.38889,2.48924,41.7037,37.8889,50.6667,36.5556,-11.4444,26.8889,-15.4444,50.6667,0.278387,-1.993,4,4.0,4.0,1.0,4.0
359,222.0,194.0,9.0,0.0,0.0,2.27778,1.14342,2.27778,1.42075,20.1852,16.5556,17.8889,26.1111,-10.8889,-6.88889,17.7778,26.1111,0.37213,2.22438,3,1.0,3.0,4.0,4.0
360,217.0,80.0,9.0,0.0,0.0,0.555555,0.58373,2.77778,0.720082,15.8519,11.8889,23.2222,12.4444,-11.8889,22.1111,-10.2222,23.2222,0.489982,-2.14227,6,5.0,0.0,2.0,4.0
361,236.0,194.0,9.0,0.0,0.0,2.66667,1.93218,2.44444,1.79712,50.1111,44.2222,62.4444,43.6667,-17.6667,37.0,-19.3333,62.4444,0.300667,-2.06428,4,6.0,4.0,3.0,1.0
362,76.0,135.0,9.0,0.0,0.0,0.444445,0.118519,0.833333,0.122222,5.0,6.88889,5.44444,2.66667,5.66667,1.33333,-7.0,6.88889,0.613757,-0.692028,0,1.0,0.0,0.0,5.0
363,204.0,156.0,9.0,0.0,0.0,0.5,0.278886,2.0,0.557773,23.7037,17.3333,25.4444,28.3333,-19.1111,5.22222,13.8889,28.3333,0.389034,2.86493,3,5.0,3.0,3.0,3.0
364,149.0,182.0,9.0,0.111111,0.0,3.11111,3.20878,7.0,5.64899,39.8519,37.2222,47.3333,35.0,-7.88889,22.4444,-14.5556,47.3333,0.24779,-1.86828,4,0.0,4.0,4.0,5.0
365,33.0,114.0,9.0,0.0,0.0,0.555555,0.0740741,0.5,0.211111,16.1111,11.7778,24.1111,12.4444,-13.0,24.0,-11.0,24.1111,0.510924,-2.14907,6,1.0,6.0,0.0,6.0
366,74.0,127.0,9.0,0.0,0.0,4.83333,3.64996,1.66667,1.24722,45.2593,39.4444,57.3333,39.0,-17.4444,36.2222,-18.7778,57.3333,0.317325,-2.06104,1,1.0,2.0,6.0,5.0
367,80.0,124.0,9.0,0.0,0.0,0.555556,0.162963,0.444444,0.0296297,5.11111,6.66667,6.0,2.66667,4.66667,2.66667,-7.33333,6.77778,0.608466,-0.877707,0,3.0,1.0,0.0,5.0
368,166.0,66.0,9.0,0.0,0.0,0.777777,0.655461,5.27778,4.95947,41.6296,40.5556,46.3333,38.0,-3.22222,14.1111,-10.8889,46.3333,0.178875,-1.74855,1,5.0,0.0,3.0,1.0
369,18.0,70.0,9.0,0.0,0.111111,9.44444,5.8979,9.94444,6.94875,21.037,16.2222,26.6667,20.2222,-14.4444,16.8889,-2.44444,26.6667,0.415836,-2.5142,2,3.0,2.0,2.0,2.0
370,244.0,82.0,9.0,0.0,0.0,0.611111,1.02017,2.72222,2.53348,15.5185,11.6667,22.4444,12.4444,-11.5556,20.7778,-9.22222,22.4444,0.481601,-2.17063,6,6.0,6.0,6.0,6.0
371,54.0,142.0,9.0,0.0,0.0,0.722222,0.827759,2.0,2.10818,1.81481,0.888889,3.66667,0.888889,-2.77778,5.55556,-2.77778,3.66667,0.769444,-2.0944,6,4.0,6.0,6.0,6.0
372,177.0,181.0,9.0,0.0,0.0,4.27778,1.73098,2.55556,1.48573,60.6296,53.6667,75.6667,52.5556,-20.8889,45.1111,-24.2222,75.6667,0.306993,-2.04456,4,6.0,3.0,1.0,2.0
373,187.0,75.0,9.0,0.0,0.0,1.55556,0.91084,5.66667,4.80278,39.7037,35.7778,48.2222,35.1111,-11.7778,25.5556,-13.7778,48.2222,0.275059,-2.03643,1,0.0,1.0,1.0,0.0
374,46.0,235.0,9.0,0.0,0.0,1.94444,1.84074,1.72222,3.57407,10.8889,7.55556,9.33333,15.7778,-10.0,-4.66667,14.6667,15.7778,0.520399,2.31624,3,4.0,3.0,3.0,5.0
375,92.0,62.0,9.0,0.0,0.0,1.88889,1.31092,1.88889,0.720082,123.481,112.333,139.333,118.778,-33.4444,47.5556,-14.1111,139.333,0.193691,-2.3434,5,0.0,6.0,5.0,2.0
376,4.0,40.0,9.0,0.0,0.0,1.33333,2.71111,1.11111,2.11852,17.1852,15.6667,23.3333,12.5556,-4.55556,18.4444,-13.8889,23.3333,0.46306,-1.7836,0,0.0,0.0,5.0,2.0
377,92.0,56.0,9.0,0.0,0.0,0.444443,0.0296294,0.833333,0.566668,126.0,115.889,140.667,121.444,-30.3333,44.0,-13.6667,140.667,0.176061,-2.32678,5,5.0,5.0,5.0,6.0
378,222.0,244.0,9.0,0.111111,0.0,2.94444,0.640741,2.27778,2.15185,10.3704,9.66667,9.77778,11.6667,-2.11111,-1.77778,3.88889,11.8889,0.226482,2.32339,3,6.0,3.0,3.0,0.0
379,129.0,136.0,9.0,0.0,0.0,2.0,1.55556,0.833333,0.122222,6.18518,3.66667,10.6667,4.22222,-7.55556,13.4444,-5.88889,10.6667,0.657744,-2.1753,6,1.0,4.0,1.0,6.0
380,110.0,174.0,9.0,0.0,0.0,0.388889,0.0629629,1.72222,0.151852,13.4815,10.8889,12.5556,17.0,-7.77778,-2.77778,10.5556,17.0,0.359296,2.37785,3,6.0,3.0,0.0,0.0
381,39.0,77.0,9.0,0.111111,0.0,1.83333,1.81111,2.38889,0.774074,7.7037,3.22222,13.1111,6.77778,-13.4444,16.2222,-2.77778,13.1111,0.762049,-2.46749,2,2.0,2.0,5.0,2.0
382,95.0,109.0,9.0,0.0,0.0,1.0,0.488889,1.94444,2.72963,17.2593,19.2222,20.0,12.5556,5.88889,8.22222,-14.1111,20.4444,0.384997,-1.1312,0,0.0,4.0,6.0,1.0
383,194.0,57.0,9.0,0.0,0.0,0.611109,0.418515,1.16667,0.38889,135.963,129.889,146.222,131.778,-18.2222,30.7778,-12.5556,146.222,0.111695,-2.21505,5,5.0,2.0,5.0,1.0
384,103.0,195.0,9.0,0.111111,0.0,2.05556,1.57407,2.05556,3.7963,8.51852,6.33333,6.88889,12.3333,-6.55556,-4.88889,11.4444,12.3333,0.501683,2.18702,3,1.0,3.0,3.0,0.0
385,135.0,185.0,9.0,0.111111,0.0,2.22222,2.81004,2.27778,1.28956,47.963,44.1111,57.3333,42.4444,-11.5556,28.1111,-16.5556,57.3333,0.259189,-1.9821,4,3.0,4.0,4.0,1.0
386,120.0,51.0,9.0,0.0,0.0,1.05555,0.712324,2.05555,0.742867,124.407,113.222,141.111,118.889,-33.5556,50.1111,-16.5556,141.111,0.197569,-2.30531,5,5.0,3.0,6.0,3.0
387,232.0,126.0,9.0,0.0,0.111111,2.38889,11.8852,1.22222,6.2963,1.51852,0.444444,3.55556,0.555556,-3.22222,6.11111,-2.88889,3.55556,0.965812,-2.1073,2,2.0,2.0,0.0,1.0
388,161.0,73.0,9.0,0.0,0.0,0.833333,0.505524,0.61111,0.389682,43.8519,43.0,48.7778,39.7778,-2.55556,14.7778,-12.2222,48.7778,0.184376,-1.72044,1,6.0,5.0,2.0,2.0
389,94.0,144.0,9.0,0.0,0.0,0.444444,0.118518,0.5,0.166667,1.14815,0.0,3.44444,0.0,-3.44444,6.88889,-3.44444,3.44444,1.0,-2.0944,2,5.0,2.0,0.0,2.0
390,236.0,42.0,9.0,0.0,0.0,0.722224,0.462963,1.38889,1.44075,135.296,128.111,146.444,131.333,-21.5556,33.4444,-11.8889,146.444,0.125137,-2.28222,5,4.0,0.0,5.0,5.0
391,28.0,188.0,9.0,0.0,0.0,1.44444,1.4963,5.11111,19.0074,29.963,26.8889,36.4444,26.5556,-9.22222,19.4444,-10.2222,36.4444,0.275863,-2.08357,4,4.0,4.0,2.0,3.0
392,197.0,144.0,9.0,0.0,0.0,0.944444,0.712325,0.388889,0.490653,0.703704,0.333333,1.66667,0.111111,-1.11111,2.88889,-1.77778,1.66667,0.861111,-1.98694,6,4.0,0.0,6.0,6.0
393,72.0,32.0,9.0,0.111111,0.111111,3.94444,2.70322,2.27778,1.97109,56.3704,48.5556,72.7778,47.7778,-23.4444,49.2222,-25.7778,72.7778,0.344409,-2.06061,1,1.0,2.0,1.0,1.0
394,189.0,62.0,9.0,0.0,0.0,0.388889,0.250924,0.444444,0.344265,7.62963,5.0,13.1111,4.77778,-7.88889,16.4444,-8.55556,13.1111,0.635938,-2.06695,6,4.0,4.0,0.0,6.0
395,86.0,20.0,9.0,0.0,0.0,0.944447,1.02017,1.94444,1.06284,65.1852,56.4444,81.6667,57.4444,-26.2222,49.4444,-23.2222,81.6667,0.309556,-2.13303,1,1.0,4.0,1.0,5.0
396,170.0,113.0,9.0,0.0,0.0,2.83333,0.623608,1.22222,0.68853,28.3333,24.3333,34.8889,25.7778,-12.0,19.6667,-7.66667,34.8889,0.302071,-2.23625,6,1.0,6.0,6.0,6.0
397,190.0,45.0,9.0,0.0,0.0,0.666667,0.666666,0.777779,0.54433,108.963,95.8889,126.889,104.111,-39.2222,53.7778,-14.5556,126.889,0.244289,-2.37181,5,5.0,3.0,5.0,2.0
398,42.0,59.0,9.0,0.0,0.0,1.83333,3.5,2.05556,0.862963,21.8148,20.7778,28.7778,15.8889,-3.11111,20.8889,-17.7778,28.7778,0.445142,-1.68081,0,4.0,2.0,3.0,0.0
399,156.0,188.0,9.0,0.0,0.0,4.27778,2.31341,5.0,3.74759,61.2593,55.1111,75.6667,53.0,-18.4444,43.2222,-24.7778,75.6667,0.300242,-1.99775,4,4.0,4.0,5.0,2.0
400,154.0,128.0,9.0,0.0,0.0,0.5,0.3,0.333333,0.0444444,5.96296,7.33333,7.22222,3.33333,4.11111,3.77778,-7.88889,7.66667,0.563713,-1.00505,0,0.0,0.0,0.0,0.0
401,67.0,64.0,9.0,0.0,0.0,2.11111,2.11852,2.38889,3.44074,22.4815,22.0,28.8889,16.5556,-1.44444,19.2222,-17.7778,28.8889,0.426923,-1.62567,0,3.0,5.0,0.0,2.0
402,29.0,195.0,9.0,0.0,0.0,0.444444,0.403687,0.611111,0.680414,16.037,14.4444,13.3333,20.3333,-4.77778,-8.11111,12.8889,20.3333,0.342307,1.94304,3,5.0,3.0,1.0,0.0
403,42.0,244.0,9.0,0.111111,0.0,1.11111,1.4707,1.11111,1.25904,12.8148,9.55556,11.6667,17.2222,-9.77778,-3.44444,13.2222,17.2222,0.446035,2.39174,3,0.0,3.0,2.0,3.0
404,34.0,115.0,9.0,0.0,0.0,0.5,0.388889,0.777778,0.607407,6.2963,7.33333,7.88889,3.66667,3.11111,4.77778,-7.88889,8.0,0.541887,-1.17545,0,6.0,4.0,2.0,1.0
405,34.0,116.0,9.0,0.0,0.0,5.77778,4.40538,0.499999,0.278888,61.0,52.4444,76.4444,54.1111,-25.6667,46.3333,-20.6667,76.4444,0.313235,-2.16179,1,1.0,6.0,0.0,1.0
406,22.0,125.0,9.0,0.0,0.0,2.27778,1.80637,2.44444,1.3444,58.2222,50.2222,73.7778,50.6667,-24.0,46.6667,-22.6667,73.7778,0.323908,-2.11272,1,1.0,1.0,5.0,1.0
407,47.0,96.0,9.0,0.0,0.0,0.944445,0.574134,0.833333,0.752772,61.9259,54.4444,77.0,54.3333,-22.4444,45.2222,-22.7778,77.0,0.297221,-2.08911,1,0.0,1.0,3.0,1.0
408,113.0,96.0,9.0,0.0,0.0,0.944445,0.507407,1.11111,0.34074,3.81481,1.11111,8.55556,1.77778,-8.11111,14.2222,-6.11111,8.55556,0.872222,-2.18623,2,4.0,5.0,6.0,5.0
409,75.0,98.0,9.0,0.0,0.0,3.94444,45.8407,4.66667,39.2889,5.51852,2.33333,10.4444,3.77778,-9.55556,14.7778,-5.22222,10.4444,0.872146,-2.27297,2,2.0,2.0,1.0,1.0
410,83.0,83.0,9.0,0.111111,0.0,0.777779,0.785184,1.66667,3.11111,49.8519,46.0,59.5556,44.0,-11.5556,29.1111,-17.5556,59.5556,0.260605,-1.95852,1,4.0,5.0,1.0,1.0
411,178.0,16.0,9.0,0.0,0.0,0.333335,0.298143,1.5,1.20646,112.963,99.5556,131.0,108.333,-40.2222,54.1111,-13.8889,131.0,0.239899,-2.385,5,1.0,5.0,5.0,5.0
412,134.0,194.0,9.0,0.0,0.0,2.61111,1.21868,5.22222,4.43555,58.963,52.8889,71.5556,52.4444,-18.2222,37.7778,-19.5556,71.5556,0.273444,-2.08189,4,4.0,4.0,6.0,6.0
413,162.0,14.0,9.0,0.0,0.0,0.944445,0.53403,0.611113,0.712327,112.741,99.0,130.667,108.556,-41.2222,53.7778,-12.5556,130.667,0.242294,-2.40897,5,3.0,4.0,5.0,6.0
414,172.0,138.0,9.0,0.0,0.0,2.44444,10.0741,7.83333,49.6333,12.1852,8.22222,19.2222,9.11111,-11.8889,21.1111,-9.22222,19.2222,0.61525,-2.1721,6,6.0,6.0,6.0,6.0
415,194.0,118.0,9.0,0.0,0.0,0.444445,0.118518,0.444445,0.162963,6.25926,7.55556,7.66667,3.55556,3.88889,4.22222,-8.11111,7.77778,0.543871,-1.0762,0,0.0,3.0,2.0,2.0
416,52.0,82.0,9.0,0.0,0.0,3.27778,0.462964,1.33333,0.488889,44.8889,41.5556,53.1111,40.0,-10.0,24.6667,-14.6667,53.1111,0.246605,-1.97178,1,3.0,0.0,1.0,1.0
417,75.0,226.0,9.0,0.0,0.0,2.22222,0.655461,1.61111,1.02017,16.7037,15.3333,13.0,21.7778,-4.11111,-11.1111,15.2222,21.7778,0.404749,1.82234,3,0.0,3.0,3.0,3.0
418,134.0,54.0,9.0,0.0,0.0,0.611112,0.646931,1.22222,1.0037,124.37,112.667,141.333,119.111,-35.1111,50.8889,-15.7778,141.333,0.202708,-2.32866,5,5.0,5.0,1.0,6.0
419,139.0,86.0,9.0,0.111111,0.0,1.44444,1.27407,1.22222,1.31852,26.4815,24.2222,35.0,20.2222,-6.77778,25.5556,-18.7778,35.0,0.421495,-1.80483,0,0.0,0.0,6.0,4.0
420,189.0,187.0,9.0,0.0,0.0,1.22222,1.0037,3.05556,2.38902,48.5185,44.1111,59.8889,41.5556,-13.2222,34.1111,-20.8889,59.8889,0.305755,-1.94747,4,4.0,2.0,6.0,3.0
421,103.0,65.0,9.0,0.0,0.0,1.27778,1.08355,1.22222,0.91084,60.1481,53.7778,73.8889,52.7778,-19.1111,41.2222,-22.1111,73.8889,0.287045,-2.0419,1,1.0,1.0,1.0,6.0
422,138.0,188.0,9.0,0.0,0.0,2.05556,1.35674,1.11111,0.750309,60.3333,53.5556,74.8889,52.5556,-20.3333,43.6667,-23.3333,74.8889,0.299511,-2.04721,4,4.0,0.0,6.0,2.0
423,69.0,74.0,9.0,0.222222,0.0,3.88889,9.94074,2.16667,2.47778,23.5926,22.5556,30.5556,17.6667,-3.11111,20.8889,-17.7778,30.5556,0.420252,-1.66658,0,3.0,4.0,2.0,5.0
424,26.0,82.0,9.0,0.0,0.0,1.55556,0.474074,2.11111,4.38519,5.59259,1.77778,10.2222,4.77778,-11.4444,13.8889,-2.44444,10.2222,0.843607,-2.45198,2,5.0,2.0,3.0,2.0
425,79.0,57.0,9.0,0.0,0.0,1.72222,1.61852,1.94444,1.97407,26.8148,24.0,36.2222,20.2222,-8.44444,28.2222,-19.7778,36.2222,0.440509,-1.83767,0,0.0,0.0,6.0,0.0
426,22.0,116.0,9.0,0.0,0.0,0.388889,0.107407,0.333333,0.133333,5.62963,6.77778,7.0,3.11111,3.44444,4.11111,-7.55556,7.33333,0.575397,-1.09962,0,6.0,0.0,3.0,0.0
427,58.0,122.0,9.0,0.0,0.0,2.05556,2.21527,6.11111,3.01601,34.1852,29.2222,44.3333,29.0,-14.8889,30.4444,-15.5556,44.3333,0.349652,-2.07484,1,5.0,3.0,1.0,1.0
428,119.0,85.0,9.0,0.0,0.0,0.499999,0.299998,0.888887,0.607409,101.037,88.7778,122.556,91.7778,-36.7778,64.5556,-27.7778,122.556,0.275467,-2.18634,5,5.0,0.0,4.0,5.0
429,130.0,189.0,9.0,0.0,0.0,0.888889,0.340741,1.16667,0.922222,12.0,9.44444,10.1111,16.4444,-7.66667,-5.66667,13.3333,16.4444,0.439443,2.19414,3,1.0,3.0,3.0,3.0
430,176.0,100.0,9.0,0.0,0.0,1.94444,0.774075,1.44444,0.651851,55.3704,50.3333,66.8889,48.8889,-15.1111,34.5556,-19.4444,66.8889,0.268621,-2.00619,1,5.0,4.0,5.0,1.0
431,219.0,80.0,9.0,0.0,0.0,2.05556,2.90147,2.94444,1.08355,14.4815,11.3333,20.3333,11.7778,-9.44444,17.5556,-8.11111,20.3333,0.43286,-2.1389,6,6.0,5.0,6.0,6.0
432,14.0,66.0,9.0,0.0,0.0,1.55556,1.00741,1.5,1.01111,18.6667,18.5556,24.0,13.4444,-0.333333,16.0,-15.6667,24.0,0.437855,-1.56925,0,0.0,0.0,5.0,5.0
433,159.0,116.0,9.0,0.111111,0.0,0.444444,0.344265,2.05556,1.10387,29.8148,25.6667,37.1111,26.6667,-12.4444,21.8889,-9.44444,37.1111,0.310286,-2.17751,6,6.0,3.0,4.0,4.0
434,250.0,176.0,9.0,0.0,0.111111,1.61111,1.06284,3.44444,1.69531,53.6667,47.1111,67.6667,46.2222,-19.6667,42.0,-22.3333,67.6667,0.318137,-2.05226,4,4.0,4.0,2.0,3.0
435,23.0,147.0,9.0,0.0,0.0,0.333333,0.133333,0.722222,0.418518,4.59259,4.11111,7.44444,2.22222,-1.44444,8.55556,-7.11111,7.66667,0.698445,-1.56175,0,2.0,0.0,3.0,0.0
436,226.0,72.0,9.0,0.0,0.0,1.27778,0.818518,1.38889,1.44074,4.51852,1.55556,9.44444,2.55556,-8.88889,14.7778,-5.88889,9.44444,0.84169,-2.21672,2,1.0,6.0,3.0,5.0
437,112.0,90.0,9.0,0.0,0.0,7.38889,6.94556,1.27778,0.879814,65.1852,57.6667,79.7778,58.1111,-22.5556,43.7778,-21.2222,79.7778,0.278345,-2.10881,1,0.0,6.0,1.0,1.0
438,173.0,113.0,9.0,0.0,0.0,0.5,0.3,1.33333,1.06667,133.111,124.667,145.667,129.0,-25.3333,37.6667,-12.3333,145.667,0.144134,-2.30955,5,1.0,2.0,5.0,0.0
439,250.0,37.0,9.0,0.0,0.0,0.611111,0.240739,1.05555,0.951851,95.9259,80.1111,121.111,86.5556,-47.4444,75.5556,-28.1111,121.111,0.338487,-2.25844,5,4.0,2.0,5.0,3.0
440,54.0,91.0,9.0,0.0,0.0,1.44444,1.54074,0.833333,0.255556,3.25926,0.555556,8.0,1.22222,-8.11111,14.2222,-6.11111,8.0,0.944811,-2.18672,2,2.0,3.0,2.0,2.0
441,124.0,162.0,9.0,0.111111,0.0,1.38889,1.12963,2.0,0.888889,10.037,8.0,14.5556,7.55556,-6.11111,13.5556,-7.44444,14.5556,0.479931,-2.02931,1,1.0,6.0,1.0,4.0
442,244.0,108.0,9.0,0.0,0.0,6.5,5.10229,1.72222,0.827759,23.7037,20.0,30.4444,20.6667,-11.1111,20.2222,-9.11111,30.4444,0.365332,-2.15439,6,6.0,6.0,6.0,6.0
443,187.0,162.0,9.0,0.0,0.0,1.5,1.14444,11.6667,73.1111,43.2222,36.7778,53.6667,39.2222,-19.3333,31.3333,-12.0,53.6667,0.300182,-2.39168,4,4.0,4.0,5.0,6.0
444,191.0,47.0,9.0,0.0,0.0,0.444445,0.385188,1.11111,0.38519,135.741,129.0,146.333,131.889,-20.2222,31.7778,-11.5556,146.333,0.118399,-2.26255,5,0.0,3.0,5.0,5.0
445,236.0,117.0,9.0,0.0,0.0,0.777779,0.403687,1.27778,0.742868,45.8889,39.5556,58.4444,39.6667,-19.0,37.6667,-18.6667,58.4444,0.330477,-2.09948,1,5.0,4.0,3.0,5.0
446,189.0,39.0,9.0,0.0,0.0,1.05555,0.574136,0.777776,0.583728,124.185,113.889,140.333,118.333,-30.8889,48.4444,-17.5556,140.333,0.188391,-2.26811,5,5.0,0.0,5.0,3.0
447,186.0,90.0,9.0,0.0,0.0,4.44444,1.45551,0.666667,0.471405,10.037,7.55556,15.0,7.55556,-7.44444,14.8889,-7.44444,15.0,0.533928,-2.06703,6,6.0,2.0,1.0,2.0
448,86.0,140.0,9.0,0.0,0.0,5.44444,4.76873,3.05556,2.67845,9.92593,6.0,15.1111,8.66667,-11.7778,15.5556,-3.77778,15.1111,0.627944,-2.41782,2,0.0,2.0,4.0,2.0
449,58.0,217.0,9.0,0.0,0.0,1.38889,1.06284,1.66667,1.3499,11.9259,9.77778,9.0,17.0,-6.44444,-8.77778,15.2222,17.0,0.486598,2.00664,3,4.0,2.0,2.0,4.0
450,40.0,142.0,9.0,0.0,0.0,0.277778,0.136083,0.222222,0.172133,1.22222,0.111111,3.55556,0.0,-3.33333,7.0,-3.66667,3.55556,1.0,-2.05616,6,6.0,4.0,6.0,6.0
451,60.0,196.0,9.0,0.0,0.0,1.44444,1.04704,4.44444,1.99629,51.1481,45.3333,63.3333,44.7778,-17.4444,36.5556,-19.1111,63.3333,0.297689,-2.05926,4,1.0,4.0,2.0,0.0
452,121.0,154.0,9.0,0.0,0.0,0.444444,0.118519,2.61111,5.75185,1.85185,1.55556,3.0,1.0,-0.888889,3.44444,-2.55556,3.0,0.534392,-1.90593,6,4.0,2.0,6.0,0.0
453,104.0,122.0,9.0,0.0,0.0,0.444445,0.0296296,0.5,0.166667,6.40741,8.11111,7.22222,3.88889,5.11111,2.44444,-7.55556,8.11111,0.520062,-0.83212,0,0.0,6.0,0.0,4.0
454,31.0,96.0,9.0,0.0,0.0,2.33333,3.6,2.77778,6.16296,3.77778,1.0,8.0,2.33333,-8.33333,12.6667,-4.33333,8.0,0.909236,-2.26821,2,0.0,4.0,2.0,3.0
455,39.0,111.0,9.0,0.0,0.0,0.722222,0.374074,0.888889,0.429629,6.03704,7.0,7.66667,3.44444,2.88889,4.88889,-7.77778,7.88889,0.562919,-1.17577,0,0.0,1.0,5.0,5.0
456,29.0,111.0,9.0,0.0,0.0,0.388889,0.240741,0.611111,0.151852,5.40741,6.88889,6.33333,3.0,4.44444,2.77778,-7.22222,6.88889,0.564153,-0.897859,0,0.0,0.0,1.0,0.0
457,36.0,145.0,9.0,0.0,0.0,0.277778,0.196296,1.27778,2.06296,0.851852,0.333333,1.44444,0.777778,-1.55556,1.77778,-0.222222,1.44444,0.251852,-2.53095,2,2.0,1.0,5.0,3.0
458,63.0,220.0,9.0,0.0,0.0,3.05556,15.263,3.66667,6.08889,8.18519,6.55556,6.44444,11.5556,-4.88889,-5.22222,10.1111,11.5556,0.486717,2.09315,3,5.0,0.0,3.0,3.0
459,30.0,124.0,9.0,0.0,0.0,0.611111,0.107407,0.611111,0.107407,6.0,7.44444,7.22222,3.33333,4.33333,3.66667,-8.0,7.77778,0.571649,-0.987873,0,0.0,0.0,2.0,0.0
460,142.0,182.0,9.0,0.0,0.0,2.5,1.1,2.27778,3.61852,34.5185,31.5556,42.2222,29.7778,-8.88889,23.1111,-14.2222,42.2222,0.293208,-1.94304,4,4.0,4.0,1.0,6.0
461,240.0,195.0,9.0,0.0,0.0,1.88889,1.16746,1.83333,1.70945,48.8519,43.2222,60.6667,42.6667,-16.8889,35.4444,-18.5556,60.6667,0.300363,-2.06304,4,0.0,4.0,1.0,3.0
462,17.0,98.0,9.0,0.111111,0.0,0.722222,0.712325,0.666667,0.730297,1.51852,0.333333,2.88889,1.33333,-3.55556,4.11111,-0.555556,2.88889,0.916667,-2.4238,2,2.0,2.0,2.0,2.0
463,115.0,182.0,9.0,0.0,0.0,0.555556,1.04704,0.722223,1.14342,17.5926,15.4444,14.0,23.3333,-6.44444,-10.7778,17.2222,23.3333,0.399447,1.93759,3,3.0,3.0,5.0,6.0
464,118.0,167.0,9.0,0.111111,0.0,0.888889,0.518518,2.05556,0.996296,14.5926,12.8889,13.7778,17.1111,-5.11111,-2.44444,7.55556,17.1111,0.248449,2.30573,3,5.0,1.0,3.0,4.0
465,161.0,190.0,9.0,0.0,0.0,3.77778,2.09408,4.55556,3.72777,58.1111,51.6667,71.1111,51.5556,-19.3333,39.0,-19.6667,71.1111,0.285916,-2.1029,4,0.0,5.0,1.0,5.0
466,176.0,118.0,9.0,0.0,0.0,0.388889,0.151852,0.722222,0.196296,6.07407,7.66667,7.0,3.55556,4.77778,2.77778,-7.55556,7.66667,0.537698,-0.87829,0,3.0,0.0,4.0,1.0
467,147.0,182.0,9.0,0.0,0.0,2.27778,1.70511,2.94444,1.59745,43.5926,40.3333,52.5556,37.8889,-9.77778,26.8889,-17.1111,52.5556,0.278669,-1.91917,4,4.0,6.0,6.0,3.0
468,123.0,183.0,9.0,0.0,0.0,1.11111,0.651852,6.33333,36.9333,32.2593,29.4444,39.1111,28.2222,-8.44444,20.5556,-12.1111,39.1111,0.266436,-1.97077,4,4.0,6.0,5.0,4.0
469,27.0,189.0,9.0,0.0,0.0,1.0,0.311111,2.61111,2.50741,32.7778,29.0,40.6667,28.6667,-11.3333,23.6667,-12.3333,40.6667,0.297841,-2.06427,4,4.0,4.0,4.0,1.0
470,227.0,196.0,9.0,0.0,0.0,2.61111,2.36095,3.55556,1.69531,47.1852,42.1111,58.2222,41.2222,-15.2222,33.1111,-17.8889,58.2222,0.292469,-2.03949,4,1.0,4.0,1.0,1.0
471,122.0,129.0,9.0,0.0,0.0,2.27778,0.862963,19.8333,11.9445,51.0,46.8889,60.6667,45.4444,-12.3333,29.0,-16.6667,60.6667,0.248092,-1.99724,1,5.0,2.0,6.0,1.0
472,41.0,61.0,9.0,0.0,0.0,2.05556,1.57407,1.55556,1.94074,21.7407,20.3333,28.7778,16.1111,-4.22222,21.1111,-16.8889,28.7778,0.437042,-1.73729,0,0.0,2.0,3.0,6.0
473,49.0,42.0,9.0,0.0,0.0,2.61111,0.928958,1.33333,0.894428,58.8889,50.6667,74.5556,51.4444,-24.6667,47.0,-22.3333,74.5556,0.322931,-2.12574,1,1.0,6.0,1.0,1.0
474,141.0,31.0,9.0,0.0,0.0,1.44444,0.385183,1.22222,1.18518,126.815,117.111,141.222,122.111,-29.1111,43.2222,-14.1111,141.222,0.170718,-2.31077,5,0.0,5.0,3.0,5.0
475,60.0,181.0,9.0,0.111111,0.0,1.66667,1.2,2.66667,2.08889,19.6296,17.1111,17.8889,23.8889,-7.55556,-5.22222,12.7778,23.8889,0.285691,2.18914,3,6.0,3.0,2.0,4.0
476,168.0,209.0,9.0,0.0,0.0,1.33333,0.666667,0.722222,0.712326,22.5185,17.6667,20.8889,29.0,-14.5556,-4.88889,19.4444,29.0,0.390338,2.38939,3,1.0,5.0,6.0,3.0
477,225.0,244.0,9.0,0.0,0.0,3.38889,2.19511,3.0,1.52023,12.2593,10.3333,9.33333,17.1111,-5.77778,-8.77778,14.5556,17.1111,0.480149,1.9879,3,2.0,2.0,3.0,3.0
478,172.0,140.0,9.0,0.0,0.0,3.0,0.421636,0.666667,0.421637,3.22222,2.66667,5.0,2.0,-1.66667,5.33333,-3.66667,5.0,0.656085,-1.85316,6,6.0,5.0,6.0,6.0
479,18.0,204.0,9.0,0.0,0.0,2.55556,1.20493,2.77778,1.14827,57.8889,51.4444,72.0,50.2222,-19.3333,42.3333,-23.0,72.0,0.302525,-2.03854,4,0.0,5.0,4.0,4.0
480,232.0,31.0,9.0,0.0,0.0,0.555555,0.344266,0.777777,0.344266,114.963,101.889,132.556,110.444,-39.2222,52.7778,-13.5556,132.556,0.23132,-2.38488,5,4.0,0.0,5.0,1.0
481,14.0,134.0,9.0,0.0,0.0,0.388889,0.062963,0.388889,0.062963,5.2963,6.77778,6.22222,2.88889,4.44444,2.77778,-7.22222,7.0,0.587302,-0.912631,0,0.0,0.0,6.0,0.0
482,67.0,118.0,9.0,0.0,0.0,1.11111,0.385186,2.27778,4.28518,21.1111,20.2222,27.3333,15.7778,-2.66667,18.6667,-16.0,27.3333,0.416884,-1.62075,0,5.0,0.0,4.0,6.0
483,29.0,81.0,9.0,0.111111,0.0,2.61111,3.75185,2.72222,3.75185,20.4815,20.1111,26.1111,15.2222,-1.11111,16.8889,-15.7778,26.1111,0.412662,-1.56634,0,0.0,0.0,2.0,0.0
484,172.0,31.0,9.0,0.0,0.0,0.722221,0.418517,0.666664,0.71111,136.407,130.778,145.444,133.0,-16.8889,27.1111,-10.2222,145.444,0.10071,-2.2515,5,1.0,3.0,5.0,1.0
485,96.0,94.0,9.0,0.0,0.0,0.722223,0.285185,0.444445,0.42963,20.2222,16.0,28.7778,15.8889,-12.6667,25.6667,-13.0,28.7778,0.451546,-2.08489,6,1.0,4.0,2.0,6.0
486,169.0,199.0,9.0,0.0,0.0,1.27778,0.443053,1.27778,1.04172,14.5185,11.1111,14.5556,17.8889,-10.2222,0.111111,10.1111,17.8889,0.378473,2.63418,3,4.0,3.0,5.0,3.0
487,245.0,47.0,9.0,0.0,0.0,0.833331,0.122223,0.999997,0.488888,134.778,127.444,145.778,131.111,-22.0,33.0,-11.0,145.778,0.125709,-2.30244,5,1.0,5.0,5.0,0.0
488,166.0,222.0,9.0,0.0,0.0,1.55556,0.834443,1.16667,0.623609,10.4815,8.66667,6.66667,16.1111,-5.44444,-11.4444,16.8889,16.1111,0.58766,1.87049,3,4.0,3.0,5.0,3.0
489,144.0,139.0,9.0,0.0,0.0,5.5,3.94445,1.38889,0.596294,64.6667,57.8889,78.7778,57.3333,-20.3333,42.3333,-22.0,78.7778,0.27569,-2.06547,1,2.0,3.0,1.0,0.0
490,57.0,229.0,9.0,0.0,0.0,2.72222,2.05931,3.44444,1.40896,14.6296,12.0,13.5556,18.3333,-7.88889,-3.22222,11.1111,18.3333,0.347692,2.35044,3,0.0,3.0,1.0,0.0
491,79.0,104.0,9.0,0.111111,0.0,0.944445,0.374074,1.5,1.01111,65.2963,59.7778,78.0,58.1111,-16.5556,38.1111,-21.5556,78.0,0.254697,-2.00783,1,1.0,6.0,1.0,1.0
492,178.0,185.0,9.0,0.0,0.0,2.61111,1.80637,3.11111,2.2771,49.037,44.0,60.6667,42.4444,-15.1111,34.8889,-19.7778,60.6667,0.300036,-2.00619,4,0.0,4.0,4.0,4.0
493,78.0,107.0,9.0,0.0,0.0,0.833333,0.655556,1.61111,1.92963,17.1852,18.3333,20.6667,12.5556,3.44444,10.4444,-13.8889,20.7778,0.395253,-1.3125,0,1.0,6.0,0.0,1.0
494,8.0,162.0,9.0,0.111111,0.0,1.61111,2.06296,0.333333,0.133333,8.37037,6.66667,12.0,6.44444,-5.11111,10.8889,-5.77778,12.0,0.484805,-2.04495,1,1.0,3.0,1.0,6.0
495,169.0,131.0,9.0,0.0,0.0,2.38889,1.86687,9.22222,2.11521,35.7037,30.6667,45.7778,30.6667,-15.1111,30.2222,-15.1111,45.7778,0.338619,-2.08919,1,0.0,5.0,0.0,1.0
496,245.0,73.0,9.0,0.0,0.0,8.22222,6.27399,10.7222,7.6809,46.6667,32.1111,70.1111,37.7778,-43.6667,70.3333,-26.6667,70.1111,0.549032,-2.25125,2,0.0,2.0,2.0,2.0
497,215.0,123.0,9.0,0.0,0.0,0.333333,0.133333,0.666667,0.0444444,1.37037,0.0,3.77778,0.333333,-4.11111,7.22222,-3.11111,3.77778,1.0,-2.16987,2,6.0,2.0,6.0,2.0
498,4.0,96.0,9.0,0.0,0.0,2.22222,2.96296,1.55556,2.25185,3.55556,0.888889,7.77778,2.0,-8.0,12.6667,-4.66667,7.77778,0.910065,-2.24448,2,6.0,0.0,2.0,2.0
499,44.0,20.0,9.0,0.0,0.0,0.611111,0.0629633,1.44444,0.562963,113.852,102.667,132.333,106.556,-33.5556,55.4444,-21.8889,132.333,0.224139,-2.23183,5,6.0,0.0,5.0,2.0
500,33.0,131.0,9.0,0.0,0.0,0.444444,0.807373,1.0,1.09545,0.740741,0.222222,1.77778,0.222222,-1.55556,3.11111,-1.55556,1.77778,0.407407,-2.0944,2,5.0,2.0,0.0,5.0
501,112.0,102.0,9.0,0.0,0.0,0.555555,0.207407,1.55556,0.474074,3.37037,0.555556,7.66667,1.88889,-8.44444,12.8889,-4.44444,7.66667,0.940741,-2.27516,2,2.0,6.0,3.0,2.0
502,102.0,73.0,9.0,0.0,0.0,0.388889,0.0629643,1.61111,1.21852,125.519,115.444,140.556,120.556,-30.2222,45.1111,-14.8889,140.556,0.178636,-2.3074,5,4.0,4.0,5.0,5.0
503,75.0,75.0,9.0,0.0,0.0,2.83333,4.61111,2.22222,3.71852,25.963,23.3333,34.7778,19.7778,-7.88889,26.4444,-18.5556,34.7778,0.429663,-1.8356,0,1.0,0.0,1.0,3.0
504,231.0,91.0,9.0,0.0,0.0,0.5,0.278887,0.555555,0.172133,6.0,4.55556,9.77778,3.66667,-4.33333,11.3333,-7.0,9.77778,0.620651,-1.93491,6,6.0,6.0,5.0,6.0
505,22.0,133.0,9.0,0.0,0.0,0.0,0.0,0.0,0.0,0.0,0.0,0.0,0.0,0.0,0.0,0.0,0.0,0.0,0.0,2,3.0,6.0,0.0,2.0
506,11.0,200.0,9.0,0.0,0.0,3.16667,3.03132,3.94444,2.48029,53.5556,46.4444,67.3333,46.8889,-21.3333,41.3333,-20.0,67.3333,0.313032,-2.11673,4,6.0,4.0,1.0,6.0
507,121.0,107.0,9.0,0.0,0.0,1.55556,0.874075,13.1667,5.5889,54.0,49.4444,64.4444,48.1111,-13.6667,31.3333,-17.6667,64.4444,0.252669,-2.00361,1,4.0,5.0,2.0,2.0
508,77.0,185.0,9.0,0.0,0.0,2.94444,7.66296,6.22222,32.1185,32.5556,29.2222,39.6667,28.7778,-10.0,21.3333,-11.3333,39.6667,0.27036,-2.08527,4,4.0,1.0,4.0,0.0
509,205.0,190.0,9.0,0.0,0.0,1.27778,0.998145,1.61111,1.12382,49.4815,44.7778,60.6667,43.0,-14.1111,33.5556,-19.4444,60.6667,0.290788,-1.9876,4,3.0,0.0,2.0,5.0
510,223.0,141.0,9.0,0.111111,0.0,2.11111,1.80741,0.777778,0.162963,9.85185,6.0,16.5556,7.0,-11.5556,20.1111,-8.55556,16.5556,0.640224,-2.19166,6,6.0,5.0,6.0,6.0
511,7.0,203.0,9.0,0.111111,0.111111,3.88889,2.85709,5.44444,2.74604,54.0,47.6667,67.6667,46.6667,-19.0,41.0,-22.0,67.6667,0.314896,-2.04001,4,6.0,4.0,6.0,1.0
512,97.0,123.0,9.0,0.0,0.0,0.388889,0.0185186,0.166667,0.0777778,1.14815,0.0,3.44444,0.0,-3.44444,6.88889,-3.44444,3.44444,1.0,-2.0944,2,5.0,2.0,0.0,2.0
513,54.0,126.0,9.0,0.0,0.0,0.666667,0.311111,0.5,0.166667,1.40741,0.0,3.66667,0.555556,-4.22222,6.77778,-2.55556,3.66667,1.0,-2.22994,2,1.0,2.0,2.0,5.0
514,189.0,144.0,9.0,0.0,0.0,0.0,0.0,0.0,0.0,0.0,0.0,0.0,0.0,0.0,0.0,0.0,0.0,0.0,0.0,6,6.0,6.0,6.0,6.0
515,199.0,120.0,9.0,0.0,0.0,3.5,4.07778,8.33333,53.9556,39.3333,35.4444,47.7778,34.7778,-11.6667,25.3333,-13.6667,47.7778,0.272752,-2.04675,1,1.0,3.0,5.0,1.0
516,163.0,131.0,9.0,0.0,0.0,0.166667,0.182574,0.277778,0.250924,1.55556,0.888889,3.66667,0.111111,-2.0,6.33333,-4.33333,3.66667,0.972222,-1.87105,6,6.0,6.0,2.0,0.0
517,146.0,125.0,9.0,0.111111,0.0,0.999997,0.444447,2.16667,1.94445,69.3333,63.2222,83.1111,61.6667,-18.3333,41.3333,-23.0,83.1111,0.257599,-2.01954,1,1.0,6.0,1.0,6.0
518,136.0,92.0,9.0,0.0,0.0,8.05555,44.7741,1.0,0.177777,15.4074,11.6667,22.6667,11.8889,-11.2222,21.7778,-10.5556,22.6667,0.53355,-2.11327,6,6.0,4.0,6.0,6.0
519,174.0,59.0,9.0,0.0,0.0,0.833335,0.349603,1.33333,0.8165,122.037,110.556,138.778,116.778,-34.4444,50.2222,-15.7778,138.778,0.203326,-2.32317,5,6.0,3.0,5.0,0.0
520,169.0,104.0,9.0,0.0,0.0,1.55556,1.77221,5.61111,2.25503,18.5185,16.0,23.3333,16.2222,-7.55556,14.4444,-6.88889,23.3333,0.314713,-2.11392,6,6.0,6.0,6.0,0.0
521,238.0,211.0,9.0,0.111111,0.0,1.05556,0.490654,1.61111,1.25462,20.5185,16.1111,19.2222,26.2222,-13.2222,-3.88889,17.1111,26.2222,0.385282,2.41635,3,5.0,2.0,3.0,2.0
522,138.0,144.0,9.0,0.0,0.0,0.888889,0.860663,0.277778,0.534027,0.666667,0.555556,1.0,0.444444,-0.333333,1.0,-0.666667,1.0,0.37037,-1.90427,6,6.0,6.0,6.0,6.0
523,149.0,77.0,9.0,0.0,0.0,2.11111,3.94074,2.44444,6.02963,24.4815,23.4444,31.5556,18.4444,-3.11111,21.2222,-18.1111,31.5556,0.415737,-1.68954,0,0.0,0.0,2.0,1.0
524,243.0,48.0,9.0,0.0,0.0,1.22222,0.207406,1.27778,1.26297,134.852,127.556,146.111,130.889,-21.8889,33.7778,-11.8889,146.111,0.126968,-2.27843,5,5.0,6.0,0.0,3.0
525,6.0,95.0,9.0,0.0,0.0,0.777778,0.607408,0.388889,0.062963,20.1852,15.5556,28.7778,16.2222,-13.8889,25.7778,-11.8889,28.7778,0.459469,-2.14619,6,5.0,6.0,6.0,6.0
526,62.0,202.0,9.0,0.0,0.0,2.55556,1.70837,1.5,1.13039,60.4815,53.6667,74.8889,52.8889,-20.4444,43.2222,-22.7778,74.8889,0.29788,-2.06061,4,6.0,0.0,0.0,5.0
527,136.0,77.0,9.0,0.222222,0.0,1.88889,1.4963,3.05556,5.61852,26.4074,24.5556,34.4444,20.2222,-5.55556,24.1111,-18.5556,34.4444,0.413217,-1.76887,0,2.0,0.0,2.0,0.0
528,187.0,180.0,9.0,0.0,0.0,4.05556,2.98453,3.33333,3.19722,62.0741,54.8889,77.5556,53.7778,-21.5556,46.4444,-24.8889,77.5556,0.306906,-2.04418,4,0.0,4.0,5.0,6.0
529,136.0,139.0,9.0,0.0,0.0,0.666667,0.177778,0.777778,0.207407,5.33333,6.55556,6.44444,3.0,3.66667,3.33333,-7.0,6.88889,0.566799,-1.00494,0,4.0,0.0,6.0,5.0
530,208.0,240.0,9.0,0.111111,0.0,1.05556,0.862963,2.44444,5.00741,14.1481,10.8889,13.0,18.5556,-9.77778,-3.44444,13.2222,18.5556,0.421621,2.39249,3,0.0,3.0,3.0,4.0
531,176.0,100.0,9.0,0.0,0.0,1.94444,0.774075,1.44444,0.651851,55.3704,50.3333,66.8889,48.8889,-15.1111,34.5556,-19.4444,66.8889,0.268621,-2.00619,1,1.0,4.0,1.0,1.0
532,17.0,110.0,9.0,0.111111,0.0,1.27778,1.26296,2.72222,2.9963,3.96296,1.44444,6.44444,4.0,-7.55556,7.44444,0.111111,6.44444,0.806658,-2.61865,2,6.0,3.0,0.0,2.0
533,8.0,226.0,9.0,0.0,0.0,2.88889,1.98513,1.11111,0.45542,18.0,14.0,15.7778,24.2222,-12.0,-6.66667,18.6667,24.2222,0.424404,2.27303,3,4.0,3.0,3.0,3.0
534,177.0,76.0,9.0,0.0,0.0,1.38889,1.35674,15.0,11.4814,29.8148,28.6667,33.4444,27.3333,-3.44444,10.8889,-7.44444,33.4444,0.200662,-1.90362,1,1.0,3.0,1.0,1.0
535,205.0,194.0,9.0,0.0,0.0,1.61111,1.20031,5.38889,3.04351,41.2963,37.1111,50.4444,36.3333,-12.5556,27.4444,-14.8889,50.4444,0.28056,-2.03757,4,4.0,4.0,1.0,0.0
536,152.0,220.0,9.0,0.0,0.0,0.944445,0.685185,1.44444,2.16296,14.6296,11.5556,13.1111,19.2222,-9.22222,-4.55556,13.7778,19.2222,0.416705,2.30688,3,0.0,3.0,5.0,3.0
537,93.0,127.0,9.0,0.0,0.0,1.11111,0.834443,1.0,0.788811,3.81481,1.33333,6.77778,3.33333,-7.44444,8.88889,-1.44444,6.77778,0.827249,-2.47456,2,5.0,6.0,6.0,0.0
538,185.0,102.0,9.0,0.0,0.0,11.0556,73.7074,0.444445,0.207407,56.7778,51.1111,69.1111,50.1111,-17.0,37.0,-20.0,69.1111,0.274353,-2.03405,1,2.0,2.0,1.0,1.0
539,77.0,185.0,9.0,0.0,0.0,2.94444,7.66296,6.22222,32.1185,32.5556,29.2222,39.6667,28.7778,-10.0,21.3333,-11.3333,39.6667,0.27036,-2.08527,4,3.0,4.0,3.0,0.0
540,52.0,196.0,9.0,0.0,0.0,1.44444,1.32777,6.77778,4.18817,46.0741,40.4444,57.1111,40.6667,-16.8889,33.1111,-16.2222,57.1111,0.294045,-2.10568,4,4.0,4.0,1.0,4.0
541,156.0,123.0,9.0,0.0,0.0,0.388889,0.151852,0.388889,0.062963,6.11111,8.0,6.77778,3.55556,5.66667,2.0,-7.66667,8.0,0.555776,-0.761648,0,0.0,1.0,0.0,1.0
542,120.0,102.0,9.0,0.0,0.0,0.777778,0.162964,0.666667,0.177779,63.4815,56.7778,77.1111,56.5556,-20.1111,40.8889,-20.7778,77.1111,0.26938,-2.08304,1,1.0,4.0,1.0,0.0
543,129.0,184.0,9.0,0.111111,0.0,2.22222,0.910841,3.61111,1.81863,45.2222,41.7778,54.4444,39.4444,-10.3333,27.6667,-17.3333,54.4444,0.275818,-1.9302,4,4.0,4.0,4.0,2.0
544,223.0,185.0,9.0,0.0,0.0,0.5,0.349603,2.38889,2.08078,12.963,11.5556,9.77778,17.5556,-4.22222,-9.55556,13.7778,17.5556,0.445418,1.83885,3,6.0,2.0,3.0,1.0
545,183.0,78.0,9.0,0.0,0.0,1.05556,0.329632,0.777779,1.27408,135.556,128.667,147.0,131.0,-20.6667,34.3333,-13.6667,147.0,0.124647,-2.22554,5,3.0,4.0,1.0,5.0
546,209.0,70.0,9.0,0.0,0.111111,2.22222,1.82168,8.77778,3.46196,36.7407,33.6667,44.4444,32.1111,-9.22222,23.1111,-13.8889,44.4444,0.273358,-1.96058,1,1.0,0.0,1.0,1.0
547,198.0,127.0,9.0,0.0,0.0,2.44444,4.38519,8.55556,59.5408,40.7407,38.0,48.2222,36.0,-8.22222,22.4444,-14.2222,48.2222,0.248999,-1.90835,1,4.0,2.0,2.0,3.0
548,26.0,90.0,9.0,0.0,0.0,0.611112,0.374076,1.27778,0.285185,113.111,105.667,128.333,105.333,-22.3333,45.6667,-23.3333,128.333,0.181789,-2.07842,5,2.0,5.0,4.0,5.0
549,8.0,199.0,9.0,0.0,0.0,1.66667,0.788811,1.38889,0.712325,15.0,13.3333,11.7778,19.8889,-5.0,-9.66667,14.6667,19.8889,0.408885,1.9053,3,6.0,3.0,3.0,3.0
550,92.0,104.0,9.0,0.0,0.0,1.72222,1.4363,1.83333,1.37841,100.519,87.2222,119.889,94.4444,-39.8889,58.1111,-18.2222,119.889,0.272403,-2.3262,5,5.0,0.0,2.0,6.0
551,217.0,245.0,9.0,0.111111,0.111111,3.16667,3.01662,2.16667,1.24276,9.74074,7.44444,7.11111,14.6667,-6.88889,-7.88889,14.7778,14.6667,0.572767,2.06945,3,1.0,0.0,1.0,2.0
552,155.0,40.0,9.0,0.0,0.0,1.88889,2.07275,0.0555555,0.136083,1.25926,1.22222,1.55556,1.0,-0.111111,0.888889,-0.777778,1.55556,0.116667,-1.5708,6,6.0,5.0,2.0,6.0
553,215.0,153.0,9.0,0.0,0.111111,19.6667,8.04447,1.11111,3.8963,8.33333,5.33333,13.4444,6.22222,-9.0,15.3333,-6.33333,13.4444,0.769577,-2.14389,6,6.0,6.0,6.0,0.0
554,116.0,125.0,9.0,0.0,0.0,2.83333,0.722649,2.05555,0.574133,60.9259,52.5556,76.4444,53.7778,-25.1111,46.5556,-21.4444,76.4444,0.317206,-2.14505,1,6.0,0.0,5.0,2.0
555,214.0,236.0,9.0,0.0,0.0,0.5,0.255556,3.77778,1.36296,16.5926,12.8889,14.6667,22.2222,-11.1111,-5.77778,16.8889,22.2222,0.419597,2.30668,3,3.0,3.0,3.0,1.0
556,2.0,95.0,9.0,0.111111,0.0,2.05556,1.34026,0.888891,0.91084,55.6296,47.4444,71.6667,47.7778,-24.5556,48.1111,-23.5556,71.6667,0.337756,-2.10786,1,2.0,4.0,4.0,5.0
557,58.0,19.0,9.0,0.0,0.0,1.61111,0.418515,1.5,1.27777,129.926,121.0,142.667,126.111,-26.7778,38.2222,-11.4444,142.667,0.151812,-2.34076,5,0.0,3.0,5.0,5.0
558,79.0,47.0,9.0,0.111111,0.0,0.666669,0.355557,1.0,1.15556,126.37,116.0,141.667,121.444,-31.1111,45.8889,-14.7778,141.667,0.181012,-2.31579,5,2.0,5.0,5.0,3.0
559,177.0,190.0,9.0,0.0,0.0,0.944445,0.82776,1.38889,0.952579,52.4074,47.3333,64.5556,45.3333,-15.2222,36.4444,-21.2222,64.5556,0.297733,-1.9859,4,3.0,3.0,5.0,6.0
